date,price,
2015-01-04,"5,967",
2015-01-05,"5,967",
2015-01-06,"5,967",
2015-01-07,"5,967",
2015-01-08,"5,967",
2015-01-11,"5,967",
2015-01-12,"6,067",
2015-01-13,"6,067",
2015-01-14,"6,067",
2015-01-15,"6,067",
2015-01-18,"6,067",
2015-01-19,"6,067",
2015-01-20,"6,067",
2015-01-21,"6,067",
2015-01-22,"6,067",
2015-01-25,"6,067",
2015-01-26,"6,067",
2015-01-27,"6,067",
2015-01-28,"6,067",
2015-01-29,"6,067",
2015-02-01,"6,067",
2015-02-02,"6,067",
2015-02-03,"6,067",
2015-02-04,"6,133",
2015-02-05,"6,133",
2015-02-08,"6,133",
2015-02-09,"6,133",
2015-02-10,"6,133",
2015-02-15,"6,133",
2015-02-16,"6,133",
2015-02-17,"6,133",
2015-02-18,"6,133",
2015-02-19,"6,133",
2015-02-22,"6,133",
2015-02-23,"6,133",
2015-02-24,"6,133",
2015-02-25,"6,133",
2015-02-26,"6,133",
2015-03-02,"6,133",
2015-03-03,"6,133",
2015-03-04,"6,400",
2015-03-05,"6,400",
2015-03-08,"6,400",
2015-03-09,"6,400",
2015-03-10,"6,400",
2015-03-11,"6,400",
2015-03-12,"6,400",
2015-03-15,"6,400",
2015-03-16,"6,400",
2015-03-17,"6,233",
2015-03-18,"6,233",
2015-03-19,"6,133",
2015-03-22,"6,067",
2015-03-23,"6,067",
2015-03-24,"6,067",
2015-03-25,"6,067",
2015-03-26,"6,000",
2015-03-29,"6,000",
2015-03-30,"6,000",
2015-03-31,"6,000",
2015-04-01,"6,000",
2015-04-02,"6,000",
2015-04-05,"6,000",
2015-04-06,"6,000",
2015-04-07,"6,000",
2015-04-08,"6,000",
2015-04-09,"6,000",
2015-04-12,"6,000",
2015-04-13,"6,000",
2015-04-14,"6,000",
2015-04-15,"6,000",
2015-04-16,"6,000",
2015-04-19,"6,000",
2015-04-20,"6,267",
2015-04-21,"6,100",
2015-04-22,"6,000",
2015-04-23,"6,000",
2015-04-26,"6,000",
2015-04-27,"6,000",
2015-04-28,"6,000",
2015-04-29,"6,000",
2015-04-30,"5,900",
2015-05-03,"5,900",
2015-05-04,"5,900",
2015-05-06,"5,900",
2015-05-07,"5,833",
2015-05-10,"5,833",
2015-05-11,"5,833",
2015-05-12,"5,833",
2015-05-13,"5,833",
2015-05-14,"5,833",
2015-05-17,"5,750",
2015-05-18,"5,750",
2015-05-20,"5,750",
2015-05-21,"5,833",
2015-05-24,"5,833",
2015-05-25,"5,833",
2015-05-26,"5,833",
2015-05-27,"5,833",
2015-05-28,"5,833",
2015-05-31,"5,833",
2015-06-01,"5,833",
2015-06-02,"5,833",
2015-06-03,"5,833",
2015-06-04,"5,833",
2015-06-07,"5,833",
2015-06-08,"5,833",
2015-06-09,"5,833",
2015-06-10,"5,833",
2015-06-11,"5,833",
2015-06-14,"5,833",
2015-06-15,"5,833",
2015-06-16,"5,833",
2015-06-17,"5,833",
2015-06-18,"5,833",
2015-06-21,"5,833",
2015-06-22,"5,833",
2015-06-23,"5,833",
2015-06-24,"5,833",
2015-06-25,"5,833",
2015-06-28,"5,833",
2015-06-29,"5,833",
2015-06-30,"5,833",
2015-07-01,6638,
2015-07-02,6638,
2015-07-03,6638,
2015-07-06,6638,
2015-07-07,6638,
2015-07-08,6638,
2015-07-09,6638,
2015-07-10,6638,
2015-07-13,6638,
2015-07-14,6638,
2015-07-15,6638,
2015-07-16,6638,
2015-07-17,6638,
2015-07-20,6638,
2015-07-21,6638,
2015-07-22,6638,
2015-07-23,6638,
2015-07-24,6638,
2015-07-27,6638,
2015-07-28,6638,
2015-07-29,6638,
2015-07-30,6638,
2015-07-31,6638,
2015-08-03,7175,
2015-08-04,7175,
2015-08-05,7175,
2015-08-06,7175,
2015-08-07,7175,
2015-08-10,7175,
2015-08-11,7175,
2015-08-12,7175,
2015-08-13,7175,
2015-08-17,7175,
2015-08-18,7175,
2015-08-19,7175,
2015-08-20,7175,
2015-08-21,7175,
2015-08-24,7175,
2015-08-25,7175,
2015-08-26,7175,
2015-08-27,7175,
2015-08-28,7175,
2015-08-31,7175,
2015-09-01,"7,333",
2015-09-02,"7,333",
2015-09-03,"7,333",
2015-09-04,"7,333",
2015-09-07,"7,333",
2015-09-08,"7,333",
2015-09-09,"7,333",
2015-09-10,"7,333",
2015-09-11,"7,333",
2015-09-14,"7,333",
2015-09-15,"7,333",
2015-09-16,"7,333",
2015-09-17,"7,333",
2015-09-18,"7,333",
2015-09-21,"7,333",
2015-09-22,"7,333",
2015-09-23,"7,500",
2015-09-24,"7,500",
2015-09-25,"7,500",
2015-09-30,"7,500",
2015-10-01,"7,500",
2015-10-02,"7,500",
2015-10-05,"7,500",
2015-10-06,"8,000",
2015-10-07,"8,167",
2015-10-08,"8,167",
2015-10-12,"8,167",
2015-10-13,"8,167",
2015-10-14,"8,167",
2015-10-15,"8,167",
2015-10-16,"8,167",
2015-10-19,"8,167",
2015-10-20,"8,167",
2015-10-21,"8,333",
2015-10-22,"8,333",
2015-10-23,"8,333",
2015-10-26,"8,333",
2015-10-27,"8,333",
2015-10-28,"8,333",
2015-10-29,"8,333",
2015-10-30,"8,333",
2015-11-02,"8,333",
2015-11-03,"8,333",
2015-11-04,"8,333",
2015-11-05,"8,267",
2015-11-06,"8,267",
2015-11-09,"8,167",
2015-11-10,"8,167",
2015-11-11,"8,167",
2015-11-12,"8,167",
2015-11-13,"8,233",
2015-11-16,"8,233",
2015-11-17,"8,233",
2015-11-18,"8,233",
2015-11-19,"8,233",
2015-11-20,"8,233",
2015-11-23,"8,233",
2015-11-24,"8,233",
2015-11-25,"8,400",
2015-11-26,"8,500",
2015-11-27,"8,500",
2015-11-30,"8,500",
2015-12-01,"8,500",
2015-12-02,"8,500",
2015-12-03,"8,500",
2015-12-07,"8,500",
2015-12-08,"8,500",
2015-12-09,"8,500",
2015-12-10,"8,500",
2015-12-11,"8,500",
2015-12-14,"8,500",
2015-12-15,"8,500",
2015-12-16,"8,500",
2015-12-17,"8,500",
2015-12-18,"8,500",
2015-12-21,"8,500",
2015-12-22,"8,500",
2015-12-23,"8,500",
2015-12-24,"8,500",
2015-12-28,"8,500",
2015-12-29,"8,500",
2015-12-30,"8,500",
2015-12-31,"8,500",
2016-01-04,"8,500",
2016-01-05,"8,500",
2016-01-06,"8,600",
2016-01-07,"8,600",
2016-01-08,"8,600",
2016-01-11,"8,600",
2016-01-12,"8,600",
2016-01-13,"8,600",
2016-01-14,"8,600",
2016-01-15,"8,600",
2016-01-18,"8,600",
2016-01-19,"8,600",
2016-01-20,"8,600",
2016-01-21,"8,600",
2016-01-22,"8,600",
2016-01-25,"8,533",
2016-01-26,"8,533",
2016-01-27,"8,533",
2016-01-28,"8,533",
2016-01-29,"8,533",
2016-02-01,"8,533",
2016-02-02,"8,533",
2016-02-03,"8,533",
2016-02-04,"8,533",
2016-02-05,"8,533",
2016-02-11,"8,533",
2016-02-12,"8,533",
2016-02-15,"8,533",
2016-02-16,"8,533",
2016-02-17,"8,633",
2016-02-18,"8,633",
2016-02-19,"8,633",
2016-02-22,"8,633",
2016-02-23,"8,633",
2016-02-24,"8,633",
2016-02-25,"8,633",
2016-02-26,"8,567",
2016-02-29,"8,567",
2016-03-02,"8,567",
2016-03-03,"8,567",
2016-03-04,"8,567",
2016-03-07,"8,567",
2016-03-08,"8,567",
2016-03-09,"8,567",
2016-03-10,"8,567",
2016-03-11,"8,567",
2016-03-14,"8,567",
2016-03-15,"8,567",
2016-03-16,"8,567",
2016-03-17,"8,567",
2016-03-18,"8,567",
2016-03-21,"8,567",
2016-03-22,"8,567",
2016-03-23,"8,567",
2016-03-24,"8,567",
2016-03-25,"8,567",
2016-03-28,"8,567",
2016-03-29,"8,567",
2016-03-30,"8,567",
2016-03-31,"8,567",
2016-04-01,"8,567",
2016-04-04,"8,567",
2016-04-05,"8,567",
2016-04-06,"8,567",
2016-04-07,"8,567",
2016-04-08,"8,567",
2016-04-11,"8,567",
2016-04-12,"8,667",
2016-04-14,"8,667",
2016-04-15,"8,667",
2016-04-18,"8,667",
2016-04-19,"8,667",
2016-04-20,"8,667",
2016-04-21,"8,667",
2016-04-22,"8,667",
2016-04-25,"8,667",
2016-04-26,"8,667",
2016-04-27,"8,833",
2016-04-28,"8,833",
2016-04-29,"8,833",
2016-05-02,"8,833",
2016-05-03,"8,833",
2016-05-04,"8,833",
2016-05-09,"8,833",
2016-05-10,"8,833",
2016-05-11,"8,833",
2016-05-12,"8,833",
2016-05-13,"8,833",
2016-05-16,"8,833",
2016-05-17,"8,833",
2016-05-18,"8,833",
2016-05-19,"8,833",
2016-05-20,"8,833",
2016-05-23,"8,833",
2016-05-24,"8,833",
2016-05-25,"8,833",
2016-05-26,"8,833",
2016-05-27,"8,833",
2016-05-30,"8,833",
2016-05-31,"8,833",
2016-06-01,10500,
2016-06-02,10500,
2016-06-03,10500,
2016-06-07,10500,
2016-06-08,10500,
2016-06-09,10500,
2016-06-10,10500,
2016-06-13,10500,
2016-06-14,10500,
2016-06-15,10500,
2016-06-16,10500,
2016-06-17,10500,
2016-06-20,10500,
2016-06-21,10500,
2016-06-22,10500,
2016-06-23,10500,
2016-06-24,10500,
2016-06-27,10500,
2016-06-28,10500,
2016-06-29,10500,
2016-06-30,10500,
2016-07-01,9513,
2016-07-04,9513,
2016-07-05,9513,
2016-07-06,9513,
2016-07-07,9513,
2016-07-08,9513,
2016-07-11,9513,
2016-07-12,9513,
2016-07-13,9513,
2016-07-14,9513,
2016-07-15,9513,
2016-07-18,9513,
2016-07-19,9513,
2016-07-20,9513,
2016-07-21,9513,
2016-07-22,9513,
2016-07-25,9513,
2016-07-26,9513,
2016-07-27,9513,
2016-07-28,9513,
2016-07-29,9513,
2016-08-01,9275,
2016-08-02,9275,
2016-08-03,9275,
2016-08-04,9275,
2016-08-05,9275,
2016-08-08,9275,
2016-08-09,9275,
2016-08-10,9275,
2016-08-11,9275,
2016-08-12,9275,
2016-08-16,9275,
2016-08-17,9275,
2016-08-18,9275,
2016-08-19,9275,
2016-08-22,9275,
2016-08-23,9275,
2016-08-24,9275,
2016-08-25,9275,
2016-08-26,9275,
2016-08-29,9275,
2016-08-30,9275,
2016-08-31,9275,
2016-09-01,"9,100",
2016-09-02,"9,100",
2016-09-05,"9,067",
2016-09-06,"9,067",
2016-09-07,"9,067",
2016-09-08,"9,067",
2016-09-09,"9,067",
2016-09-12,"9,067",
2016-09-13,"9,067",
2016-09-19,"9,067",
2016-09-20,"9,067",
2016-09-21,"9,067",
2016-09-22,"9,067",
2016-09-23,"9,067",
2016-09-26,"9,067",
2016-09-27,"9,067",
2016-09-28,"9,067",
2016-09-29,"9,067",
2016-09-30,"9,100",
2016-10-04,"9,100",
2016-10-05,"9,100",
2016-10-06,"9,100",
2016-10-07,"9,100",
2016-10-10,"9,100",
2016-10-11,"9,100",
2016-10-12,"9,100",
2016-10-13,"9,100",
2016-10-14,"9,167",
2016-10-17,"9,167",
2016-10-18,"9,267",
2016-10-19,"9,267",
2016-10-20,"9,267",
2016-10-21,"9,267",
2016-10-24,"9,267",
2016-10-25,"9,267",
2016-10-26,"9,267",
2016-10-27,"9,267",
2016-10-28,"9,267",
2016-10-31,"9,267",
2016-11-01,"9,267",
2016-11-02,"9,267",
2016-11-03,"9,267",
2016-11-04,"9,267",
2016-11-07,"9,267",
2016-11-08,"9,267",
2016-11-09,"9,267",
2016-11-10,"9,267",
2016-11-11,"9,267",
2016-11-14,"9,267",
2016-11-15,"9,267",
2016-11-16,"9,267",
2016-11-17,"9,267",
2016-11-18,"9,267",
2016-11-21,"9,267",
2016-11-22,"9,267",
2016-11-23,"9,267",
2016-11-24,"9,267",
2016-11-25,"9,267",
2016-11-28,"9,267",
2016-11-29,"9,267",
2016-11-30,"9,267",
2016-12-01,"9,267",
2016-12-05,"9,267",
2016-12-06,"9,267",
2016-12-07,"9,267",
2016-12-08,"9,267",
2016-12-09,"9,267",
2016-12-12,"9,267",
2016-12-13,"9,267",
2016-12-14,"9,267",
2016-12-15,"9,267",
2016-12-16,"9,267",
2016-12-19,"9,267",
2016-12-20,"9,267",
2016-12-21,"9,267",
2016-12-22,"9,267",
2016-12-23,"9,267",
2016-12-26,"9,267",
2016-12-27,"9,267",
2016-12-28,"9,267",
2016-12-29,"9,267",
2016-12-30,"9,267",
2017-01-02,"9,267",
2017-01-03,"9,267",
2017-01-04,"9,267",
2017-01-05,"9,267",
2017-01-06,"9,267",
2017-01-09,"9,267",
2017-01-10,"9,267",
2017-01-11,"9,267",
2017-01-12,"9,267",
2017-01-13,"9,267",
2017-01-16,"9,267",
2017-01-17,"9,267",
2017-01-18,"9,267",
2017-01-19,"9,267",
2017-01-20,"9,267",
2017-01-23,"9,267",
2017-01-24,"9,267",
2017-01-25,"9,267",
2017-01-26,"9,267",
2017-01-31,"9,267",
2017-02-01,"9,267",
2017-02-02,"9,267",
2017-02-03,"9,267",
2017-02-06,"9,267",
2017-02-07,"9,267",
2017-02-08,"9,267",
2017-02-09,"9,267",
2017-02-10,"9,267",
2017-02-13,"9,267",
2017-02-14,"9,267",
2017-02-15,"9,267",
2017-02-16,"9,267",
2017-02-17,"9,267",
2017-02-20,"9,267",
2017-02-21,"9,267",
2017-02-22,"9,267",
2017-02-23,"9,267",
2017-02-24,"9,267",
2017-02-27,"9,267",
2017-02-28,"9,267",
2017-03-02,"9,167",
2017-03-03,"9,167",
2017-03-06,"9,167",
2017-03-07,"9,167",
2017-03-08,"9,167",
2017-03-09,"9,167",
2017-03-10,"9,167",
2017-03-13,"9,167",
2017-03-14,"9,167",
2017-03-15,"9,167",
2017-03-16,"9,167",
2017-03-17,"9,167",
2017-03-20,"9,167",
2017-03-21,"9,167",
2017-03-22,"9,167",
2017-03-23,"9,167",
2017-03-24,"9,167",
2017-03-27,"9,167",
2017-03-28,"9,167",
2017-03-29,"9,000",
2017-03-30,"9,000",
2017-03-31,"9,000",
2017-04-03,"8,833",
2017-04-04,"8,833",
2017-04-05,"8,833",
2017-04-06,"8,833",
2017-04-07,"8,667",
2017-04-10,"8,367",
2017-04-11,"8,100",
2017-04-12,"7,467",
2017-04-13,"7,333",
2017-04-14,"7,333",
2017-04-17,"7,333",
2017-04-18,"7,333",
2017-04-19,"7,333",
2017-04-20,"7,333",
2017-04-21,"7,333",
2017-04-24,"7,333",
2017-04-25,"7,333",
2017-04-26,"7,333",
2017-04-27,"7,333",
2017-04-28,"7,000",
2017-05-02,"7,000",
2017-05-04,"7,000",
2017-05-08,"7,000",
2017-05-10,"7,000",
2017-05-11,"7,000",
2017-05-12,"7,000",
2017-05-15,"6,500",
2017-05-16,"6,500",
2017-05-17,"6,500",
2017-05-18,"6,500",
2017-05-19,"6,500",
2017-05-22,"6,500",
2017-05-23,"6,500",
2017-05-24,"6,500",
2017-05-25,"6,500",
2017-05-26,"6,500",
2017-05-29,"6,400",
2017-05-30,"6,400",
2017-05-31,"6,400",
2017-06-01,"6,400",
2017-06-02,"6,400",
2017-06-05,"6,400",
2017-06-07,"6,400",
2017-06-08,"6,400",
2017-06-09,"6,400",
2017-06-12,"6,400",
2017-06-13,"6,400",
2017-06-14,"6,400",
2017-06-15,"6,400",
2017-06-16,"6,400",
2017-06-19,"6,400",
2017-06-20,"6,400",
2017-06-21,"6,400",
2017-06-22,"6,400",
2017-06-23,"6,400",
2017-06-26,"6,400",
2017-06-27,"6,400",
2017-06-28,"6,400",
2017-06-29,"6,400",
2017-06-30,"6,400",
2017-07-03,6710,
2017-07-04,6710,
2017-07-05,6710,
2017-07-06,6710,
2017-07-07,6710,
2017-07-10,6710,
2017-07-11,6710,
2017-07-12,6710,
2017-07-13,6710,
2017-07-14,6710,
2017-07-17,6710,
2017-07-18,6710,
2017-07-19,6710,
2017-07-20,6710,
2017-07-21,6710,
2017-07-24,6710,
2017-07-25,6710,
2017-07-26,6710,
2017-07-27,6710,
2017-07-28,6710,
2017-07-31,6710,
2017-08-01,7020,
2017-08-02,7020,
2017-08-03,7020,
2017-08-04,7020,
2017-08-07,7020,
2017-08-08,7020,
2017-08-09,7020,
2017-08-10,7020,
2017-08-11,7020,
2017-08-14,7020,
2017-08-16,7020,
2017-08-17,7020,
2017-08-18,7020,
2017-08-21,7020,
2017-08-22,7020,
2017-08-23,7020,
2017-08-24,7020,
2017-08-25,7020,
2017-08-28,7020,
2017-08-29,7020,
2017-08-30,7020,
2017-08-31,7020,
2017-09-01,7330,
2017-09-04,7330,
2017-09-05,7330,
2017-09-06,7330,
2017-09-07,7330,
2017-09-08,7330,
2017-09-11,7330,
2017-09-12,7330,
2017-09-13,7330,
2017-09-14,7330,
2017-09-15,7330,
2017-09-18,7330,
2017-09-19,7330,
2017-09-20,7330,
2017-09-21,7330,
2017-09-22,7330,
2017-09-25,7330,
2017-09-26,7330,
2017-09-27,7330,
2017-09-28,7330,
2017-09-29,7330,
2017-10-10,"7,325",
2017-10-11,"7,325",
2017-10-12,"7,325",
2017-10-13,"7,325",
2017-10-16,"7,325",
2017-10-17,"7,325",
2017-10-18,"7,325",
2017-10-19,"7,325",
2017-10-20,"7,325",
2017-10-23,"7,350",
2017-10-24,"7,350",
2017-10-25,"7,350",
2017-10-26,"7,350",
2017-10-27,"7,350",
2017-10-30,"7,350",
2017-10-31,"7,350",
2017-11-01,"7,350",
2017-11-02,"7,425",
2017-11-03,"7,475",
2017-11-06,"7,475",
2017-11-07,"7,475",
2017-11-08,"7,475",
2017-11-09,"7,475",
2017-11-10,"7,475",
2017-11-13,"7,475",
2017-11-14,"7,475",
2017-11-15,"7,475",
2017-11-16,"7,475",
2017-11-17,"7,475",
2017-11-20,"7,475",
2017-11-21,"7,475",
2017-11-22,"7,475",
2017-11-23,"7,475",
2017-11-24,"7,475",
2017-11-27,"7,475",
2017-11-28,"7,475",
2017-11-29,"7,475",
2017-11-30,"7,475",
2017-12-04,"7,475",
2017-12-05,"7,475",
2017-12-06,"7,475",
2017-12-07,"7,475",
2017-12-08,"7,475",
2017-12-11,"7,475",
2017-12-12,"7,475",
2017-12-13,"7,475",
2017-12-14,"7,475",
2017-12-15,"7,475",
2017-12-18,"7,475",
2017-12-19,"7,475",
2017-12-20,"7,475",
2017-12-21,"7,475",
2017-12-22,"7,475",
2017-12-26,"7,475",
2017-12-27,"7,475",
2017-12-28,"7,475",
2017-12-29,"7,475",
2018-01-02,"7,475",
2018-01-03,"7,475",
2018-01-04,"7,475",
2018-01-05,"7,475",
2018-01-08,"7,475",
2018-01-09,"7,475",
2018-01-10,"7,475",
2018-01-11,"7,475",
2018-01-12,"7,475",
2018-01-15,"7,475",
2018-01-16,"7,475",
2018-01-17,"7,475",
2018-01-18,"7,475",
2018-01-19,"7,475",
2018-01-22,"7,475",
2018-01-23,"7,475",
2018-01-24,"7,475",
2018-01-25,"7,475",
2018-01-26,"7,475",
2018-01-29,"7,475",
2018-01-30,"7,475",
2018-01-31,"7,475",
2018-02-01,"7,475",
2018-02-02,"7,475",
2018-02-05,"7,475",
2018-02-06,"7,475",
2018-02-07,"7,475",
2018-02-08,"7,475",
2018-02-09,"7,475",
2018-02-12,"7,475",
2018-02-13,"7,475",
2018-02-14,"7,475",
2018-02-19,"7,475",
2018-02-20,"7,475",
2018-02-21,"7,475",
2018-02-22,"7,475",
2018-02-23,"7,475",
2018-02-26,"7,475",
2018-02-27,"7,475",
2018-02-28,"7,475",
2018-03-02,"7,475",
2018-03-05,"7,475",
2018-03-06,"7,475",
2018-03-07,"7,475",
2018-03-08,"7,475",
2018-03-09,"7,475",
2018-03-12,"7,475",
2018-03-13,"7,475",
2018-03-14,"7,475",
2018-03-15,"7,475",
2018-03-16,"7,475",
2018-03-19,"7,475",
2018-03-20,"7,475",
2018-03-21,"7,475",
2018-03-22,"7,475",
2018-03-23,"7,475",
2018-03-26,"7,475",
2018-03-27,"7,475",
2018-03-28,"7,475",
2018-03-29,"7,475",
2018-03-30,"7,425",
2018-04-02,"7,425",
2018-04-03,"7,425",
2018-04-04,"7,425",
2018-04-05,"7,425",
2018-04-06,"7,425",
2018-04-09,"7,425",
2018-04-10,"7,425",
2018-04-11,"7,425",
2018-04-12,"7,425",
2018-04-13,"7,425",
2018-04-16,"7,425",
2018-04-17,"7,425",
2018-04-18,"7,425",
2018-04-19,"7,425",
2018-04-20,"7,425",
2018-04-23,"7,425",
2018-04-24,"7,425",
2018-04-25,"7,350",
2018-04-26,"7,350",
2018-04-27,"7,350",
2018-04-30,"7,300",
2018-05-02,"7,300",
2018-05-03,"7,300",
2018-05-04,"7,300",
2018-05-08,"7,300",
2018-05-09,"7,300",
2018-05-10,"7,300",
2018-05-11,"7,300",
2018-05-14,"7,300",
2018-05-15,"7,300",
2018-05-16,"7,300",
2018-05-17,"7,300",
2018-05-18,"7,250",
2018-05-21,"7,250",
2018-05-23,"7,250",
2018-05-24,"7,250",
2018-05-25,"7,250",
2018-05-28,"7,250",
2018-05-29,"7,250",
2018-05-30,"7,250",
2018-05-31,"7,250",
2018-06-01,7506,
2018-06-04,7506,
2018-06-05,7506,
2018-06-07,7506,
2018-06-08,7506,
2018-06-11,7506,
2018-06-12,7506,
2018-06-14,7506,
2018-06-15,7506,
2018-06-18,7506,
2018-06-19,7506,
2018-06-20,7506,
2018-06-21,7506,
2018-06-22,7506,
2018-06-25,7506,
2018-06-26,7506,
2018-06-27,7506,
2018-06-28,7506,
2018-06-29,7506,
2018-07-02,7734,
2018-07-03,7734,
2018-07-04,7734,
2018-07-05,7734,
2018-07-06,7734,
2018-07-09,7734,
2018-07-10,7734,
2018-07-11,7734,
2018-07-12,7734,
2018-07-13,7734,
2018-07-16,7734,
2018-07-17,7734,
2018-07-18,7734,
2018-07-19,7734,
2018-07-20,7734,
2018-07-23,7734,
2018-07-24,7734,
2018-07-25,7734,
2018-07-26,7734,
2018-07-27,7734,
2018-07-30,7734,
2018-07-31,7734,
2018-08-01,7962,
2018-08-02,7962,
2018-08-03,7962,
2018-08-06,7962,
2018-08-07,7962,
2018-08-08,7962,
2018-08-09,7962,
2018-08-10,7962,
2018-08-13,7962,
2018-08-14,7962,
2018-08-16,7962,
2018-08-17,7962,
2018-08-20,7962,
2018-08-21,7962,
2018-08-22,7962,
2018-08-23,7962,
2018-08-24,7962,
2018-08-27,7962,
2018-08-28,7962,
2018-08-29,7962,
2018-08-30,7962,
2018-08-31,7962,
2018-09-03,8190,
2018-09-04,8190,
2018-09-05,8190,
2018-09-06,8190,
2018-09-07,8190,
2018-09-10,8190,
2018-09-11,8190,
2018-09-12,8190,
2018-09-13,8190,
2018-09-14,8190,
2018-09-17,8190,
2018-09-18,8190,
2018-09-19,8190,
2018-09-20,8190,
2018-09-21,8190,
2018-09-27,8190,
2018-09-28,8190,
2018-10-01,8190,
2018-10-02,8190,
2018-10-04,8190,
2018-10-05,8190,
2018-10-08,8190,
2018-10-10,8190,
2018-10-11,8190,
2018-10-12,8190,
2018-10-15,8190,
2018-10-16,8190,
2018-10-17,8190,
2018-10-18,8190,
2018-10-19,"8,333",
2018-10-22,"8,208",
2018-10-23,"8,158",
2018-10-24,"8,158",
2018-10-25,"8,158",
2018-10-26,"8,175",
2018-10-29,"8,175",
2018-10-30,"8,175",
2018-10-31,"8,175",
2018-11-01,"8,175",
2018-11-02,"8,175",
2018-11-05,"8,190",
2018-11-06,"8,190",
2018-11-07,"8,190",
2018-11-08,"8,190",
2018-11-09,"8,190",
2018-11-12,"8,190",
2018-11-13,"8,190",
2018-11-14,"8,190",
2018-11-15,"8,190",
2018-11-16,"8,565",
2018-11-19,"8,565",
2018-11-20,"8,565",
2018-11-21,"8,565",
2018-11-22,"8,565",
2018-11-23,"8,815",
2018-11-26,"8,858",
2018-11-27,"9,183",
2018-11-28,"9,183",
2018-11-29,"9,183",
2018-11-30,"9,183",
2018-12-03,"9,200",
2018-12-04,"9,200",
2018-12-05,"9,225",
2018-12-06,"9,225",
2018-12-10,"9,225",
2018-12-11,"9,225",
2018-12-12,"9,225",
2018-12-13,"9,225",
2018-12-14,"9,250",
2018-12-17,"9,250",
2018-12-18,"9,250",
2018-12-19,"9,250",
2018-12-20,"9,250",
2018-12-21,"9,250",
2018-12-24,"9,250",
2018-12-26,"9,250",
2018-12-27,"9,250",
2018-12-28,"9,250",
2018-12-31,9250,
2019-01-02,"9,250",
2019-01-03,"9,250",
2019-01-04,"9,250",
2019-01-07,"9,250",
2019-01-08,"9,750",
2019-01-09,"9,825",
2019-01-10,"9,825",
2019-01-11,"9,865",
2019-01-14,"9,865",
2019-01-15,"9,875",
2019-01-16,"9,875",
2019-01-17,"9,875",
2019-01-18,"9,875",
2019-01-21,"9,875",
2019-01-22,"9,875",
2019-01-23,"9,875",
2019-01-24,"9,875",
2019-01-25,"9,875",
2019-01-28,"9,875",
2019-01-29,"9,875",
2019-01-30,"9,875",
2019-01-31,"9,875",
2019-02-01,"9,875",
2019-02-07,"9,875",
2019-02-08,"9,875",
2019-02-11,"9,875",
2019-02-12,"9,875",
2019-02-13,"9,875",
2019-02-14,"9,875",
2019-02-15,"9,875",
2019-02-18,"9,875",
2019-02-19,"9,875",
2019-02-20,"9,890",
2019-02-21,"9,640",
2019-02-22,"9,640",
2019-02-25,"9,640",
2019-02-26,"9,640",
2019-02-27,"9,640",
2019-02-28,"9,640",
2019-03-04,"9,640",
2019-03-05,"9,640",
2019-03-06,"9,640",
2019-03-07,"9,640",
2019-03-08,"9,640",
2019-03-11,"9,640",
2019-03-12,"9,640",
2019-03-13,"9,640",
2019-03-14,"9,640",
2019-03-15,"9,640",
2019-03-18,"9,640",
2019-03-19,"9,640",
2019-03-20,"9,640",
2019-03-21,"9,640",
2019-03-22,"9,640",
2019-03-25,"9,640",
2019-03-26,"9,640",
2019-03-27,"9,640",
2019-03-28,"9,640",
2019-03-29,"9,640",
2019-04-01,"9,640",
2019-04-02,"9,640",
2019-04-03,"9,640",
2019-04-04,"9,640",
2019-04-05,"9,640",
2019-04-08,"9,640",
2019-04-09,"9,640",
2019-04-10,"9,640",
2019-04-11,"9,640",
2019-04-12,"9,640",
2019-04-15,"9,640",
2019-04-16,"9,640",
2019-04-17,"9,640",
2019-04-18,"9,640",
2019-04-19,"9,640",
2019-04-22,"9,640",
2019-04-23,"9,640",
2019-04-24,"9,640",
2019-04-25,"9,640",
2019-04-26,"9,640",
2019-04-29,"9,640",
2019-04-30,"9,640",
2019-05-02,"9,640",
2019-05-03,"9,640",
2019-05-07,"9,640",
2019-05-08,"9,640",
2019-05-09,"9,640",
2019-05-10,"9,640",
2019-05-13,"9,640",
2019-05-14,"9,640",
2019-05-15,"9,640",
2019-05-16,"9,640",
2019-05-17,"9,640",
2019-05-20,"9,640",
2019-05-21,"9,640",
2019-05-22,"9,640",
2019-05-23,"9,640",
2019-05-24,"9,640",
2019-05-27,"9,640",
2019-05-28,"9,640",
2019-05-29,"9,640",
2019-05-30,"9,640",
2019-05-31,"9,640",
2019-06-03,8638,
2019-06-04,8638,
2019-06-05,8638,
2019-06-07,8638,
2019-06-10,8638,
2019-06-11,8638,
2019-06-12,8638,
2019-06-13,8638,
2019-06-14,8638,
2019-06-17,8638,
2019-06-18,8638,
2019-06-19,8638,
2019-06-20,8638,
2019-06-21,8638,
2019-06-24,8638,
2019-06-25,8638,
2019-06-26,8638,
2019-06-27,8638,
2019-06-28,8638,
2019-07-01,7636,
2019-07-02,7636,
2019-07-03,7636,
2019-07-04,7636,
2019-07-05,7636,
2019-07-08,7636,
2019-07-09,7636,
2019-07-10,7636,
2019-07-11,7636,
2019-07-12,7636,
2019-07-15,7636,
2019-07-16,7636,
2019-07-17,7636,
2019-07-18,7636,
2019-07-19,7636,
2019-07-22,7636,
2019-07-23,7636,
2019-07-24,7636,
2019-07-25,7636,
2019-07-26,7636,
2019-07-29,7636,
2019-07-30,7636,
2019-07-31,7636,
2019-08-01,6636,
2019-08-02,6636,
2019-08-05,6636,
2019-08-06,6636,
2019-08-07,6636,
2019-08-08,6636,
2019-08-09,6636,
2019-08-12,6636,
2019-08-13,6636,
2019-08-14,6636,
2019-08-16,6636,
2019-08-19,6636,
2019-08-20,6636,
2019-08-21,6636,
2019-08-22,6636,
2019-08-23,6636,
2019-08-26,6636,
2019-08-27,6636,
2019-08-28,6636,
2019-08-29,6636,
2019-08-30,6636,
2019-09-02,"5,750",
2019-09-03,"5,625",
2019-09-04,"5,625",
2019-09-05,"5,625",
2019-09-06,"5,625",
2019-09-09,"5,625",
2019-09-10,"5,625",
2019-09-11,"5,625",
2019-09-16,"5,625",
2019-09-17,"5,625",
2019-09-18,"5,625",
2019-09-19,"5,625",
2019-09-20,"5,625",
2019-09-23,"5,625",
2019-09-24,"5,625",
2019-09-25,"5,625",
2019-09-26,"5,625",
2019-09-27,"5,625",
2019-09-30,"5,625",
2019-10-01,"5,625",
2019-10-02,"5,625",
2019-10-04,"5,625",
2019-10-07,"5,625",
2019-10-08,"5,625",
2019-10-10,"5,625",
2019-10-11,"5,625",
2019-10-14,"5,625",
2019-10-15,"5,625",
2019-10-16,"5,625",
2019-10-17,"5,625",
2019-10-18,"5,625",
2019-10-21,"5,625",
2019-10-22,"5,625",
2019-10-23,"5,625",
2019-10-24,"5,625",
2019-10-25,"5,625",
2019-10-28,"5,625",
2019-10-29,"5,625",
2019-10-30,"5,625",
2019-10-31,"5,625",
2019-11-01,"5,625",
2019-11-04,"5,625",
2019-11-05,"5,625",
2019-11-06,"5,625",
2019-11-07,"5,625",
2019-11-08,"5,625",
2019-11-11,"5,625",
2019-11-12,"5,625",
2019-11-13,"5,625",
2019-11-14,"5,625",
2019-11-15,"5,625",
2019-11-18,"5,625",
2019-11-19,"5,625",
2019-11-20,"5,625",
2019-11-21,"5,625",
2019-11-22,"5,625",
2019-11-25,"5,500",
2019-11-26,"5,500",
2019-11-27,"5,500",
2019-11-28,"5,500",
2019-11-29,"5,500",
2019-12-02,"5,500",
2019-12-03,"5,500",
2019-12-04,"5,500",
2019-12-05,"5,500",
2019-12-09,"5,500",
2019-12-10,"5,500",
2019-12-11,"5,500",
2019-12-12,"5,500",
2019-12-13,"5,500",
2019-12-16,"5,500",
2019-12-17,"5,500",
2019-12-18,"5,500",
2019-12-19,"5,500",
2019-12-20,"5,500",
2019-12-23,"5,500",
2019-12-24,"5,500",
2019-12-26,"5,500",
2019-12-27,"5,500",
2019-12-30,"5,500",
2019-12-31,"5,500",
2020-01-02,"5,500",
2020-01-03,"5,500",
2020-01-06,"5,500",
2020-01-07,"5,500",
2020-01-08,"5,500",
2020-01-09,"5,500",
2020-01-10,"5,500",
2020-01-13,"5,500",
2020-01-14,"5,500",
2020-01-15,"5,500",
2020-01-16,"5,500",
2020-01-17,"5,500",
2020-01-20,"5,500",
2020-01-21,"5,500",
2020-01-22,"5,500",
2020-01-23,"5,500",
2020-01-28,"5,500",
2020-01-29,"5,500",
2020-01-30,"5,500",
2020-01-31,"5,500",
2020-02-03,"5,500",
2020-02-04,"5,500",
2020-02-05,"5,500",
2020-02-06,"5,500",
2020-02-07,"5,500",
2020-02-10,"5,500",
2020-02-11,"5,500",
2020-02-12,"5,500",
2020-02-13,"5,500",
2020-02-14,"5,500",
2020-02-17,"5,500",
2020-02-18,"5,500",
2020-02-19,"5,500",
2020-02-20,"5,500",
2020-02-21,"5,500",
2020-02-24,"5,500",
2020-02-25,"5,500",
2020-02-26,"5,500",
2020-02-27,"5,500",
2020-02-28,"5,500",
2020-03-02,"5,500",
2020-03-03,"5,500",
2020-03-04,"5,500",
2020-03-05,"5,500",
2020-03-06,"5,500",
2020-03-09,"5,500",
2020-03-10,"5,500",
2020-03-11,"5,500",
2020-03-12,"5,300",
2020-03-13,"5,300",
2020-03-16,"5,300",
2020-03-17,"5,300",
2020-03-18,"5,300",
2020-03-19,"5,300",
2020-03-20,"5,300",
2020-03-23,"5,300",
2020-03-24,"5,300",
2020-03-25,"5,300",
2020-03-26,"5,300",
2020-03-27,"5,300",
2020-03-30,"5,300",
2020-03-31,"5,300",
2020-04-01,"5,300",
2020-04-02,"5,300",
2020-04-03,"5,300",
2020-04-06,"5,300",
2020-04-07,"5,300",
2020-04-08,"5,300",
2020-04-09,"5,300",
2020-04-10,"5,300",
2020-04-13,"5,300",
2020-04-14,"5,300",
2020-04-16,"5,300",
2020-04-17,"5,300",
2020-04-20,"5,300",
2020-04-21,"5,300",
2020-04-22,"5,300",
2020-04-23,"5,300",
2020-04-24,"5,300",
2020-04-27,"5,300",
2020-04-28,"5,200",
2020-04-29,"5,200",
2020-05-04,"5,200",
2020-05-06,"5,200",
2020-05-07,"5,200",
2020-05-08,"5,200",
2020-05-11,"5,200",
2020-05-12,"5,200",
2020-05-13,"5,200",
2020-05-14,"5,200",
2020-05-15,"5,200",
2020-05-18,"5,200",
2020-05-19,"5,200",
2020-05-20,"5,200",
2020-05-21,"5,200",
2020-05-22,"5,200",
2020-05-25,"5,200",
2020-05-26,"5,200",
2020-05-27,"5,200",
2020-05-28,"5,200",
2020-05-29,"5,200",
2020-06-01,"5,200",
2020-06-02,"5,200",
2020-06-03,"5,200",
2020-06-04,"5,200",
2020-06-05,"5,200",
2020-06-08,"5,200",
2020-06-09,"5,200",
2020-06-10,"5,200",
2020-06-11,"5,200",
2020-06-12,"5,200",
2020-06-15,"5,200",
2020-06-16,"5,200",
2020-06-17,"5,200",
2020-06-18,"5,200",
2020-06-19,"5,200",
2020-06-22,"5,200",
2020-06-23,"5,200",
2020-06-24,"5,200",
2020-06-25,"5,200",
2020-06-26,"5,200",
2020-06-29,"5,200",
2020-06-30,"5,200",
2020-07-01,6492,
2020-07-02,6492,
2020-07-03,6492,
2020-07-06,6492,
2020-07-07,6492,
2020-07-08,6492,
2020-07-09,6492,
2020-07-10,6492,
2020-07-13,6492,
2020-07-14,6492,
2020-07-15,6492,
2020-07-16,6492,
2020-07-17,6492,
2020-07-20,6492,
2020-07-21,6492,
2020-07-22,6492,
2020-07-23,6492,
2020-07-24,6492,
2020-07-27,6492,
2020-07-28,6492,
2020-07-29,6492,
2020-07-30,6492,
2020-07-31,6492,
2020-08-03,7787,
2020-08-04,7787,
2020-08-05,7787,
2020-08-06,7787,
2020-08-07,7787,
2020-08-10,7787,
2020-08-11,7787,
2020-08-12,7787,
2020-08-13,7787,
2020-08-14,7787,
2020-08-18,7787,
2020-08-19,7787,
2020-08-20,7787,
2020-08-21,7787,
2020-08-24,7787,
2020-08-25,7787,
2020-08-26,7787,
2020-08-27,7787,
2020-08-28,7787,
2020-08-31,7787,
2020-09-01,"7,805",
2020-09-02,"7,805",
2020-09-03,"7,805",
2020-09-04,"7,805",
2020-09-07,"7,805",
2020-09-08,"7,805",
2020-09-09,"7,805",
2020-09-10,"7,805",
2020-09-11,"7,805",
2020-09-14,"7,805",
2020-09-15,"7,805",
2020-09-16,"7,805",
2020-09-17,"7,805",
2020-09-18,"7,805",
2020-09-21,"7,855",
2020-09-22,"7,855",
2020-09-23,"7,855",
2020-09-24,"7,855",
2020-09-25,"7,855",
2020-09-28,"7,855",
2020-09-29,"7,855",
2020-10-05,"7,855",
2020-10-06,"7,684",
2020-10-07,"7,684",
2020-10-08,"7,684",
2020-10-12,"7,684",
2020-10-13,"7,684",
2020-10-14,"7,684",
2020-10-15,"7,684",
2020-10-16,"7,684",
2020-10-19,"7,684",
2020-10-20,"7,684",
2020-10-21,"7,684",
2020-10-22,"7,684",
2020-10-23,"7,684",
2020-10-26,"7,684",
2020-10-27,"7,436",
2020-10-28,"7,436",
2020-10-29,"7,476",
2020-10-30,"7,476",
2020-11-02,"7,676",
2020-11-03,"7,676",
2020-11-04,"7,676",
2020-11-05,"7,676",
2020-11-06,"7,676",
2020-11-09,"7,676",
2020-11-10,"7,676",
2020-11-11,"7,676",
2020-11-12,"7,676",
2020-11-13,"7,676",
2020-11-16,"7,676",
2020-11-17,"7,676",
2020-11-18,"7,676",
2020-11-19,"7,676",
2020-11-20,"7,676",
2020-11-23,"7,676",
2020-11-24,"7,676",
2020-11-25,"7,676",
2020-11-26,"7,676",
2020-11-27,"7,676",
2020-11-30,"7,676",
2020-12-01,"7,676",
2020-12-02,"7,676",
2020-12-03,"7,676",
2020-12-07,"7,676",
2020-12-08,"7,676",
2020-12-09,"7,676",
2020-12-10,"7,676",
2020-12-11,"7,676",
2020-12-14,"7,676",
2020-12-15,"7,676",
2020-12-16,"7,676",
2020-12-17,"7,676",
2020-12-18,"7,636",
2020-12-21,"7,636",
2020-12-22,"7,636",
2020-12-23,"7,636",
2020-12-24,"7,636",
2020-12-28,"7,636",
2020-12-29,"7,636",
2020-12-30,"7,636",
2020-12-31,"7,636",
2021-01-04,"7,636",
2021-01-05,"7,636",
2021-01-06,"7,636",
2021-01-07,"7,636",
2021-01-08,"7,636",
2021-01-11,"7,636",
2021-01-12,"7,636",
2021-01-13,"7,636",
2021-01-14,"7,636",
2021-01-15,"7,636",
2021-01-18,"7,636",
2021-01-19,"7,636",
2021-01-20,"7,636",
2021-01-21,"7,636",
2021-01-22,"7,636",
2021-01-25,"7,636",
2021-01-26,"7,636",
2021-01-27,"7,636",
2021-01-28,"7,636",
2021-01-29,"7,636",
2021-02-01,"7,636",
2021-02-02,"7,636",
2021-02-03,"7,636",
2021-02-04,"7,636",
2021-02-05,"7,636",
2021-02-08,"7,636",
2021-02-09,"7,636",
2021-02-10,"7,636",
2021-02-15,"7,636",
2021-02-16,"7,636",
2021-02-17,"7,636",
2021-02-18,"7,636",
2021-02-19,"7,636",
2021-02-22,"7,636",
2021-02-23,"7,636",
2021-02-24,"7,636",
2021-02-25,"7,636",
2021-02-26,"7,636",
2021-03-02,"7,636",
2021-03-03,"7,636",
2021-03-04,"7,636",
2021-03-05,"7,636",
2021-03-08,"7,636",
2021-03-09,"7,636",
2021-03-10,"7,636",
2021-03-11,"7,636",
2021-03-12,"7,636",
2021-03-15,"7,636",
2021-03-16,"7,770",
2021-03-17,"7,770",
2021-03-18,"7,770",
2021-03-19,"7,770",
2021-03-22,"7,770",
2021-03-23,"7,770",
2021-03-24,"7,774",
2021-03-25,"7,774",
2021-03-26,"7,774",
2021-03-29,"7,774",
2021-03-30,"7,774",
2021-03-31,"7,774",
2021-04-01,"7,774",
2021-04-02,"7,774",
2021-04-05,"7,774",
2021-04-06,"7,774",
2021-04-07,"7,774",
2021-04-08,"7,774",
2021-04-09,"7,774",
2021-04-12,"7,774",
2021-04-13,"7,374",
2021-04-14,"7,374",
2021-04-15,"7,374",
2021-04-16,"7,374",
2021-04-19,"7,374",
2021-04-20,"7,374",
2021-04-21,"7,374",
2021-04-22,"7,374",
2021-04-23,"7,374",
2021-04-26,"7,374",
2021-04-27,"7,374",
2021-04-28,"7,374",
2021-04-29,"7,374",
2021-04-30,"7,374",
2021-05-03,"7,374",
2021-05-04,"7,374",
2021-05-06,"7,374",
2021-05-07,"7,374",
2021-05-10,"7,374",
2021-05-11,"7,374",
2021-05-12,"7,374",
2021-05-13,"7,374",
2021-05-14,"7,374",
2021-05-17,"7,374",
2021-05-18,"7,374",
2021-05-20,"7,374",
2021-05-21,"7,374",
2021-05-24,"7,208",
2021-05-25,"7,208",
2021-05-26,"7,208",
2021-05-27,"7,208",
2021-05-28,"7,208",
2021-05-31,"7,208",
2021-06-01,7908,
2021-06-02,7908,
2021-06-03,7908,
2021-06-04,7908,
2021-06-07,7908,
2021-06-08,7908,
2021-06-09,7908,
2021-06-10,7908,
2021-06-11,7908,
2021-06-14,7908,
2021-06-15,7908,
2021-06-16,7908,
2021-06-17,7908,
2021-06-18,7908,
2021-06-21,7908,
2021-06-22,7908,
2021-06-23,7908,
2021-06-24,7908,
2021-06-25,7908,
2021-06-28,7908,
2021-06-29,7908,
2021-06-30,7908,
2021-07-01,8488,
2021-07-02,8488,
2021-07-05,8488,
2021-07-06,8488,
2021-07-07,8488,
2021-07-08,8488,
2021-07-09,8488,
2021-07-12,8488,
2021-07-13,8488,
2021-07-14,8488,
2021-07-15,8488,
2021-07-16,8488,
2021-07-19,8488,
2021-07-20,8488,
2021-07-21,8488,
2021-07-22,8488,
2021-07-23,8488,
2021-07-26,8488,
2021-07-27,8488,
2021-07-28,8488,
2021-07-29,8488,
2021-07-30,8488,
2021-08-02,9070,
2021-08-03,9070,
2021-08-04,9070,
2021-08-05,9070,
2021-08-06,9070,
2021-08-09,9070,
2021-08-10,9070,
2021-08-11,9070,
2021-08-12,9070,
2021-08-13,9070,
2021-08-17,9070,
2021-08-18,9070,
2021-08-19,9070,
2021-08-20,9070,
2021-08-23,9070,
2021-08-24,9070,
2021-08-25,9070,
2021-08-26,"9,070",
2021-08-27,"9,070",
2021-08-30,"9,070",
2021-08-31,"9,070",
2021-09-01,"9,070",
2021-09-02,"9,070",
2021-09-03,"9,070",
2021-09-06,"9,070",
2021-09-07,"9,036",
2021-09-08,"9,036",
2021-09-09,"9,036",
2021-09-10,"9,036",
2021-09-13,"9,036",
2021-09-14,"9,236",
2021-09-15,"9,236",
2021-09-16,"9,236",
2021-09-17,"9,236",
2021-09-23,"9,236",
2021-09-24,"9,236",
2021-09-27,"9,236",
2021-09-28,"9,236",
2021-09-29,"9,170",
2021-09-30,"9,170",
2021-10-01,"9,204",
2021-10-05,"9,204",
2021-10-06,"9,204",
2021-10-07,"9,204",
2021-10-08,"9,404",
2021-10-12,"9,404",
2021-10-13,"9,404",
2021-10-14,"9,404",
2021-10-15,"9,404",
2021-10-18,"9,404",
2021-10-19,"9,404",
2021-10-20,"9,404",
2021-10-21,"9,404",
2021-10-22,"9,404",
2021-10-25,"9,565",
2021-10-26,"9,608",
2021-10-27,"9,608",
2021-10-28,"9,608",
2021-10-29,"9,608",
2021-11-01,"9,608",
2021-11-02,"9,650",
2021-11-03,"9,650",
2021-11-04,"9,650",
2021-11-05,"9,650",
2021-11-08,"9,650",
2021-11-09,"9,650",
2021-11-10,"9,900",
2021-11-11,"10,275",
2021-11-12,"10,275",
2021-11-15,"10,275",
2021-11-16,"10,275",
2021-11-17,"10,275",
2021-11-18,"10,275",
2021-11-19,"10,275",
2021-11-22,"10,275",
2021-11-23,"10,275",
2021-11-24,"10,275",
2021-11-25,"10,275",
2021-11-26,"10,275",
2021-11-29,"10,275",
2021-11-30,"10,275",
2021-12-01,"10,275",
2021-12-02,"10,275",
2021-12-06,"10,275",
2021-12-07,"10,275",
2021-12-08,"10,275",
2021-12-09,"10,275",
2021-12-10,"10,650",
2021-12-13,"10,708",
2021-12-14,"10,708",
2021-12-15,"10,708",
2021-12-16,"10,708",
2021-12-17,"10,708",
2021-12-20,"10,708",
2021-12-21,"10,625",
2021-12-22,"10,625",
2021-12-23,"10,625",
2021-12-24,"10,625",
2021-12-27,"10,625",
2021-12-28,"10,625",
2021-12-29,"10,625",
2021-12-30,"10,625",
2021-12-31,"10,625",
