date,uga
2015-01-01,53.27
2015-01-02,53.27
2015-01-03,52.125
2015-01-04,52.125
2015-01-05,50.98
2015-01-06,48.08
2015-01-07,46.6
2015-01-08,47.5
2015-01-09,47.41
2015-01-10,46.54
2015-01-11,46.54
2015-01-12,45.67
2015-01-13,43.3
2015-01-14,42.55
2015-01-15,44.48
2015-01-16,43.92
2015-01-17,44.98
2015-01-18,44.98
2015-01-19,46.04
2015-01-20,44.82
2015-01-21,44.75
2015-01-22,44.65
2015-01-23,44.42
2015-01-24,44.285
2015-01-25,44.285
2015-01-26,44.15
2015-01-27,43.63
2015-01-28,44.83
2015-01-29,44.63
2015-01-30,45.59
2015-01-31,47.2
2015-02-01,47.2
2015-02-02,48.81
2015-02-03,52.62
2015-02-04,54.72
2015-02-05,51.41
2015-02-06,54.23
2015-02-07,54.8
2015-02-08,54.8
2015-02-09,55.37
2015-02-10,55.83
2015-02-11,54.91
2015-02-12,54.75
2015-02-13,57.7
2015-02-14,58.265
2015-02-15,58.265
2015-02-16,58.83
2015-02-17,58.89
2015-02-18,59.32
2015-02-19,58.305
2015-02-20,58.305
2015-02-21,58.305
2015-02-22,58.305
2015-02-23,57.29
2015-02-24,56.06
2015-02-25,55.84
2015-02-26,58.42
2015-02-27,57.39
2015-02-28,57.595
2015-03-01,57.595
2015-03-02,59.58
2015-03-03,57.15
2015-03-04,57.8
2015-03-05,57.35
2015-03-06,57.26
2015-03-07,55.38
2015-03-08,55.38
2015-03-09,56.58
2015-03-10,55.48
2015-03-11,53.5
2015-03-12,55.4
2015-03-13,54.96
2015-03-14,53.1
2015-03-15,53.1
2015-03-16,52.75
2015-03-17,51.64
2015-03-18,51.24
2015-03-19,53.4
2015-03-20,52.06
2015-03-21,52.375
2015-03-22,52.375
2015-03-23,52.87
2015-03-24,53.4
2015-03-25,52.69
2015-03-26,53.99
2015-03-27,56.37
2015-03-28,54.6
2015-03-29,54.6
2015-03-30,53.95
2015-03-31,53.84
2015-04-01,52.83
2015-04-02,54.63
2015-04-03,54.82
2015-04-04,54.82
2015-04-05,54.82
2015-04-06,53.95
2015-04-07,55.01
2015-04-08,55.92
2015-04-09,53.31
2015-04-10,54.28
2015-04-11,55.55
2015-04-12,55.55
2015-04-13,56.58
2015-04-14,56.32
2015-04-15,56.82
2015-04-16,58.66
2015-04-17,59.21
2015-04-18,58.62
2015-04-19,58.62
2015-04-20,59.34
2015-04-21,59.25
2015-04-22,58.03
2015-04-23,58.6
2015-04-24,61.43
2015-04-25,61.54
2015-04-26,61.54
2015-04-27,62
2015-04-28,61.62
2015-04-29,61.65
2015-04-30,62.69
2015-05-01,62.985
2015-05-02,62.985
2015-05-03,62.985
2015-05-04,63.03
2015-05-05,63.28
2015-05-06,64.79
2015-05-07,65.06
2015-05-08,62.96
2015-05-09,63.585
2015-05-10,63.585
2015-05-11,62.84
2015-05-12,62.4
2015-05-13,64.21
2015-05-14,63.61
2015-05-15,63.49
2015-05-16,62.62
2015-05-17,62.62
2015-05-18,63.58
2015-05-19,62.79
2015-05-20,61.75
2015-05-21,62.68
2015-05-22,64.03
2015-05-23,63.07
2015-05-24,63.07
2015-05-25,62.98
2015-05-26,63.07
2015-05-27,62.11
2015-05-28,60.64
2015-05-29,61.11
2015-05-30,61.705
2015-05-31,61.705
2015-06-01,61.705
2015-06-02,62.49
2015-06-03,62.3
2015-06-04,60.71
2015-06-05,59.03
2015-06-06,60.845
2015-06-07,60.845
2015-06-08,60.23
2015-06-09,59.64
2015-06-10,62.66
2015-06-11,63.44
2015-06-12,62.42
2015-06-13,62.365
2015-06-14,61.44
2015-06-15,61.29
2015-06-16,60.46
2015-06-17,60.81
2015-06-18,60.98
2015-06-19,60.93
2015-06-20,60.4
2015-06-21,60.52
2015-06-22,59.82
2015-06-23,60.11
2015-06-24,61.09
2015-06-25,60.26
2015-06-26,60.01
2015-06-27,59.81
2015-06-28,59.785
2015-06-29,59.36
2015-06-30,59.56
2015-07-01,60.93
2015-07-02,59.51
2015-07-03,59.45
2015-07-04,58.72
2015-07-05,57.305
2015-07-06,57.93
2015-07-07,55.16
2015-07-08,54.98
2015-07-09,56.69
2015-07-10,58.19
2015-07-11,57.22
2015-07-12,57.22
2015-07-13,57.75
2015-07-14,56.25
2015-07-15,56.93
2015-07-16,55.75
2015-07-17,62.365
2015-07-18,55.575
2015-07-19,62.365
2015-07-20,55.4
2015-07-21,54.68
2015-07-22,55.03
2015-07-23,54.22
2015-07-24,53.45
2015-07-25,53.545
2015-07-26,52.65
2015-07-27,52.87
2015-07-28,51.85
2015-07-29,51.86
2015-07-30,52.53
2015-07-31,52.07
2015-08-01,51.82
2015-08-02,51.1
2015-08-03,51.11
2015-08-04,50.13
2015-08-05,50.09
2015-08-06,49.71
2015-08-07,50.15
2015-08-08,50.15
2015-08-09,50.15
2015-08-10,50.15
2015-08-11,50.59
2015-08-12,49.37
2015-08-13,49.87
2015-08-14,49.43
2015-08-15,49.2
2015-08-16,48.825
2015-08-17,48.53
2015-08-18,48.22
2015-08-19,48.27
2015-08-20,46.73
2015-08-21,46.23
2015-08-22,45.565
2015-08-23,44.445
2015-08-24,44.4
2015-08-25,42.66
2015-08-26,42.94
2015-08-27,43.57
2015-08-28,46.84
2015-08-29,46.145
2015-08-30,48.41
2015-08-31,48.72
2015-09-01,49.98
2015-09-02,46.16
2015-09-03,47.01
2015-09-04,47.19
2015-09-05,46.805
2015-09-06,46.56
2015-09-07,46.6
2015-09-08,45.93
2015-09-09,47.55
2015-09-10,45.75
2015-09-11,51.1
2015-09-12,45.61
2015-09-13,51.1
2015-09-14,45.47
2015-09-15,43.87
2015-09-16,44.08
2015-09-17,46.78
2015-09-18,45.99
2015-09-19,45.68
2015-09-20,45.495
2015-09-21,44.58
2015-09-22,45
2015-09-23,45.13
2015-09-24,51.1
2015-09-25,44.98
2015-09-26,51.1
2015-09-27,44.465
2015-09-28,45.01
2015-09-29,43.95
2015-09-30,44.31
2015-10-01,45.92
2015-10-02,45.38
2015-10-03,45.915
2015-10-04,45.93
2015-10-05,45.91
2015-10-06,46.48
2015-10-07,48.97
2015-10-08,48.41
2015-10-09,49.99
2015-10-10,49.01
2015-10-11,48.535
2015-10-12,49.61
2015-10-13,47.08
2015-10-14,46.52
2015-10-15,46.44
2015-10-16,46.58
2015-10-17,46.33
2015-10-18,45.595
2015-10-19,46.22
2015-10-20,44.61
2015-10-21,44.43
2015-10-22,43.71
2015-10-23,43.9
2015-10-24,43.595
2015-10-25,43.455
2015-10-26,43.48
2015-10-27,43.01
2015-10-28,43.11
2015-10-29,44.45
2015-10-30,43.94
2015-10-31,44.5
2015-11-01,43.915
2015-11-02,44.55
2015-11-03,43.89
2015-11-04,45.45
2015-11-05,43.7
2015-11-06,43.16
2015-11-07,43.29
2015-11-08,51.1
2015-11-09,42.88
2015-11-10,51.1
2015-11-11,42.59
2015-11-12,41.68
2015-11-13,40.77
2015-11-14,41.015
2015-11-15,40.58
2015-11-16,40.35
2015-11-17,40.39
2015-11-18,39.64
2015-11-19,40.13
2015-11-20,40.07
2015-11-21,39.85
2015-11-22,40.385
2015-11-23,39.57
2015-11-24,40.7
2015-11-25,41.4
2015-11-26,40.94
2015-11-27,40.37
2015-11-28,40.405
2015-11-29,40.085
2015-11-30,39.87
2015-12-01,39.8
2015-12-02,39.75
2015-12-03,38.29
2015-12-04,39.11
2015-12-05,38.32
2015-12-06,38.01
2015-12-07,38.35
2015-12-08,36.91
2015-12-09,36.49
2015-12-10,36.51
2015-12-11,36.2
2015-12-12,35.575
2015-12-13,35.01
2015-12-14,34.64
2015-12-15,33.82
2015-12-16,34.24
2015-12-17,32.86
2015-12-18,32.98
2015-12-19,32.42
2015-12-20,32.49
2015-12-21,31.98
2015-12-22,32
2015-12-23,31.82
2015-12-24,32.83
2015-12-25,51.1
2015-12-26,32.72
2015-12-27,51.1
2015-12-28,32.61
2015-12-29,32.11
2015-12-30,32.74
2015-12-31,32.19
2016-01-01,32.54
2016-01-02,32.54
2016-01-03,32.54
2016-01-04,32.54
2016-01-05,31.66
2016-01-06,30.76
2016-01-07,27.96
2016-01-08,29.11
2016-01-09,28.6
2016-01-10,27.225
2016-01-11,28.07
2016-01-12,26.44
2016-01-13,26.49
2016-01-14,26.04
2016-01-15,26.22
2016-01-16,25.605
2016-01-17,24.7
2016-01-18,24.65
2016-01-19,24.72
2016-01-20,23.36
2016-01-21,22.83
2016-01-22,23.88
2016-01-23,24.1
2016-01-24,24.47
2016-01-25,26.1
2016-01-26,24.84
2016-01-27,26.11
2016-01-28,27.08
2016-01-29,28.37
2016-01-30,27.095
2016-01-31,27.3
2016-02-01,29.01
2016-02-02,28.08
2016-02-03,27.52
2016-02-04,29.51
2016-02-05,29.22
2016-02-06,28.6
2016-02-07,27.855
2016-02-08,27.65
2016-02-09,28.6
2016-02-10,26.2
2016-02-11,26.08
2016-02-12,26.86
2016-02-13,28.43
2016-02-14,27.195
2016-02-15,29.22
2016-02-16,30.66
2016-02-17,28.31
2016-02-18,30.25
2016-02-19,30.07
2016-02-20,29
2016-02-21,29.41
2016-02-22,29.33
2016-02-23,29.69
2016-02-24,28.57
2016-02-25,29.46
2016-02-26,30.43
2016-02-27,30.11
2016-02-28,30.705
2016-02-29,29.99
2016-03-01,31.65
2016-03-02,31.95
2016-03-03,32.04
2016-03-04,32.17
2016-03-05,33.755
2016-03-06,33.535
2016-03-07,34.39
2016-03-08,35.56
2016-03-09,35.03
2016-03-10,36.25
2016-03-11,36.37
2016-03-12,34.845
2016-03-13,35.525
2016-03-14,35.69
2016-03-15,34.66
2016-03-16,34.8
2016-03-17,36.67
2016-03-18,37.42
2016-03-19,36.115
2016-03-20,36.905
2016-03-21,37.14
2016-03-22,37.43
2016-03-23,37.14
2016-03-24,36.04
2016-03-25,36.87
2016-03-26,36.655
2016-03-27,35.745
2016-03-28,36.31
2016-03-29,36.17
2016-03-30,35.45
2016-03-31,35.05
2016-04-01,36.22
2016-04-02,34.64
2016-04-03,34.87
2016-04-04,34.84
2016-04-05,33.83
2016-04-06,34.69
2016-04-07,36.48
2016-04-08,36.71
2016-04-09,36.68
2016-04-10,38.295
2016-04-11,37.79
2016-04-12,38.67
2016-04-13,40.11
2016-04-14,39.66
2016-04-15,39.37
2016-04-16,39.64
2016-04-17,39.345
2016-04-18,37.73
2016-04-19,39.17
2016-04-20,39.03
2016-04-21,41.7
2016-04-22,41.01
2016-04-23,39.93
2016-04-24,42.145
2016-04-25,40.86
2016-04-26,40.83
2016-04-27,42.59
2016-04-28,43.22
2016-04-29,44.26
2016-04-30,42.81
2016-05-01,42.635
2016-05-02,43.355
2016-05-03,43.03
2016-05-04,42.05
2016-05-05,42.45
2016-05-06,42.2
2016-05-07,41.64
2016-05-08,42.315
2016-05-09,42.84
2016-05-10,41.23
2016-05-11,42.18
2016-05-12,44.65
2016-05-13,44.39
2016-05-14,43.93
2016-05-15,45.205
2016-05-16,45.35
2016-05-17,45.68
2016-05-18,45.76
2016-05-19,44.75
2016-05-20,45.65
2016-05-21,45.155
2016-05-22,45.01
2016-05-23,44.87
2016-05-24,44.55
2016-05-25,45.27
2016-05-26,45.74
2016-05-27,45.31
2016-05-28,45.585
2016-05-29,45.59
2016-05-30,45.54
2016-05-31,45.9
2016-06-01,45.44
2016-06-02,46.17
2016-06-03,46.28
2016-06-04,46.13
2016-06-05,47.08
2016-06-06,45.91
2016-06-07,46.82
2016-06-08,47.99
2016-06-09,48.98
2016-06-10,48.23
2016-06-11,47.145
2016-06-12,47.535
2016-06-13,47.06
2016-06-14,46.3
2016-06-15,46.09
2016-06-16,44.93
2016-06-17,44.48
2016-06-18,46.245
2016-06-19,46.025
2016-06-20,46.53
2016-06-21,46.4
2016-06-22,47.12
2016-06-23,46.48
2016-06-24,45.47
2016-06-25,45.835
2016-06-26,46.105
2016-06-27,45.11
2016-06-28,44.55
2016-06-29,45.73
2016-06-30,46.46
2016-07-01,45.19
2016-07-02,45.37
2016-07-03,46.17
2016-07-04,46.97
2016-07-05,45.01
2016-07-06,45
2016-07-07,44.99
2016-07-08,42.5
2016-07-09,43.79
2016-07-10,44.2
2016-07-11,41.97
2016-07-12,42.58
2016-07-13,43.41
2016-07-14,42.31
2016-07-15,42.59
2016-07-16,42.81
2016-07-17,42.275
2016-07-18,43.38
2016-07-19,42.21
2016-07-20,42.24
2016-07-21,42.73
2016-07-22,41.63
2016-07-23,41.305
2016-07-24,41.66
2016-07-25,41.38
2016-07-26,40.37
2016-07-27,40.59
2016-07-28,39.88
2016-07-29,38.64
2016-07-30,39.72
2016-07-31,39.21
2016-08-01,40.04
2016-08-02,38.85
2016-08-03,38.54
2016-08-04,39.99
2016-08-05,41.22
2016-08-06,41.22
2016-08-07,40.665
2016-08-08,41.59
2016-08-09,42.055
2016-08-10,41.34
2016-08-11,40.49
2016-08-12,42.89
2016-08-13,43.54
2016-08-14,43.17
2016-08-15,44.43
2016-08-16,45.74
2016-08-17,45.85
2016-08-18,46.65
2016-08-19,47.26
2016-08-20,45.615
2016-08-21,46.305
2016-08-22,46.85
2016-08-23,45.38
2016-08-24,45.96
2016-08-25,45.59
2016-08-26,44.62
2016-08-27,46.06
2016-08-28,45.19
2016-08-29,45.82
2016-08-30,46.16
2016-08-31,44.79
2016-09-01,42.98
2016-09-02,41.71
2016-09-03,44.095
2016-09-04,43.325
2016-09-05,44.28
2016-09-06,43.4
2016-09-07,43.67
2016-09-08,44.83
2016-09-09,45.45
2016-09-10,43.68
2016-09-11,44.2
2016-09-12,43.745
2016-09-13,43.69
2016-09-14,43.57
2016-09-15,42.04
2016-09-16,42.34
2016-09-17,42.78
2016-09-18,42.56
2016-09-19,42.43
2016-09-20,41.99
2016-09-21,43.08
2016-09-22,43.58
2016-09-23,43.39
2016-09-24,43.105
2016-09-25,42.975
2016-09-26,42.15
2016-09-27,43.13
2016-09-28,42.37
2016-09-29,44.65
2016-09-30,45.11
2016-10-01,45.1
2016-10-02,46.74
2016-10-03,47.87
2016-10-04,47.83
2016-10-05,48.83
2016-10-06,48.77
2016-10-07,50.07
2016-10-08,49.42
2016-10-09,49.4
2016-10-10,48.9
2016-10-11,50.01
2016-10-12,50.03
2016-10-13,49.07
2016-10-14,49.88
2016-10-15,49.63
2016-10-16,49.37
2016-10-17,49.12
2016-10-18,49.23
2016-10-19,49.67
2016-10-20,49.66
2016-10-21,48.82
2016-10-22,49.435
2016-10-23,48.785
2016-10-24,49.48
2016-10-25,49.2
2016-10-26,47.91
2016-10-27,48.16
2016-10-28,48.4
2016-10-29,46.665
2016-10-30,46.12
2016-10-31,47.44
2016-11-01,45.42
2016-11-02,44.08
2016-11-03,43.52
2016-11-04,42.84
2016-11-05,43.475
2016-11-06,43.045
2016-11-07,42.69
2016-11-08,42.87
2016-11-09,42.57
2016-11-10,43.67
2016-11-11,43.7
2016-11-12,42.27
2016-11-13,43.56
2016-11-14,41.95
2016-11-15,41.97
2016-11-16,43.45
2016-11-17,43.47
2016-11-18,42.8
2016-11-19,44.765
2016-11-20,44.77
2016-11-21,44.47
2016-11-22,46.08
2016-11-23,46.07
2016-11-24,45.67
2016-11-25,45.97
2016-11-26,45.36
2016-11-27,44.895
2016-11-28,43.76
2016-11-29,44.65
2016-11-30,44.12
2016-12-01,49.02
2016-12-02,50.39
2016-12-03,47.885
2016-12-04,49.685
2016-12-05,51.64
2016-12-06,51.65
2016-12-07,50.35
2016-12-08,50.3
2016-12-09,51.32
2016-12-10,51.6
2016-12-11,51.495
2016-12-12,54.18
2016-12-13,52.85
2016-12-14,52.69
2016-12-15,51.65
2016-12-16,51.69
2016-12-17,52.39
2016-12-18,52.26
2016-12-19,52.86
2016-12-20,52.09
2016-12-21,52.87
2016-12-22,51.78
2016-12-23,52.21
2016-12-24,52.795
2016-12-25,52.755
2016-12-26,53.055
2016-12-27,52.72
2016-12-28,53.73
2016-12-29,53.9
2016-12-30,53.83
2016-12-31,53.83
2017-01-01,54.65
2017-01-02,54.65
2017-01-03,54.65
2017-01-04,53.99
2017-01-05,54.28
2017-01-06,54.25
2017-01-07,53.565
2017-01-08,53.25
2017-01-09,54.35
2017-01-10,53.14
2017-01-11,52.22
2017-01-12,53.45
2017-01-13,54.3
2017-01-14,53.05
2017-01-15,53.645
2017-01-16,53.29
2017-01-17,53.88
2017-01-18,53.84
2017-01-19,53.03
2017-01-20,52.91
2017-01-21,53.91
2017-01-22,53.25
2017-01-23,53.52
2017-01-24,53.98
2017-01-25,53.47
2017-01-26,53.86
2017-01-27,54.49
2017-01-28,53.345
2017-01-29,54.4
2017-01-30,53.23
2017-01-31,53.22
2017-02-01,54.94
2017-02-02,55.45
2017-02-03,54.265
2017-02-04,54.555
2017-02-05,54.4
2017-02-06,55.31
2017-02-07,54.17
2017-02-08,53.35
2017-02-09,53.79
2017-02-10,53.78
2017-02-11,53.745
2017-02-12,53.895
2017-02-13,54.76
2017-02-14,54.14
2017-02-15,54
2017-02-16,53.95
2017-02-17,54.06
2017-02-18,54.32
2017-02-19,54.315
2017-02-20,54.46
2017-02-21,54.64
2017-02-22,54.68
2017-02-23,54.75
2017-02-24,54.7
2017-02-25,53.565
2017-02-26,54.94
2017-02-27,55.18
2017-02-28,53.565
2017-03-01,55.13
2017-03-02,54.85
2017-03-03,53.68
2017-03-04,54.785
2017-03-05,54.435
2017-03-06,53.85
2017-03-07,54.44
2017-03-08,54.02
2017-03-09,52.52
2017-03-10,51.16
2017-03-11,51.92
2017-03-12,51.265
2017-03-13,50.04
2017-03-14,49.82
2017-03-15,50.01
2017-03-16,50.64
2017-03-17,50.13
2017-03-18,50.215
2017-03-19,49.83
2017-03-20,50.05
2017-03-21,50.42
2017-03-22,49.02
2017-03-23,49.17
2017-03-24,48.97
2017-03-25,49.125
2017-03-26,49.655
2017-03-27,48.84
2017-03-28,49.23
2017-03-29,50.14
2017-03-30,50.71
2017-03-31,50.78
2017-04-01,50.62
2017-04-02,51.85
2017-04-03,51.67
2017-04-04,51.1
2017-04-05,52.99
2017-04-06,52.64
2017-04-07,53.94
2017-04-08,53.66
2017-04-09,53.625
2017-04-10,53.88
2017-04-11,54.33
2017-04-12,54.61
2017-04-13,54.16
2017-04-14,53.91
2017-04-15,53.865
2017-04-16,53.6
2017-04-17,53.49
2017-04-18,53.12
2017-04-19,53.04
2017-04-20,51.46
2017-04-21,51.36
2017-04-22,51.585
2017-04-23,51.015
2017-04-24,50.94
2017-04-25,50.13
2017-04-26,50.57
2017-04-27,50.02
2017-04-28,50.16
2017-04-29,53.565
2017-04-30,50.16
2017-05-01,49.4925
2017-05-02,53.565
2017-05-03,49.68
2017-05-04,48.825
2017-05-05,47.97
2017-05-06,49.03
2017-05-07,48.9175
2017-05-08,48.805
2017-05-09,48.38
2017-05-10,49.01
2017-05-11,49.64
2017-05-12,49.46
2017-05-13,50.05
2017-05-14,50.03
2017-05-15,50.82
2017-05-16,51.09
2017-05-17,50.42
2017-05-18,51
2017-05-19,51.96
2017-05-20,51.365
2017-05-21,52.05
2017-05-22,52.79
2017-05-23,52.31
2017-05-24,53.1
2017-05-25,52.78
2017-05-26,50.42
2017-05-27,51.79
2017-05-28,51.435
2017-05-29,50.65
2017-05-30,50.48
2017-05-31,50.09
2017-06-01,50.16
2017-06-02,48.34
2017-06-03,48.99
2017-06-04,49.29
2017-06-05,48.77
2017-06-06,47.89
2017-06-07,48.42
2017-06-08,47.07
2017-06-09,46.46
2017-06-10,47.86
2017-06-11,46.955
2017-06-12,47.02
2017-06-13,47.3
2017-06-14,46.84
2017-06-15,45.37
2017-06-16,45.88
2017-06-17,46.23
2017-06-18,44.845
2017-06-19,45.68
2017-06-20,45.62
2017-06-21,44.32
2017-06-22,43.5
2017-06-23,44.17
2017-06-24,44.675
2017-06-25,44.4
2017-06-26,45.265
2017-06-27,45.03
2017-06-28,45.3
2017-06-29,46.36
2017-06-30,46.47
2017-07-01,46.865
2017-07-02,47.35
2017-07-03,47.62
2017-07-04,48.43
2017-07-05,48.34
2017-07-06,47.07
2017-07-07,46.05
2017-07-08,46.805
2017-07-09,46.945
2017-07-10,45.24
2017-07-11,45.27
2017-07-12,46.82
2017-07-13,46.1
2017-07-14,46.99
2017-07-15,47.01
2017-07-16,46.755
2017-07-17,47.65
2017-07-18,47.2
2017-07-19,47.41
2017-07-20,48.33
2017-07-21,48.17
2017-07-22,47.355
2017-07-23,48.69
2017-07-24,46.51
2017-07-25,47.3
2017-07-26,49.05
2017-07-27,49.35
2017-07-28,49.72
2017-07-29,50.135
2017-07-30,49.82
2017-07-31,50.38
2017-08-01,51.22
2017-08-02,50.29
2017-08-03,50.83
2017-08-04,50.36
2017-08-05,50.765
2017-08-06,51.13
2017-08-07,50.8
2017-08-08,51.24
2017-08-09,51.43
2017-08-10,51.62
2017-08-11,49.86
2017-08-12,50.345
2017-08-13,50.575
2017-08-14,50.36
2017-08-15,49.26
2017-08-16,49.53
2017-08-17,48.65
2017-08-18,49.26
2017-08-19,49.75
2017-08-20,49.29
2017-08-21,50.72
2017-08-22,49.97
2017-08-23,49.93
2017-08-24,50.55
2017-08-25,50.56
2017-08-26,50.015
2017-08-27,50.24
2017-08-28,50.55
2017-08-29,50.1
2017-08-30,49.93
2017-08-31,49.26
2017-09-01,50.35
2017-09-02,50.475
2017-09-03,50.7
2017-09-04,50.6
2017-09-05,51.02
2017-09-06,52.14
2017-09-07,52.99
2017-09-08,53.18
2017-09-09,52.155
2017-09-10,52.93
2017-09-11,52.14
2017-09-12,52.17
2017-09-13,52.87
2017-09-14,53.57
2017-09-15,53.64
2017-09-16,53.47
2017-09-17,53.75
2017-09-18,54.19
2017-09-19,54.07
2017-09-20,53.93
2017-09-21,54.65
2017-09-22,54.66
2017-09-23,55.04
2017-09-24,55.15
2017-09-25,54.83
2017-09-26,56.15
2017-09-27,55.65
2017-09-28,55.55
2017-09-29,55.19
2017-09-30,55.05
2017-10-01,54.735
2017-10-02,55.16
2017-10-03,54.45
2017-10-04,53.92
2017-10-05,54.35
2017-10-06,55.27
2017-10-07,54
2017-10-08,54.565
2017-10-09,53.76
2017-10-10,54.08
2017-10-11,54.78
2017-10-12,54.97
2017-10-13,55.4
2017-10-14,55.555
2017-10-15,55.7675
2017-10-16,55.98
2017-10-17,56.33
2017-10-18,55.92
2017-10-19,55.51
2017-10-20,55.13
2017-10-21,55.6
2017-10-22,55.855
2017-10-23,55.85
2017-10-24,55.28
2017-10-25,56.2
2017-10-26,56.21
2017-10-27,57
2017-10-28,57.26
2017-10-29,57.91
2017-10-30,58.33
2017-10-31,58.32
2017-11-01,59.61
2017-11-02,58.58
2017-11-03,58.93
2017-11-04,61
2017-11-05,60.19
2017-11-06,60.58
2017-11-07,62.39
2017-11-08,61.8
2017-11-09,61.61
2017-11-10,62.06
2017-11-11,61.525
2017-11-12,60.825
2017-11-13,61.63
2017-11-14,61.25
2017-11-15,60.04
2017-11-16,60.29
2017-11-17,59.66
2017-11-18,60.26
2017-11-19,60.705
2017-11-20,60.68
2017-11-21,60.48
2017-11-22,61.12
2017-11-23,61.13
2017-11-24,61.62
2017-11-25,61.185
2017-11-26,61.05
2017-11-27,61.5
2017-11-28,61.25
2017-11-29,60.97
2017-11-30,60.82
2017-12-01,60.8
2017-12-02,60.595
2017-12-03,60.77
2017-12-04,60.99
2017-12-05,60.22
2017-12-06,60.72
2017-12-07,59.43
2017-12-08,60.26
2017-12-09,61.62
2017-12-10,60.38
2017-12-11,60.96
2017-12-12,62.52
2017-12-13,61.33
2017-12-14,60.23
2017-12-15,61.18
2017-12-16,61.365
2017-12-17,60.915
2017-12-18,61.28
2017-12-19,61.4
2017-12-20,61.6
2017-12-21,62.17
2017-12-22,62.37
2017-12-23,62.105
2017-12-24,63.055
2017-12-25,63.11
2017-12-26,62.61
2017-12-27,63.94
2017-12-28,63.85
2017-12-29,64.33
2017-12-30,64.33
2017-12-31,64.33
2018-01-01,64.37
2018-01-02,64.37
2018-01-03,64.15
2018-01-04,65.35
2018-01-05,65.33
2018-01-06,65.195
2018-01-07,65.42
2018-01-08,65.04
2018-01-09,65.51
2018-01-10,66.59
2018-01-11,66.5
2018-01-12,66.29
2018-01-13,66.765
2018-01-14,66.69
2018-01-15,67.03
2018-01-16,67.09
2018-01-17,66.27
2018-01-18,66.42
2018-01-19,65.95
2018-01-20,66.255
2018-01-21,66.22
2018-01-22,66.09
2018-01-23,66.49
2018-01-24,66.86
2018-01-25,67.98
2018-01-26,67.4
2018-01-27,67.765
2018-01-28,66.89
2018-01-29,67.55
2018-01-30,66.38
2018-01-31,65.77
2018-02-01,66.12
2018-02-02,67.02
2018-02-03,65.595
2018-02-04,65.635
2018-02-05,65.07
2018-02-06,64.25
2018-02-07,64.05
2018-02-08,62.26
2018-02-09,61.12
2018-02-10,61.275
2018-02-11,60.48
2018-02-12,60.29
2018-02-13,59.84
2018-02-14,59.4
2018-02-15,61.67
2018-02-16,60.2
2018-02-17,61.72
2018-02-18,61
2018-02-19,61.77
2018-02-20,62.05
2018-02-21,61.3
2018-02-22,61.6
2018-02-23,62.77
2018-02-24,62.75
2018-02-25,63.395
2018-02-26,63.9
2018-02-27,64.02
2018-02-28,63.22
2018-03-01,61.42
2018-03-02,60.28
2018-03-03,61.37
2018-03-04,61.16
2018-03-05,61.32
2018-03-06,62.04
2018-03-07,61.61
2018-03-08,60.8
2018-03-09,60.28
2018-03-10,61.255
2018-03-11,60.765
2018-03-12,61.71
2018-03-13,61.25
2018-03-14,61.23
2018-03-15,61.45
2018-03-16,61.74
2018-03-17,61.965
2018-03-18,62.36
2018-03-19,62.48
2018-03-20,62.98
2018-03-21,63.89
2018-03-22,65.44
2018-03-23,65.33
2018-03-24,65.705
2018-03-25,65.58
2018-03-26,65.97
2018-03-27,65.83
2018-03-28,65.24
2018-03-29,65.33
2018-03-30,61.72
2018-03-31,66.06
2018-04-01,61.72
2018-04-02,66.79
2018-04-03,65.16
2018-04-04,64.7
2018-04-05,65.38
2018-04-06,65.37
2018-04-07,65.04
2018-04-08,65.94
2018-04-09,64.7
2018-04-10,66.51
2018-04-11,67.58
2018-04-12,68.63
2018-04-13,69.04
2018-04-14,68.405
2018-04-15,68.635
2018-04-16,68.18
2018-04-17,68.23
2018-04-18,68.81
2018-04-19,70.75
2018-04-20,70.42
2018-04-21,70.52
2018-04-22,70.83
2018-04-23,70.29
2018-04-24,71.24
2018-04-25,70.36
2018-04-26,70.63
2018-04-27,70.88
2018-04-28,70.34
2018-04-29,70
2018-04-30,70.05
2018-05-01,70.27
2018-05-02,70.25
2018-05-03,70.54
2018-05-04,70.47
2018-05-05,71.5
2018-05-06,71.475
2018-05-07,72.46
2018-05-08,72.48
2018-05-09,73.93
2018-05-10,74.73
2018-05-11,74.46
2018-05-12,74.25
2018-05-13,74.88
2018-05-14,73.77
2018-05-15,75.3
2018-05-16,75.1
2018-05-17,76.67
2018-05-18,77.06
2018-05-19,76.55
2018-05-20,77.17
2018-05-21,76.43
2018-05-22,77.28
2018-05-23,76.65
2018-05-24,77.03
2018-05-25,75.78
2018-05-26,75.135
2018-05-27,70.34
2018-05-28,73.24
2018-05-29,70.34
2018-05-30,73.53
2018-05-31,75.45
2018-06-01,75.11
2018-06-02,74.925
2018-06-03,74.36
2018-06-04,74.4
2018-06-05,73.61
2018-06-06,73.75
2018-06-07,73.58
2018-06-08,74.87
2018-06-09,73.97
2018-06-10,74.81
2018-06-11,74.36
2018-06-12,74.75
2018-06-13,73.48
2018-06-14,74.31
2018-06-15,70.34
2018-06-16,72.64
2018-06-17,70.34
2018-06-18,70.97
2018-06-19,72.07
2018-06-20,72.65
2018-06-21,71.25
2018-06-22,71.77
2018-06-23,72.03
2018-06-24,72.4
2018-06-25,72.81
2018-06-26,73.03
2018-06-27,74.36
2018-06-28,75.19
2018-06-29,75.86
2018-06-30,75.38
2018-07-01,75.315
2018-07-02,75.57
2018-07-03,74.77
2018-07-04,75.07
2018-07-05,74.92
2018-07-06,74.18
2018-07-07,74.795
2018-07-08,75.09
2018-07-09,74.67
2018-07-10,76
2018-07-11,74.75
2018-07-12,72.56
2018-07-13,71.65
2018-07-14,72.755
2018-07-15,71.005
2018-07-16,72.95
2018-07-17,70.36
2018-07-18,69.68
2018-07-19,70.41
2018-07-20,71.52
2018-07-21,70.955
2018-07-22,71.555
2018-07-23,71.5
2018-07-24,71.59
2018-07-25,72.49
2018-07-26,73.41
2018-07-27,73.42
2018-07-28,73.395
2018-07-29,73.555
2018-07-30,73.38
2018-07-31,73.69
2018-08-01,72.42
2018-08-02,71.14
2018-08-03,71.93
2018-08-04,71.625
2018-08-05,72.29
2018-08-06,72.11
2018-08-07,72.65
2018-08-08,73.28
2018-08-09,70.34
2018-08-10,70.55
2018-08-11,70.34
2018-08-12,71.17
2018-08-13,71.25
2018-08-14,71.79
2018-08-15,70.66
2018-08-16,69.6
2018-08-17,70.38
2018-08-18,70.205
2018-08-19,70.745
2018-08-20,70.81
2018-08-21,71.11
2018-08-22,72.405
2018-08-23,73.14
2018-08-24,74
2018-08-25,73.775
2018-08-26,74.51
2018-08-27,74.41
2018-08-28,75.02
2018-08-29,74.34
2018-08-30,75.76
2018-08-31,75.85
2018-09-01,75.97
2018-09-02,76.365
2018-09-03,76.18
2018-09-04,76.88
2018-09-05,75.83
2018-09-06,75.31
2018-09-07,74.73
2018-09-08,75.57
2018-09-09,75.475
2018-09-10,75.83
2018-09-11,76.22
2018-09-12,77.45
2018-09-13,77.2
2018-09-14,76.31
2018-09-15,76.815
2018-09-16,76.08
2018-09-17,76.43
2018-09-18,75.85
2018-09-19,77.02
2018-09-20,77.53
2018-09-21,77.35
2018-09-22,77.99
2018-09-23,78.52
2018-09-24,78.45
2018-09-25,79.69
2018-09-26,80.04
2018-09-27,80.36
2018-09-28,80.03
2018-09-29,80.595
2018-09-30,81.455
2018-10-01,80.83
2018-10-02,82.88
2018-10-03,83.29
2018-10-04,84.44
2018-10-05,83.2
2018-10-06,83.025
2018-10-07,83
2018-10-08,81.61
2018-10-09,82.8
2018-10-10,83.04
2018-10-11,80.66
2018-10-12,79.36
2018-10-13,79.98
2018-10-14,79.095
2018-10-15,79.3
2018-10-16,78.83
2018-10-17,80.23
2018-10-18,78.43
2018-10-19,77.88
2018-10-20,78.605
2018-10-21,77.855
2018-10-22,78.78
2018-10-23,77.83
2018-10-24,74.42
2018-10-25,74.96
2018-10-26,75.42
2018-10-27,75.485
2018-10-28,75.8
2018-10-29,76.01
2018-10-30,76.18
2018-10-31,75.66
2018-11-01,73.38
2018-11-02,71.67
2018-11-03,72.29
2018-11-04,70.34
2018-11-05,71.2
2018-11-06,70.34
2018-11-07,70.64
2018-11-08,71.54
2018-11-09,69.36
2018-11-10,71.065
2018-11-11,68.92
2018-11-12,70.59
2018-11-13,68.48
2018-11-14,64.46
2018-11-15,65.39
2018-11-16,66.49
2018-11-17,65.78
2018-11-18,66
2018-11-19,66.17
2018-11-20,65.51
2018-11-21,62.65
2018-11-22,62.44
2018-11-23,61.08
2018-11-24,60.785
2018-11-25,60.075
2018-11-26,59.13
2018-11-27,59.07
2018-11-28,60.18
2018-11-29,58.3
2018-11-30,59.02
2018-12-01,59.745
2018-12-02,60.28
2018-12-03,61.19
2018-12-04,61.54
2018-12-05,59.81
2018-12-06,59.85
2018-12-07,58.39
2018-12-08,60.035
2018-12-09,58.38
2018-12-10,60.22
2018-12-11,58.37
2018-12-12,59.23
2018-12-13,58.81
2018-12-14,59.67
2018-12-15,58.865
2018-12-16,58.44
2018-12-17,58.92
2018-12-18,57.21
2018-12-19,55.05
2018-12-20,54.47
2018-12-21,53.51
2018-12-22,53.51
2018-12-23,54.47
2018-12-24,51.515
2018-12-25,53.77
2018-12-26,49.52
2018-12-27,53.07
2018-12-28,52.86
2018-12-29,53.07
2018-12-30,52.86
2018-12-31,53.07
2019-01-01,51.86
2019-01-02,51.86
2019-01-03,53.2
2019-01-04,55.59
2019-01-05,54.995
2019-01-06,55.885
2019-01-07,56.79
2019-01-08,56.18
2019-01-09,58.07
2019-01-10,59.6
2019-01-11,61.16
2019-01-12,59.26
2019-01-13,59.895
2019-01-14,58.92
2019-01-15,58.63
2019-01-16,60.15
2019-01-17,60.03
2019-01-18,61.12
2019-01-19,60.955
2019-01-20,61.275
2019-01-21,61.88
2019-01-22,61.43
2019-01-23,61.23
2019-01-24,60.41
2019-01-25,61.16
2019-01-26,60.365
2019-01-27,60.3
2019-01-28,60.32
2019-01-29,59.44
2019-01-30,60.93
2019-01-31,61.82
2019-02-01,60.87
2019-02-02,62.375
2019-02-03,62
2019-02-04,62.93
2019-02-05,62.255
2019-02-06,62.275
2019-02-07,62.51
2019-02-08,61.62
2019-02-09,62.265
2019-02-10,61.925
2019-02-11,62.02
2019-02-12,62.23
2019-02-13,63.34
2019-02-14,65.32
2019-02-15,65.12
2019-02-16,66.025
2019-02-17,65.8
2019-02-18,66.73
2019-02-19,66.48
2019-02-20,66.38
2019-02-21,67.12
2019-02-22,67.22
2019-02-23,66.98
2019-02-24,65.89
2019-02-25,66.84
2019-02-26,64.56
2019-02-27,65.3
2019-02-28,65.98
2019-03-01,66.56
2019-03-02,65.67
2019-03-03,66.145
2019-03-04,65.36
2019-03-05,65.73
2019-03-06,65.85
2019-03-07,66.47
2019-03-08,65.77
2019-03-09,66.64
2019-03-10,66.46
2019-03-11,66.81
2019-03-12,67.15
2019-03-13,67.22
2019-03-14,68.17
2019-03-15,67.71
2019-03-16,67.745
2019-03-17,67.67
2019-03-18,67.32
2019-03-19,67.63
2019-03-20,67.67
2019-03-21,68.23
2019-03-22,67.46
2019-03-23,67.285
2019-03-24,67.315
2019-03-25,66.34
2019-03-26,67.17
2019-03-27,67.37
2019-03-28,66.56
2019-03-29,67.23
2019-03-30,67.395
2019-03-31,68.02
2019-04-01,68.23
2019-04-02,68.81
2019-04-03,69.43
2019-04-04,68.67
2019-04-05,68.82
2019-04-06,69.48
2019-04-07,69.675
2019-04-08,70.29
2019-04-09,70.53
2019-04-10,70.08
2019-04-11,70.52
2019-04-12,70.1
2019-04-13,70.42
2019-04-14,70.155
2019-04-15,70.32
2019-04-16,70.21
2019-04-17,71.33
2019-04-18,71.07
2019-04-19,71.5
2019-04-20,72.215
2019-04-21,72.635
2019-04-22,73.36
2019-04-23,73.77
2019-04-24,73.67
2019-04-25,74.46
2019-04-26,73.45
2019-04-27,72.775
2019-04-28,72.54
2019-04-29,71.09
2019-04-30,71.63
2019-05-01,70.51
2019-05-02,71.43
2019-05-03,69.93
2019-05-04,70.325
2019-05-05,70.11
2019-05-06,69.22
2019-05-07,70.29
2019-05-08,69.28
2019-05-09,69.09
2019-05-10,70.1
2019-05-11,70.03
2019-05-12,69.9
2019-05-13,70.97
2019-05-14,69.7
2019-05-15,70.46
2019-05-16,72.04
2019-05-17,72.46
2019-05-18,71.52
2019-05-19,72.05
2019-05-20,71
2019-05-21,71.64
2019-05-22,71.23
2019-05-23,69.22
2019-05-24,66.73
2019-05-25,68.05
2019-05-26,67.52
2019-05-27,66.88
2019-05-28,68.31
2019-05-29,67.13
2019-05-30,67.12
2019-05-31,63.83
2019-06-01,63.645
2019-06-02,61.93
2019-06-03,60.17
2019-06-04,60.03
2019-06-05,60.685
2019-06-06,59.37
2019-06-07,61.2
2019-06-08,60.645
2019-06-09,61.24
2019-06-10,61.92
2019-06-11,61.28
2019-06-12,59.9
2019-06-13,60.28
2019-06-14,59.9
2019-06-15,60.51
2019-06-16,59.91
2019-06-17,60.74
2019-06-18,59.92
2019-06-19,61.22
2019-06-20,62.61
2019-06-21,64.22
2019-06-22,63.315
2019-06-23,63.8
2019-06-24,64.02
2019-06-25,63.38
2019-06-26,64.29
2019-06-27,64.42
2019-06-28,64.88
2019-06-29,64.67
2019-06-30,64.155
2019-07-01,64.92
2019-07-02,63.43
2019-07-03,60.62
2019-07-04,61.75
2019-07-05,61.62
2019-07-06,62.535
2019-07-07,62.125
2019-07-08,63.32
2019-07-09,62.63
2019-07-10,63.9
2019-07-11,65.95
2019-07-12,65.88
2019-07-13,65.585
2019-07-14,65.23
2019-07-15,65.22
2019-07-16,64.58
2019-07-17,63.23
2019-07-18,62.14
2019-07-19,61.55
2019-07-20,62.44
2019-07-21,61.83
2019-07-22,62.74
2019-07-23,62.11
2019-07-24,63.21
2019-07-25,63.03
2019-07-26,62.83
2019-07-27,62.78
2019-07-28,63.23
2019-07-29,62.53
2019-07-30,63.63
2019-07-31,64.57
2019-08-01,63.05
2019-08-02,60.33
2019-08-03,61.365
2019-08-04,59.54
2019-08-05,59.68
2019-08-06,58.75
2019-08-07,57.89
2019-08-08,56.83
2019-08-09,57
2019-08-10,57.295
2019-08-11,58.33
2019-08-12,57.8125
2019-08-13,57.76
2019-08-14,59.66
2019-08-15,58.33
2019-08-16,58.2
2019-08-17,58.785
2019-08-18,59.145
2019-08-19,58.4
2019-08-20,59.24
2019-08-21,60.09
2019-08-22,60.29
2019-08-23,59.43
2019-08-24,59.18
2019-08-25,59.21
2019-08-26,58.59
2019-08-27,58.07
2019-08-28,58.99
2019-08-29,59.32
2019-08-30,59.62
2019-08-31,57.9
2019-09-01,58.17
2019-09-02,57.62
2019-09-03,56.48
2019-09-04,56.72
2019-09-05,58.53
2019-09-06,59.23
2019-09-07,59.71
2019-09-08,60.06
2019-09-09,60.12
2019-09-10,60.89
2019-09-11,60.89
2019-09-12,59.32
2019-09-13,58.36
2019-09-14,63.425
2019-09-15,60.83
2019-09-16,63.88
2019-09-17,67.53
2019-09-18,63.3
2019-09-19,63.23
2019-09-20,64.28
2019-09-21,63.345
2019-09-22,62.925
2019-09-23,63.59
2019-09-24,63.46
2019-09-25,61.57
2019-09-26,61.73
2019-09-27,62.07
2019-09-28,60.475
2019-09-29,60.37
2019-09-30,60.94
2019-10-01,59.22
2019-10-02,58.67
2019-10-03,57.44
2019-10-04,57.84
2019-10-05,57.735
2019-10-06,57.78
2019-10-07,58.24
2019-10-08,58.03
2019-10-09,57.72
2019-10-10,57.77
2019-10-11,60.44
2019-10-12,58.595
2019-10-13,59.62
2019-10-14,60.03
2019-10-15,59.42
2019-10-16,58.8
2019-10-17,59.23
2019-10-18,59.7
2019-10-19,59.09
2019-10-20,59.685
2019-10-21,59.38
2019-10-22,58.95
2019-10-23,59.67
2019-10-24,61.04
2019-10-25,61.46
2019-10-26,61.02
2019-10-27,61.39
2019-10-28,61.06
2019-10-29,61
2019-10-30,61.32
2019-10-31,61.1
2019-11-01,58.72
2019-11-02,61.22
2019-11-03,60.105
2019-11-04,60.74
2019-11-05,61.34
2019-11-06,61.49
2019-11-07,61.13
2019-11-08,60.88
2019-11-09,61.645
2019-11-10,61.18
2019-11-11,61.15
2019-11-12,62.16
2019-11-13,61.48
2019-11-14,62.47
2019-11-15,61.93
2019-11-16,62.165
2019-11-17,61.19
2019-11-18,62.84
2019-11-19,61.86
2019-11-20,60.45
2019-11-21,62.13
2019-11-22,63.74
2019-11-23,62.615
2019-11-24,63.715
2019-11-25,63.43
2019-11-26,63.1
2019-11-27,63.69
2019-11-28,63.33
2019-11-29,63.83
2019-11-30,62.155
2019-12-01,62.47
2019-12-02,60.83
2019-12-03,60.98
2019-12-04,61.11
2019-12-05,62.73
2019-12-06,63.02
2019-12-07,63.285
2019-12-08,63.4
2019-12-09,63.74
2019-12-10,63.84
2019-12-11,63.78
2019-12-12,64.01
2019-12-13,64.92
2019-12-14,64.815
2019-12-15,65.53
2019-12-16,65.54
2019-12-17,65.62
2019-12-18,66.14
2019-12-19,66.48
2019-12-20,66.87
2019-12-21,66.625
2019-12-22,67.175
2019-12-23,66.21
2019-12-24,66.77
2019-12-25,67.48
2019-12-26,67.88
2019-12-27,67.81
2019-12-28,67.575
2019-12-29,67.6
2019-12-30,67.81
2019-12-31,67.27
2020-01-01,65.69
2020-01-02,65.69
2020-01-03,67.79
2020-01-04,67.67
2020-01-05,68.065
2020-01-06,69.65
2020-01-07,68.34
2020-01-08,69.24
2020-01-09,66.17
2020-01-10,65.93
2020-01-11,65.925
2020-01-12,65.355
2020-01-13,65.68
2020-01-14,64.78
2020-01-15,64.61
2020-01-16,64.74
2020-01-17,65.1
2020-01-18,64.99
2020-01-19,64.685
2020-01-20,65.24
2020-01-21,64.27
2020-01-22,64.26
2020-01-23,62.77
2020-01-24,62.23
2020-01-25,61
2020-01-26,60.4
2020-01-27,60.185
2020-01-28,58.57
2020-01-29,59.37
2020-01-30,57.76
2020-01-31,58.45
2020-02-01,56.495
2020-02-02,56.22
2020-02-03,55.23
2020-02-04,53.99
2020-02-05,53.57
2020-02-06,55.18
2020-02-07,54.37
2020-02-08,54.255
2020-02-09,53.7
2020-02-10,53.33
2020-02-11,53.03
2020-02-12,54.23
2020-02-13,54.54
2020-02-14,55.23
2020-02-15,55.26
2020-02-16,55.17
2020-02-17,55.98
2020-02-18,55.11
2020-02-19,56.39
2020-02-20,56.92
2020-02-21,56.41
2020-02-22,55.78
2020-02-23,55.445
2020-02-24,54.64
2020-02-25,54.48
2020-02-26,52.28
2020-02-27,50.62
2020-02-28,49.05
2020-02-29,50.6
2020-03-01,50.385
2020-03-02,50.58
2020-03-03,51.72
2020-03-04,50.81
2020-03-05,50.78
2020-03-06,48.58
2020-03-07,41.825
2020-03-08,41.38
2020-03-09,32.87
2020-03-10,34.18
2020-03-11,34.58
2020-03-12,32.69
2020-03-13,33.93
2020-03-14,32.09
2020-03-15,32.38
2020-03-16,31.49
2020-03-17,30.83
2020-03-18,28.26
2020-03-19,25.82
2020-03-20,28.67
2020-03-21,25.21
2020-03-22,27.655
2020-03-23,24.6
2020-03-24,26.64
2020-03-25,27.05
2020-03-26,25.74
2020-03-27,25.04
2020-03-28,24.49
2020-03-29,24.235
2020-03-30,23.24
2020-03-31,23.43
2020-04-01,21.23
2020-04-02,21.55
2020-04-03,24.51
2020-04-04,23.21
2020-04-05,24.695
2020-04-06,24.87
2020-04-07,24.88
2020-04-08,23.52
2020-04-09,23.32
2020-04-10,22.76
2020-04-11,22.815
2020-04-12,22
2020-04-13,22.31
2020-04-14,21.66
2020-04-15,19.68
2020-04-16,19.72
2020-04-17,20.61
2020-04-18,20.25
2020-04-19,18.99
2020-04-20,20.78
2020-04-21,17.37
2020-04-22,13.52
2020-04-23,18.13
2020-04-24,18.17
2020-04-25,18.05
2020-04-26,17.4
2020-04-27,17.97
2020-04-28,16.63
2020-04-29,17.12
2020-04-30,20.73
2020-05-01,20.5
2020-05-02,22.53
2020-05-03,23.25
2020-05-04,24.33
2020-05-05,26
2020-05-06,26.88
2020-05-07,26
2020-05-08,25.92
2020-05-09,26.36
2020-05-10,26.425
2020-05-11,26.72
2020-05-12,26.93
2020-05-13,26.84
2020-05-14,29.83
2020-05-15,31.94
2020-05-16,31.365
2020-05-17,32.56
2020-05-18,32.9
2020-05-19,33.18
2020-05-20,32.95
2020-05-21,34.1
2020-05-22,32.62
2020-05-23,33.6
2020-05-24,33.715
2020-05-25,34.04
2020-05-26,34.81
2020-05-27,34.48
2020-05-28,33.17
2020-05-29,34.86
2020-05-30,35.57
2020-05-31,36.895
2020-06-01,37.97
2020-06-02,38.93
2020-06-03,39.87
2020-06-04,38.82
2020-06-05,40.63
2020-06-06,40.88
2020-06-07,40.74
2020-06-08,42.94
2020-06-09,40.85
2020-06-10,40.91
2020-06-11,40.6
2020-06-12,38.42
2020-06-13,39.475
2020-06-14,39.355
2020-06-15,38.35
2020-06-16,40.29
2020-06-17,41.46
2020-06-18,41.09
2020-06-19,42.95
2020-06-20,41.705
2020-06-21,43.17
2020-06-22,42.32
2020-06-23,43.39
2020-06-24,42.49
2020-06-25,40.58
2020-06-26,42.02
2020-06-27,40.605
2020-06-28,42.045
2020-06-29,40.63
2020-06-30,42.07
2020-07-01,42.7
2020-07-02,42.85
2020-07-03,42.68
2020-07-04,43.255
2020-07-05,42.79
2020-07-06,43.66
2020-07-07,42.9
2020-07-08,43.34
2020-07-09,43.63
2020-07-10,43.2
2020-07-11,43.505
2020-07-12,42.99
2020-07-13,43.38
2020-07-14,42.78
2020-07-15,44.18
2020-07-16,43.37
2020-07-17,42.86
2020-07-18,43.045
2020-07-19,43.365
2020-07-20,42.72
2020-07-21,43.87
2020-07-22,44.12
2020-07-23,44.42
2020-07-24,43.11
2020-07-25,43.775
2020-07-26,43.115
2020-07-27,43.13
2020-07-28,43.12
2020-07-29,43.27
2020-07-30,43.14
2020-07-31,43.1
2020-08-01,42.81
2020-08-02,43.035
2020-08-03,42.48
2020-08-04,42.97
2020-08-05,43.76
2020-08-06,43.71
2020-08-07,43.88
2020-08-08,42.1
2020-08-09,44
2020-08-10,42.865
2020-08-11,44.12
2020-08-12,43.63
2020-08-13,44.18
2020-08-14,43.44
2020-08-15,43.925
2020-08-16,43.95
2020-08-17,43.67
2020-08-18,44.46
2020-08-19,43.8
2020-08-20,43.89
2020-08-21,43.96
2020-08-22,43.835
2020-08-23,44.15
2020-08-24,43.78
2020-08-25,44.34
2020-08-26,44.83
2020-08-27,45.01
2020-08-28,44.12
2020-08-29,45.47
2020-08-30,44.615
2020-08-31,45.93
2020-09-01,45.11
2020-09-02,45.3
2020-09-03,43.43
2020-09-04,43.78
2020-09-05,42.425
2020-09-06,42.23
2020-09-07,41.42
2020-09-08,40.68
2020-09-09,39.49
2020-09-10,39.74
2020-09-11,39.27
2020-09-12,39.315
2020-09-13,39.255
2020-09-14,38.89
2020-09-15,39.24
2020-09-16,41.21
2020-09-17,41.67
2020-09-18,43.02
2020-09-19,41.65
2020-09-20,42.08
2020-09-21,41.63
2020-09-22,41.14
2020-09-23,41.38
2020-09-24,41.21
2020-09-25,41.98
2020-09-26,41.31
2020-09-27,41.925
2020-09-28,41.41
2020-09-29,41.87
2020-09-30,40.36
2020-10-01,41.12
2020-10-02,38.62
2020-10-03,40.195
2020-10-04,39.585
2020-10-05,39.27
2020-10-06,40.55
2020-10-07,41.24
2020-10-08,41.46
2020-10-09,42.06
2020-10-10,41.37
2020-10-11,41.625
2020-10-12,41.28
2020-10-13,41.19
2020-10-14,41.62
2020-10-15,42.01
2020-10-16,41.88
2020-10-17,41.89
2020-10-18,41.73
2020-10-19,41.77
2020-10-20,41.58
2020-10-21,41.71
2020-10-22,41.36
2020-10-23,41.67
2020-10-24,40.6
2020-10-25,40.785
2020-10-26,39.84
2020-10-27,39.9
2020-10-28,39.27
2020-10-29,38.26
2020-10-30,37.18
2020-10-31,37.28
2020-11-01,38.35
2020-11-02,36.3
2020-11-03,39.52
2020-11-04,39.76
2020-11-05,40.69
2020-11-06,40.57
2020-11-07,40.515
2020-11-08,41.53
2020-11-09,40.34
2020-11-10,42.49
2020-11-11,44.44
2020-11-12,43.95
2020-11-13,43.15
2020-11-14,43.845
2020-11-15,43.51
2020-11-16,43.74
2020-11-17,43.87
2020-11-18,43.78
2020-11-19,44
2020-11-20,44.19
2020-11-21,44.805
2020-11-22,45.025
2020-11-23,45.61
2020-11-24,45.86
2020-11-25,47.87
2020-11-26,47.49
2020-11-27,47.13
2020-11-28,47.255
2020-11-29,47.36
2020-11-30,47.02
2020-12-01,47.59
2020-12-02,47.08
2020-12-03,48.06
2020-12-04,49.04
2020-12-05,48.175
2020-12-06,48.67
2020-12-07,48.29
2020-12-08,48.3
2020-12-09,49.14
2020-12-10,49.03
2020-12-11,50.47
2020-12-12,49.84
2020-12-13,50.32
2020-12-14,50.65
2020-12-15,50.17
2020-12-16,50.85
2020-12-17,51.46
2020-12-18,51.11
2020-12-19,50.86
2020-12-20,50.43
2020-12-21,50.26
2020-12-22,49.75
2020-12-23,49.61
2020-12-24,51.28
2020-12-25,50
2020-12-26,51.175
2020-12-27,50.485
2020-12-28,51.07
2020-12-29,50.97
2020-12-30,51.05
2020-12-31,51.14
2021-01-01,52.49
2021-01-02,52.1
2021-01-03,51.495
2021-01-04,52.49
2021-01-05,50.5
2021-01-06,53.51
2021-01-07,54.52
2021-01-08,54.58
2021-01-09,54.925
2021-01-10,55.145
2021-01-11,55.33
2021-01-12,55.71
2021-01-13,56.44
2021-01-14,55.7
2021-01-15,55.39
2021-01-16,54.945
2021-01-17,55.29
2021-01-18,54.19
2021-01-19,55.19
2021-01-20,56.24
2021-01-21,55.49
2021-01-22,55.2
2021-01-23,55.45
2021-01-24,55.26
2021-01-25,55.41
2021-01-26,55.32
2021-01-27,55.74
2021-01-28,54.77
2021-01-29,54.65
2021-01-30,54.885
2021-01-31,55.71
2021-02-01,55
2021-02-02,56.77
2021-02-03,57.64
2021-02-04,58.36
2021-02-05,58.94
2021-02-06,59.08
2021-02-07,59.715
2021-02-08,59.8
2021-02-09,60.49
2021-02-10,60.39
2021-02-11,60.54
2021-02-12,60
2021-02-13,61.51
2021-02-14,61.15
2021-02-15,62.48
2021-02-16,62.3
2021-02-17,62.8
2021-02-18,63.26
2021-02-19,60.83
2021-02-20,62.27
2021-02-21,62.185
2021-02-22,61.28
2021-02-23,63.54
2021-02-24,62.89
2021-02-25,65.39
2021-02-26,64.29
2021-02-27,64.81
2021-02-28,62.85
2021-03-01,64.23
2021-03-02,61.41
2021-03-03,61.44
2021-03-04,63.11
2021-03-05,66.37
2021-03-06,65.715
2021-03-07,66.385
2021-03-08,68.32
2021-03-09,66.4
2021-03-10,65.3
2021-03-11,66.82
2021-03-12,67.9
2021-03-13,67.535
2021-03-14,67.18
2021-03-15,68.25
2021-03-16,66.46
2021-03-17,66.57
2021-03-18,65.29
2021-03-19,62.2
2021-03-20,64.235
2021-03-21,62.6
2021-03-22,63.18
2021-03-23,63
2021-03-24,60.98
2021-03-25,62.43
2021-03-26,62.07
2021-03-27,62.77
2021-03-28,62.985
2021-03-29,63.11
2021-03-30,63.9
2021-03-31,63.36
2021-04-01,61.51
2021-04-02,61.6
2021-04-03,61.71
2021-04-04,61.47
2021-04-05,61.91
2021-04-06,61.34
2021-04-07,60.88
2021-04-08,61.24
2021-04-09,60.94
2021-04-10,61.17
2021-04-11,61.26
2021-04-12,61.1
2021-04-13,61.58
2021-04-14,62.56
2021-04-15,64.17
2021-04-16,65.12
2021-04-17,64.5
2021-04-18,65.43
2021-04-19,64.83
2021-04-20,65.74
2021-04-21,63.71
2021-04-22,62.25
2021-04-23,62.93
2021-04-24,62.31
2021-04-25,63.1
2021-04-26,62.37
2021-04-27,63.27
2021-04-28,63.57
2021-04-29,65.1
2021-04-30,65.27
2021-05-01,64.74
2021-05-02,65.55
2021-05-03,64.38
2021-05-04,65.83
2021-05-05,67.76
2021-05-06,67.17
2021-05-07,65.9
2021-05-08,66.955
2021-05-09,65.72
2021-05-10,66.74
2021-05-11,65.54
2021-05-12,66.56
2021-05-13,65.37
2021-05-14,65.26
2021-05-15,65.2
2021-05-16,66.835
2021-05-17,67.17
2021-05-18,68.41
2021-05-19,66.11
2021-05-20,65.03
2021-05-21,63.25
2021-05-22,65.645
2021-05-23,65.31
2021-05-24,66.26
2021-05-25,67.37
2021-05-26,66.835
2021-05-27,66.41
2021-05-28,67.41
2021-05-29,67.175
2021-05-30,68.255
2021-05-31,67.94
2021-06-01,69.1
2021-06-02,69.21
2021-06-03,69.97
2021-06-04,70.1
2021-06-05,70
2021-06-06,69.72
2021-06-07,70.03
2021-06-08,69.34
2021-06-09,71.14
2021-06-10,70.71
2021-06-11,71.18
2021-06-12,71.36
2021-06-13,71.485
2021-06-14,72.01
2021-06-15,71.79
2021-06-16,72.78
2021-06-17,72.35
2021-06-18,70.98
2021-06-19,72.07
2021-06-20,71.75
2021-06-21,71.79
2021-06-22,72.52
2021-06-23,73.43
2021-06-24,73.73
2021-06-25,73.46
2021-06-26,73.805
2021-06-27,73.155
2021-06-28,73.88
2021-06-29,72.85
2021-06-30,72.87
2021-07-01,73.85
2021-07-02,74.09
2021-07-03,74.265
2021-07-04,74.985
2021-07-05,74.68
2021-07-06,75.88
2021-07-07,73.29
2021-07-08,70.63
2021-07-09,73.03
2021-07-10,72.085
2021-07-11,73.695
2021-07-12,73.54
2021-07-13,74.36
2021-07-14,74.72
2021-07-15,72.23
2021-07-16,72.18
2021-07-17,71.955
2021-07-18,71.7
2021-07-19,71.68
2021-07-20,71.565
2021-07-21,68.67
2021-07-22,71.43
2021-07-23,72.25
2021-07-24,71.51
2021-07-25,72.635
2021-07-26,71.59
2021-07-27,73.02
2021-07-28,72.82
2021-07-29,73.68
2021-07-30,73.9
2021-07-31,73.48
2021-08-01,72.89
2021-08-02,73.28
2021-08-03,71.88
2021-08-04,71.37
2021-08-05,68.8
2021-08-06,70.72
2021-08-07,70.1
2021-08-08,69.815
2021-08-09,69.935
2021-08-10,68.91
2021-08-11,69.77
2021-08-12,70.52
2021-08-13,70.03
2021-08-14,69.71
2021-08-15,69.24
2021-08-16,68.9
2021-08-17,68.45
2021-08-18,68.58
2021-08-19,65.35
2021-08-20,65.37
2021-08-21,65.72
2021-08-22,67.035
2021-08-23,66.09
2021-08-24,68.7
2021-08-25,69.69
2021-08-26,70.11
2021-08-27,70.76
2021-08-28,70.62
2021-08-29,70.975
2021-08-30,71.13
2021-08-31,71.19
2021-09-01,70.43
2021-09-02,69.74
2021-09-03,71.26
2021-09-04,69.865
2021-09-05,70.805
2021-09-06,69.99
2021-09-07,70.35
2021-09-08,69.78
2021-09-09,70.65
2021-09-10,70.85
2021-09-11,71.19
2021-09-12,71.57
2021-09-13,71.73
2021-09-14,72.29
2021-09-15,72.26
2021-09-16,73.09
2021-09-17,73.06
2021-09-18,72.61
2021-09-19,72.98
2021-09-20,72.13
2021-09-21,72.9
2021-09-22,73.3
2021-09-23,74.11
2021-09-24,74.77
2021-09-25,75.14
2021-09-26,76.055
2021-09-27,76.17
2021-09-28,77.34
2021-09-29,75.7
2021-09-30,75.92
2021-10-01,75.68
2021-10-02,76.545
2021-10-03,77.625
2021-10-04,77.17
2021-10-05,79.57
2021-10-06,80.55
2021-10-07,77.41
2021-10-08,81.23
2021-10-09,79.72
2021-10-10,81.65
2021-10-11,82.03
2021-10-12,82.07
2021-10-13,81.43
2021-10-14,82.28
2021-10-15,82.99
2021-10-16,83.085
2021-10-17,83.01
2021-10-18,83.89
2021-10-19,83.03
2021-10-20,82.56
2021-10-21,83.12
2021-10-22,82.57
2021-10-23,83.745
2021-10-24,83.255
2021-10-25,84.37
2021-10-26,83.94
2021-10-27,83.46
2021-10-28,81.91
2021-10-29,82.57
2021-10-30,81.95
2021-10-31,82.94
2021-11-01,81.99
2021-11-02,83.31
2021-11-03,81.89
2021-11-04,81.555
2021-11-05,79.48
2021-11-06,79.8
2021-11-07,80.86
2021-11-08,81.99
2021-11-09,82.24
2021-11-10,83.97
2021-11-11,81.83
2021-11-12,81.57
2021-11-13,81.36
2021-11-14,81.765
2021-11-15,80.89
2021-11-16,81.96
2021-11-17,81.01
2021-11-18,78.66
2021-11-19,80.89
2021-11-20,78.54
2021-11-21,79.68
2021-11-22,78.42
2021-11-23,78.47
2021-11-24,81.86
2021-11-25,81.44
2021-11-26,77.38
2021-11-27,78.305
2021-11-28,74.63
2021-11-29,75.17
2021-11-30,71.88
2021-12-01,71.13
2021-12-02,69.13
2021-12-03,70.79
2021-12-04,69.625
2021-12-05,72.005
2021-12-06,70.12
2021-12-07,73.22
2021-12-08,73.83
2021-12-09,74.48
2021-12-10,72.73
2021-12-11,74.295
2021-12-12,73.06
2021-12-13,74.11
2021-12-14,73.39
2021-12-15,72.01
2021-12-16,73.37
2021-12-17,73.36
2021-12-18,71.74
2021-12-19,71.96
2021-12-20,70.11
2021-12-21,70.56
2021-12-22,72.56
2021-12-23,73.54
2021-12-24,74.37
2021-12-25,74.83
2021-12-26,75.42
2021-12-27,76.12
2021-12-28,76.47
2021-12-29,76.91
2021-12-30,77.24
2021-12-31,77.12
