date,sun
2015-01-01,10.75
2015-01-02,9.96
2015-01-03,10.8
2015-01-04,8.16
2015-01-05,7.3
2015-01-06,10.72
2015-01-07,11.34
2015-01-08,11.84
2015-01-09,9.96
2015-01-10,11.27
2015-01-11,10.38
2015-01-12,11.12
2015-01-13,10.8
2015-01-14,3.22
2015-01-15,6.63
2015-01-16,4.08
2015-01-17,11.85
2015-01-18,11.9
2015-01-19,9.76
2015-01-20,10.71
2015-01-21,3.89
2015-01-22,3.6
2015-01-23,9.49
2015-01-24,11.96
2015-01-25,3.93
2015-01-26,3.46
2015-01-27,11.47
2015-01-28,9.45
2015-01-29,4.52
2015-01-30,11.67
2015-01-31,13.12
2015-02-01,14.01
2015-02-02,11.77
2015-02-03,10.06
2015-02-04,13.15
2015-02-05,10.09
2015-02-06,13.39
2015-02-07,12.13
2015-02-08,14.83
2015-02-09,14.66
2015-02-10,11.32
2015-02-11,10.47
2015-02-12,15.21
2015-02-13,15.48
2015-02-14,12.4
2015-02-15,8.76
2015-02-16,1.67
2015-02-17,9.01
2015-02-18,8.97
2015-02-19,12.08
2015-02-20,14.06
2015-02-21,3.18
2015-02-22,11.85
2015-02-23,13.67
2015-02-24,16.15
2015-02-25,11.73
2015-02-26,13.28
2015-02-27,16.9
2015-02-28,7.5
2015-03-01,10.21
2015-03-02,18.2
2015-03-03,6.63
2015-03-04,19.19
2015-03-05,18.08
2015-03-06,18.62
2015-03-07,18.91
2015-03-08,17.23
2015-03-09,16.37
2015-03-10,20.26
2015-03-11,15.55
2015-03-12,20.02
2015-03-13,13.44
2015-03-14,19.24
2015-03-15,18.03
2015-03-16,18.29
2015-03-17,15.25
2015-03-18,1.74
2015-03-19,19.15
2015-03-20,16.12
2015-03-21,19.35
2015-03-22,20.71
2015-03-23,22.18
2015-03-24,21.8
2015-03-25,21.99
2015-03-26,22.2
2015-03-27,19.03
2015-03-28,22.5
2015-03-29,19.23
2015-03-30,20.78
2015-03-31,4.05
2015-04-01,3.05
2015-04-02,5.52
2015-04-03,15.55
2015-04-04,15.35
2015-04-05,4.77
2015-04-06,5.3
2015-04-07,5.97
2015-04-08,8.52
2015-04-09,21.39
2015-04-10,22.32
2015-04-11,23.98
2015-04-12,12.83
2015-04-13,5.36
2015-04-14,14.02
2015-04-15,18.7
2015-04-16,14.64
2015-04-17,25.28
2015-04-18,17.43
2015-04-19,3.08
2015-04-20,3.99
2015-04-21,22.45
2015-04-22,20.14
2015-04-23,23.77
2015-04-24,24
2015-04-25,26.07
2015-04-26,25.47
2015-04-27,24.12
2015-04-28,18.7
2015-04-29,5.24
2015-04-30,16.68
2015-05-01,25.13
2015-05-02,21.86
2015-05-03,6.06
2015-05-04,25.32
2015-05-05,27.96
2015-05-06,18.14
2015-05-07,24.11
2015-05-08,22.15
2015-05-09,23.79
2015-05-10,25.72
2015-05-11,16.89
2015-05-12,21.04
2015-05-13,26.78
2015-05-14,24.97
2015-05-15,10.32
2015-05-16,26.3
2015-05-17,26.59
2015-05-18,12.16
2015-05-19,25.4
2015-05-20,28.51
2015-05-21,28.54
2015-05-22,27.44
2015-05-23,26.53
2015-05-24,28.8
2015-05-25,28.55
2015-05-26,28.84
2015-05-27,29.65
2015-05-28,24.87
2015-05-29,26.79
2015-05-30,9.97
2015-05-31,25.45
2015-06-01,24.58
2015-06-02,19.26
2015-06-03,26.36
2015-06-04,28
2015-06-05,4.69
2015-06-06,22.8
2015-06-07,27.12
2015-06-08,13.6
2015-06-09,25.64
2015-06-10,26.08
2015-06-11,8.81
2015-06-12,26.38
2015-06-13,18.02
2015-06-14,21.26
2015-06-15,21.37
2015-06-16,21.4
2015-06-17,22.17
2015-06-18,19.52
2015-06-19,21.76
2015-06-20,5.86
2015-06-21,22.9
2015-06-22,24.04
2015-06-23,21.89
2015-06-24,18.83
2015-06-25,12.18
2015-06-26,6.96
2015-06-27,16.85
2015-06-28,16.51
2015-06-29,25.94
2015-06-30,9.31
2015-07-01,22.74
2015-07-02,26.35
2015-07-03,24.01
2015-07-04,26.28
2015-07-05,24.88
2015-07-06,22.94
2015-07-07,6.22
2015-07-08,8.08
2015-07-09,8.72
2015-07-10,19.02
2015-07-11,20.33
2015-07-12,5.2
2015-07-13,9.33
2015-07-14,24.57
2015-07-15,17.91
2015-07-16,26.02
2015-07-17,14.83
2015-07-18,19.04
2015-07-19,21.48
2015-07-20,9.77
2015-07-21,13.37
2015-07-22,17.51
2015-07-23,11.06
2015-07-24,8.96
2015-07-25,24.16
2015-07-26,26.58
2015-07-27,14.28
2015-07-28,24.09
2015-07-29,8.47
2015-07-30,23.61
2015-07-31,25.75
2015-08-01,25.02
2015-08-02,16.59
2015-08-03,23.13
2015-08-04,25.82
2015-08-05,25.94
2015-08-06,25.85
2015-08-07,25.5
2015-08-08,16.27
2015-08-09,18.32
2015-08-10,18.74
2015-08-11,9.09
2015-08-12,8.99
2015-08-13,20.89
2015-08-14,18.79
2015-08-15,20.81
2015-08-16,8.56
2015-08-17,17.49
2015-08-18,19.92
2015-08-19,12.96
2015-08-20,8.5
2015-08-21,13
2015-08-22,16.43
2015-08-23,14.73
2015-08-24,9.68
2015-08-25,2.41
2015-08-26,15.25
2015-08-27,18.08
2015-08-28,19.54
2015-08-29,15.36
2015-08-30,19.45
2015-08-31,20.67
2015-09-01,12.75
2015-09-02,9.84
2015-09-03,19.61
2015-09-04,20.73
2015-09-05,5.04
2015-09-06,6.05
2015-09-07,21.55
2015-09-08,23.71
2015-09-09,23.5
2015-09-10,22.63
2015-09-11,17.78
2015-09-12,6.14
2015-09-13,20.5
2015-09-14,20.07
2015-09-15,21.64
2015-09-16,17.54
2015-09-17,6.5
2015-09-18,20.9
2015-09-19,18.9
2015-09-20,16.45
2015-09-21,18.75
2015-09-22,20.52
2015-09-23,7.5
2015-09-24,7.42
2015-09-25,13.56
2015-09-26,11.57
2015-09-27,17.54
2015-09-28,17.45
2015-09-29,19.36
2015-09-30,10.7
2015-10-01,2.3
2015-10-02,20.03
2015-10-03,15.59
2015-10-04,17.08
2015-10-05,18.33
2015-10-06,17.82
2015-10-07,15.76
2015-10-08,16.09
2015-10-09,16.45
2015-10-10,15.62
2015-10-11,10.56
2015-10-12,16.45
2015-10-13,17.25
2015-10-14,16.74
2015-10-15,15.12
2015-10-16,15.55
2015-10-17,13.98
2015-10-18,15.09
2015-10-19,12.55
2015-10-20,12
2015-10-21,12.11
2015-10-22,9.93
2015-10-23,11.18
2015-10-24,8.87
2015-10-25,15.49
2015-10-26,11.21
2015-10-27,5.64
2015-10-28,15
2015-10-29,14.01
2015-10-30,15.27
2015-10-31,15.8
2015-11-01,5.47
2015-11-02,12.58
2015-11-03,12.81
2015-11-04,13.2
2015-11-05,11
2015-11-06,8.12
2015-11-07,1.4
2015-11-08,1.79
2015-11-09,4.96
2015-11-10,9.06
2015-11-11,10.62
2015-11-12,5.16
2015-11-13,1.55
2015-11-14,4.03
2015-11-15,5.94
2015-11-16,3.25
2015-11-17,2.34
2015-11-18,1.19
2015-11-19,3.12
2015-11-20,9.24
2015-11-21,3.19
2015-11-22,4.42
2015-11-23,2.72
2015-11-24,4.77
2015-11-25,1.76
2015-11-26,7.11
2015-11-27,8.43
2015-11-28,6.11
2015-11-29,6.94
2015-11-30,9.99
2015-12-01,8.92
2015-12-02,1.34
2015-12-03,6.92
2015-12-04,10.28
2015-12-05,5.47
2015-12-06,6.87
2015-12-07,7.6
2015-12-08,9.1
2015-12-09,6.35
2015-12-10,1.94
2015-12-11,3.57
2015-12-12,9.38
2015-12-13,8.83
2015-12-14,2.31
2015-12-15,5.18
2015-12-16,9.71
2015-12-17,10.66
2015-12-18,10.25
2015-12-19,8.38
2015-12-20,2.89
2015-12-21,2.85
2015-12-22,4.21
2015-12-23,1.2
2015-12-24,4.62
2015-12-25,10.55
2015-12-26,8.24
2015-12-27,10.58
2015-12-28,11
2015-12-29,9.8
2015-12-30,10.08
2015-12-31,7.49
2016-01-01,9.97
2016-01-02,9
2016-01-03,9.16
2016-01-04,9.05
2016-01-05,6.23
2016-01-06,9.55
2016-01-07,10.89
2016-01-08,11.21
2016-01-09,10.46
2016-01-10,6.93
2016-01-11,10.47
2016-01-12,11.33
2016-01-13,9.24
2016-01-14,11.49
2016-01-15,9.38
2016-01-16,10.24
2016-01-17,2.74
2016-01-18,9.07
2016-01-19,12.62
2016-01-20,9.42
2016-01-21,7.04
2016-01-22,10.66
2016-01-23,11.43
2016-01-24,12.38
2016-01-25,13.04
2016-01-26,11.63
2016-01-27,10.83
2016-01-28,3.46
2016-01-29,2.03
2016-01-30,4.96
2016-01-31,10.12
2016-02-01,13.21
2016-02-02,13.58
2016-02-03,13.76
2016-02-04,11.05
2016-02-05,13.5
2016-02-06,13.67
2016-02-07,14.14
2016-02-08,10.62
2016-02-09,14.54
2016-02-10,14.75
2016-02-11,10.69
2016-02-12,1.33
2016-02-13,7.54
2016-02-14,5.87
2016-02-15,16.2
2016-02-16,10.92
2016-02-17,16.06
2016-02-18,10.33
2016-02-19,6.41
2016-02-20,13.05
2016-02-21,16.83
2016-02-22,11.14
2016-02-23,13.13
2016-02-24,13.27
2016-02-25,16.5
2016-02-26,12.12
2016-02-27,14.39
2016-02-28,6.3
2016-02-29,11.68
2016-03-01,18.52
2016-03-02,17.42
2016-03-03,17.77
2016-03-04,8.16
2016-03-05,4.3
2016-03-06,13.65
2016-03-07,11.56
2016-03-08,4.98
2016-03-09,16.15
2016-03-10,18.95
2016-03-11,20.09
2016-03-12,18.54
2016-03-13,9.08
2016-03-14,18.58
2016-03-15,20.1
2016-03-16,16.86
2016-03-17,18.58
2016-03-18,3.4
2016-03-19,16.58
2016-03-20,12.77
2016-03-21,20.29
2016-03-22,18.71
2016-03-23,15.4
2016-03-24,14.29
2016-03-25,11.99
2016-03-26,18.15
2016-03-27,18.67
2016-03-28,21.34
2016-03-29,17.39
2016-03-30,21.55
2016-03-31,15.07
2016-04-01,22.59
2016-04-02,18.96
2016-04-03,5.3
2016-04-04,10.5
2016-04-05,23.24
2016-04-06,15.63
2016-04-07,11.19
2016-04-08,23.01
2016-04-09,17.79
2016-04-10,19.78
2016-04-11,17.24
2016-04-12,19.49
2016-04-13,1.99
2016-04-14,16.65
2016-04-15,24.35
2016-04-16,12.6
2016-04-17,21.32
2016-04-18,22.09
2016-04-19,24.48
2016-04-20,13.66
2016-04-21,6.18
2016-04-22,22.67
2016-04-23,14.69
2016-04-24,22.22
2016-04-25,25.01
2016-04-26,22.69
2016-04-27,3.72
2016-04-28,18.32
2016-04-29,24.42
2016-04-30,22.36
2016-05-01,22.71
2016-05-02,22.66
2016-05-03,6.28
2016-05-04,27.69
2016-05-05,25.47
2016-05-06,13.44
2016-05-07,26.59
2016-05-08,24.93
2016-05-09,15.21
2016-05-10,3.31
2016-05-11,23.81
2016-05-12,25.43
2016-05-13,14.14
2016-05-14,28.44
2016-05-15,21.08
2016-05-16,23.09
2016-05-17,28.43
2016-05-18,28.65
2016-05-19,28.83
2016-05-20,26.9
2016-05-21,27.26
2016-05-22,27.58
2016-05-23,26.34
2016-05-24,4.5
2016-05-25,27.15
2016-05-26,21.52
2016-05-27,23.47
2016-05-28,24.1
2016-05-29,17.6
2016-05-30,28.11
2016-05-31,23.42
2016-06-01,27.02
2016-06-02,29.15
2016-06-03,26.92
2016-06-04,7.51
2016-06-05,28.65
2016-06-06,10.96
2016-06-07,21.16
2016-06-08,11.66
2016-06-09,21.69
2016-06-10,27.26
2016-06-11,20.88
2016-06-12,9.35
2016-06-13,22.38
2016-06-14,17.7
2016-06-15,7.78
2016-06-16,22.59
2016-06-17,26.66
2016-06-18,25.9
2016-06-19,26.34
2016-06-20,20.28
2016-06-21,20.2
2016-06-22,17.78
2016-06-23,26.02
2016-06-24,7.12
2016-06-25,18.77
2016-06-26,25.03
2016-06-27,17.95
2016-06-28,16.83
2016-06-29,18.16
2016-06-30,21.38
2016-07-01,9.02
2016-07-02,14
2016-07-03,7.71
2016-07-04,2.09
2016-07-05,18.53
2016-07-06,6.67
2016-07-07,21.04
2016-07-08,26.23
2016-07-09,27.07
2016-07-10,21.23
2016-07-11,18.04
2016-07-12,16.77
2016-07-13,18.27
2016-07-14,14.15
2016-07-15,20.69
2016-07-16,2.46
2016-07-17,16.87
2016-07-18,21.63
2016-07-19,24.85
2016-07-20,11
2016-07-21,20.27
2016-07-22,26.2
2016-07-23,19.98
2016-07-24,20.94
2016-07-25,9.62
2016-07-26,24.47
2016-07-27,19.83
2016-07-28,18.79
2016-07-29,16.23
2016-07-30,17.94
2016-07-31,23.05
2016-08-01,22.66
2016-08-02,12.77
2016-08-03,17.28
2016-08-04,20.71
2016-08-05,25.23
2016-08-06,25.44
2016-08-07,24.51
2016-08-08,20.5
2016-08-09,19.54
2016-08-10,20.79
2016-08-11,24.53
2016-08-12,24.64
2016-08-13,24.7
2016-08-14,21.77
2016-08-15,19.37
2016-08-16,22.48
2016-08-17,23.91
2016-08-18,21.49
2016-08-19,23.37
2016-08-20,24.43
2016-08-21,21.62
2016-08-22,18.16
2016-08-23,18.81
2016-08-24,23.37
2016-08-25,23.08
2016-08-26,3.18
2016-08-27,23.06
2016-08-28,4.42
2016-08-29,13.7
2016-08-30,13.96
2016-08-31,5.92
2016-09-01,19.5
2016-09-02,2.64
2016-09-03,0
2016-09-04,0
2016-09-05,10.71
2016-09-06,11.37
2016-09-07,15.03
2016-09-08,15.18
2016-09-09,16.98
2016-09-10,8.89
2016-09-11,15.64
2016-09-12,5.66
2016-09-13,17.04
2016-09-14,15.51
2016-09-15,11.84
2016-09-16,6.2
2016-09-17,2.06
2016-09-18,6.15
2016-09-19,9.72
2016-09-20,17.83
2016-09-21,13.95
2016-09-22,7.53
2016-09-23,18.49
2016-09-24,18.2
2016-09-25,10.02
2016-09-26,8.07
2016-09-27,9.38
2016-09-28,12.1
2016-09-29,5.37
2016-09-30,2.8
2016-10-01,5.83
2016-10-02,7.52
2016-10-03,7.4
2016-10-04,15.75
2016-10-05,6.1
2016-10-06,14.68
2016-10-07,10.27
2016-10-08,9.53
2016-10-09,18.54
2016-10-10,12.58
2016-10-11,11.54
2016-10-12,14.44
2016-10-13,11.52
2016-10-14,13.07
2016-10-15,12.46
2016-10-16,4.12
2016-10-17,11.48
2016-10-18,8.66
2016-10-19,11.14
2016-10-20,9.18
2016-10-21,5.29
2016-10-22,10.17
2016-10-23,3.07
2016-10-24,14.91
2016-10-25,2.27
2016-10-26,9.97
2016-10-27,8.85
2016-10-28,3.51
2016-10-29,5.62
2016-10-30,15.01
2016-10-31,2.67
2016-11-01,14.98
2016-11-02,15.53
2016-11-03,11.28
2016-11-04,11.99
2016-11-05,9.77
2016-11-06,1.67
2016-11-07,7.11
2016-11-08,12.14
2016-11-09,12.71
2016-11-10,7.05
2016-11-11,11.43
2016-11-12,11.18
2016-11-13,7.84
2016-11-14,7.89
2016-11-15,12.09
2016-11-16,9.51
2016-11-17,10.36
2016-11-18,5.41
2016-11-19,2.49
2016-11-20,10.96
2016-11-21,4.53
2016-11-22,4.8
2016-11-23,8.17
2016-11-24,12.21
2016-11-25,8.63
2016-11-26,2.87
2016-11-27,2.47
2016-11-28,10.26
2016-11-29,11.61
2016-11-30,4.04
2016-12-01,8.54
2016-12-02,11.68
2016-12-03,10.32
2016-12-04,3.46
2016-12-05,6.4
2016-12-06,11.26
2016-12-07,3.53
2016-12-08,7.63
2016-12-09,9.07
2016-12-10,11.47
2016-12-11,11.55
2016-12-12,7.31
2016-12-13,6.7
2016-12-14,1.72
2016-12-15,10.84
2016-12-16,10.9
2016-12-17,10.08
2016-12-18,8.79
2016-12-19,2.56
2016-12-20,6.17
2016-12-21,4.73
2016-12-22,3.16
2016-12-23,7.24
2016-12-24,7.52
2016-12-25,9.1
2016-12-26,1.45
2016-12-27,6.46
2016-12-28,11.42
2016-12-29,10.4
2016-12-30,11.29
2016-12-31,9.74
2017-01-01,7.98
2017-01-02,8.25
2017-01-03,10.18
2017-01-04,9.43
2017-01-05,5.8
2017-01-06,5.77
2017-01-07,6.83
2017-01-08,6.8
2017-01-09,8.62
2017-01-10,11.34
2017-01-11,11.41
2017-01-12,5.09
2017-01-13,8.7
2017-01-14,11.95
2017-01-15,11.98
2017-01-16,11.78
2017-01-17,9.33
2017-01-18,7.52
2017-01-19,9.14
2017-01-20,7.97
2017-01-21,11.77
2017-01-22,12.06
2017-01-23,12.14
2017-01-24,13.12
2017-01-25,13.33
2017-01-26,12.4
2017-01-27,12.52
2017-01-28,12.38
2017-01-29,3.98
2017-01-30,10.64
2017-01-31,11.98
2017-02-01,13.1
2017-02-02,14.33
2017-02-03,13.77
2017-02-04,11.29
2017-02-05,7.38
2017-02-06,13.92
2017-02-07,9.93
2017-02-08,9.27
2017-02-09,14.47
2017-02-10,15.34
2017-02-11,15.18
2017-02-12,15.61
2017-02-13,14.57
2017-02-14,13.94
2017-02-15,14.66
2017-02-16,13.73
2017-02-17,13.66
2017-02-18,16.85
2017-02-19,12.71
2017-02-20,14.76
2017-02-21,16.36
2017-02-22,2.39
2017-02-23,12.55
2017-02-24,17.7
2017-02-25,17.45
2017-02-26,16.85
2017-02-27,16.28
2017-02-28,15.85
2017-03-01,9.46
2017-03-02,7.16
2017-03-03,17.74
2017-03-04,18.65
2017-03-05,13.92
2017-03-06,19.04
2017-03-07,18.36
2017-03-08,17.08
2017-03-09,17.67
2017-03-10,19.93
2017-03-11,19.37
2017-03-12,17.2
2017-03-13,17.78
2017-03-14,10.88
2017-03-15,17.52
2017-03-16,17.86
2017-03-17,18.92
2017-03-18,12.9
2017-03-19,18.7
2017-03-20,9.64
2017-03-21,14.49
2017-03-22,16.87
2017-03-23,15.08
2017-03-24,15.58
2017-03-25,2.93
2017-03-26,10.51
2017-03-27,11.78
2017-03-28,18.57
2017-03-29,20.37
2017-03-30,21.05
2017-03-31,4.57
2017-04-01,8.53
2017-04-02,21
2017-04-03,22.79
2017-04-04,21.67
2017-04-05,5.24
2017-04-06,8.47
2017-04-07,21.22
2017-04-08,22.08
2017-04-09,7.28
2017-04-10,23.17
2017-04-11,15.94
2017-04-12,22.72
2017-04-13,23.11
2017-04-14,16.81
2017-04-15,23.61
2017-04-16,20.76
2017-04-17,1.67
2017-04-18,17.95
2017-04-19,25.68
2017-04-20,7.78
2017-04-21,20.12
2017-04-22,22.27
2017-04-23,25.02
2017-04-24,26.01
2017-04-25,18.04
2017-04-26,21.65
2017-04-27,25.47
2017-04-28,25.63
2017-04-29,25.76
2017-04-30,24.13
2017-05-01,26.5
2017-05-02,23.74
2017-05-03,26.79
2017-05-04,21.84
2017-05-05,22.33
2017-05-06,26.45
2017-05-07,26.25
2017-05-08,19.39
2017-05-09,6.14
2017-05-10,8.34
2017-05-11,17.18
2017-05-12,7.01
2017-05-13,22.46
2017-05-14,28.57
2017-05-15,24.25
2017-05-16,17.75
2017-05-17,22.94
2017-05-18,25.11
2017-05-19,27.86
2017-05-20,26.58
2017-05-21,26.21
2017-05-22,26.97
2017-05-23,18.5
2017-05-24,14.77
2017-05-25,25.97
2017-05-26,22.3
2017-05-27,28.04
2017-05-28,25.27
2017-05-29,25.92
2017-05-30,19.57
2017-05-31,21.29
2017-06-01,17.12
2017-06-02,28.65
2017-06-03,22.8
2017-06-04,28.61
2017-06-05,29.25
2017-06-06,9.57
2017-06-07,5.49
2017-06-08,28.64
2017-06-09,26.4
2017-06-10,17.78
2017-06-11,29.08
2017-06-12,25.75
2017-06-13,25.06
2017-06-14,23.63
2017-06-15,27.24
2017-06-16,27.51
2017-06-17,27.03
2017-06-18,27.38
2017-06-19,25.63
2017-06-20,15.78
2017-06-21,20.17
2017-06-22,26.28
2017-06-23,24.41
2017-06-24,16.18
2017-06-25,17.09
2017-06-26,12.58
2017-06-27,17.61
2017-06-28,22.46
2017-06-29,19.79
2017-06-30,23.35
2017-07-01,7.05
2017-07-02,10.18
2017-07-03,8.43
2017-07-04,18.17
2017-07-05,22.96
2017-07-06,18.85
2017-07-07,12.56
2017-07-08,7.02
2017-07-09,21.37
2017-07-10,10.32
2017-07-11,24.09
2017-07-12,24.57
2017-07-13,27.4
2017-07-14,22.18
2017-07-15,11.73
2017-07-16,5.71
2017-07-17,14.97
2017-07-18,17.95
2017-07-19,22.44
2017-07-20,25.47
2017-07-21,21.02
2017-07-22,14.01
2017-07-23,5.35
2017-07-24,8.55
2017-07-25,8.43
2017-07-26,26.75
2017-07-27,26.59
2017-07-28,13.44
2017-07-29,5.32
2017-07-30,17.39
2017-07-31,4.16
2017-08-01,16.62
2017-08-02,17.77
2017-08-03,19.91
2017-08-04,20.75
2017-08-05,19.85
2017-08-06,25.74
2017-08-07,23.23
2017-08-08,22.26
2017-08-09,5.58
2017-08-10,4.76
2017-08-11,20.33
2017-08-12,19.76
2017-08-13,10.03
2017-08-14,5.55
2017-08-15,4.54
2017-08-16,10.25
2017-08-17,8.6
2017-08-18,17.99
2017-08-19,12.73
2017-08-20,8.81
2017-08-21,12.98
2017-08-22,19.56
2017-08-23,17.06
2017-08-24,14.32
2017-08-25,21.04
2017-08-26,24.56
2017-08-27,19.89
2017-08-28,18.56
2017-08-29,24.08
2017-08-30,8.45
2017-08-31,22.8
2017-09-01,23.13
2017-09-02,20.73
2017-09-03,23.3
2017-09-04,19.04
2017-09-05,7.97
2017-09-06,7.64
2017-09-07,19.34
2017-09-08,20.77
2017-09-09,15.9
2017-09-10,12.43
2017-09-11,4.12
2017-09-12,21.38
2017-09-13,22.49
2017-09-14,20.82
2017-09-15,18.7
2017-09-16,9.85
2017-09-17,11.15
2017-09-18,20.25
2017-09-19,16.12
2017-09-20,17.69
2017-09-21,19.7
2017-09-22,18.64
2017-09-23,14.99
2017-09-24,14.14
2017-09-25,17.02
2017-09-26,16.81
2017-09-27,3.33
2017-09-28,16.99
2017-09-29,18.19
2017-09-30,18.45
2017-10-01,5.48
2017-10-02,7.47
2017-10-03,14.56
2017-10-04,13.96
2017-10-05,12.49
2017-10-06,3.97
2017-10-07,14.3
2017-10-08,15.36
2017-10-09,15.54
2017-10-10,14.98
2017-10-11,4.32
2017-10-12,1.62
2017-10-13,16.89
2017-10-14,16.08
2017-10-15,9.37
2017-10-16,8.47
2017-10-17,15.09
2017-10-18,2.83
2017-10-19,8.29
2017-10-20,15.87
2017-10-21,15.23
2017-10-22,12.05
2017-10-23,12.44
2017-10-24,12.6
2017-10-25,12.9
2017-10-26,10.2
2017-10-27,8.22
2017-10-28,10.64
2017-10-29,11.42
2017-10-30,14.82
2017-10-31,14.71
2017-11-01,12.63
2017-11-02,11.29
2017-11-03,8.22
2017-11-04,11.74
2017-11-05,13.57
2017-11-06,12.72
2017-11-07,12.12
2017-11-08,11.7
2017-11-09,12.63
2017-11-10,9.87
2017-11-11,12.92
2017-11-12,12.51
2017-11-13,9
2017-11-14,11.39
2017-11-15,11.43
2017-11-16,12.49
2017-11-17,8.02
2017-11-18,12.08
2017-11-19,12.42
2017-11-20,11.56
2017-11-21,12.77
2017-11-22,3.17
2017-11-23,11.44
2017-11-24,8.74
2017-11-25,11.13
2017-11-26,5.67
2017-11-27,9.49
2017-11-28,6.53
2017-11-29,8.79
2017-11-30,10.71
2017-12-01,11.66
2017-12-02,10.24
2017-12-03,6.08
2017-12-04,10.1
2017-12-05,11.26
2017-12-06,8.81
2017-12-07,6.52
2017-12-08,10.93
2017-12-09,10.1
2017-12-10,6.3
2017-12-11,9.72
2017-12-12,11.12
2017-12-13,11.12
2017-12-14,8.42
2017-12-15,7.79
2017-12-16,9.66
2017-12-17,10.83
2017-12-18,7.31
2017-12-19,9.85
2017-12-20,10.02
2017-12-21,10.56
2017-12-22,8.97
2017-12-23,8.35
2017-12-24,1.32
2017-12-25,10.66
2017-12-26,10.36
2017-12-27,11.18
2017-12-28,7.93
2017-12-29,6.97
2017-12-30,5.81
2017-12-31,10.18
2018-01-01,10.83
2018-01-02,7.92
2018-01-03,11.01
2018-01-04,9.85
2018-01-05,9.81
2018-01-06,11.11
2018-01-07,5.72
2018-01-08,2.61
2018-01-09,6.39
2018-01-10,9.14
2018-01-11,11.72
2018-01-12,11.97
2018-01-13,7.98
2018-01-14,10.22
2018-01-15,9.76
2018-01-16,5.83
2018-01-17,2.67
2018-01-18,6.18
2018-01-19,9.84
2018-01-20,9.31
2018-01-21,8.97
2018-01-22,6.36
2018-01-23,12.84
2018-01-24,12.9
2018-01-25,12.29
2018-01-26,13.24
2018-01-27,12.95
2018-01-28,11.85
2018-01-29,12.81
2018-01-30,12.73
2018-01-31,9.41
2018-02-01,13.52
2018-02-02,12.39
2018-02-03,13.63
2018-02-04,14.07
2018-02-05,14.4
2018-02-06,14.54
2018-02-07,14.51
2018-02-08,13.24
2018-02-09,11.4
2018-02-10,8.17
2018-02-11,13.68
2018-02-12,12.89
2018-02-13,15.29
2018-02-14,12.17
2018-02-15,14.61
2018-02-16,13.29
2018-02-17,16.39
2018-02-18,11.11
2018-02-19,12.93
2018-02-20,13.67
2018-02-21,13.28
2018-02-22,15.79
2018-02-23,11.85
2018-02-24,12.74
2018-02-25,12.04
2018-02-26,17.31
2018-02-27,14.1
2018-02-28,1.51
2018-03-01,17.54
2018-03-02,18.25
2018-03-03,17.01
2018-03-04,10.67
2018-03-05,6.43
2018-03-06,19.08
2018-03-07,3.24
2018-03-08,3.66
2018-03-09,10.38
2018-03-10,17.83
2018-03-11,18.57
2018-03-12,18.44
2018-03-13,17.54
2018-03-14,19.12
2018-03-15,2.68
2018-03-16,11.91
2018-03-17,21.35
2018-03-18,11.17
2018-03-19,2.9
2018-03-20,13.23
2018-03-21,5.12
2018-03-22,21.54
2018-03-23,20.36
2018-03-24,17.95
2018-03-25,21.82
2018-03-26,21.39
2018-03-27,20.76
2018-03-28,20.92
2018-03-29,15.38
2018-03-30,20.4
2018-03-31,19.52
2018-04-01,11.53
2018-04-02,21.14
2018-04-03,15.99
2018-04-04,3.49
2018-04-05,3.11
2018-04-06,18.25
2018-04-07,17.1
2018-04-08,23
2018-04-09,25.66
2018-04-10,23.66
2018-04-11,26.73
2018-04-12,26.64
2018-04-13,19.45
2018-04-14,2.5
2018-04-15,23.63
2018-04-16,26.57
2018-04-17,25.75
2018-04-18,27.85
2018-04-19,27.63
2018-04-20,26.69
2018-04-21,27.05
2018-04-22,11.45
2018-04-23,2.52
2018-04-24,7.1
2018-04-25,28.42
2018-04-26,24.08
2018-04-27,26.07
2018-04-28,28.6
2018-04-29,28.17
2018-04-30,24.96
2018-05-01,20.04
2018-05-02,3.49
2018-05-03,25.87
2018-05-04,29.81
2018-05-05,25.74
2018-05-06,3.14
2018-05-07,10.21
2018-05-08,15.96
2018-05-09,22.8
2018-05-10,27.51
2018-05-11,28.43
2018-05-12,4.42
2018-05-13,23.65
2018-05-14,27.85
2018-05-15,26.63
2018-05-16,9.29
2018-05-17,22.57
2018-05-18,3.65
2018-05-19,31.1
2018-05-20,23.22
2018-05-21,17.1
2018-05-22,20.26
2018-05-23,29.19
2018-05-24,30.54
2018-05-25,28.2
2018-05-26,30.98
2018-05-27,17.12
2018-05-28,26.88
2018-05-29,25.02
2018-05-30,19.15
2018-05-31,29.22
2018-06-01,29.49
2018-06-02,30.56
2018-06-03,26.63
2018-06-04,25.94
2018-06-05,18.34
2018-06-06,28.11
2018-06-07,29.81
2018-06-08,25.51
2018-06-09,25.87
2018-06-10,10.67
2018-06-11,9.67
2018-06-12,18.83
2018-06-13,17.06
2018-06-14,12.39
2018-06-15,21.71
2018-06-16,22.75
2018-06-17,19.6
2018-06-18,26.1
2018-06-19,10.4
2018-06-20,28.13
2018-06-21,31.28
2018-06-22,28.71
2018-06-23,21.8
2018-06-24,30.12
2018-06-25,20.25
2018-06-26,3.17
2018-06-27,20.84
2018-06-28,8.93
2018-06-29,23.79
2018-06-30,8.27
2018-07-01,9.42
2018-07-02,2.77
2018-07-03,8.84
2018-07-04,23.1
2018-07-05,8.04
2018-07-06,13.93
2018-07-07,28.79
2018-07-08,16.7
2018-07-09,3.64
2018-07-10,21.6
2018-07-11,18.12
2018-07-12,27.95
2018-07-13,29.24
2018-07-14,30.66
2018-07-15,30.78
2018-07-16,30.2
2018-07-17,29.7
2018-07-18,29.63
2018-07-19,29.67
2018-07-20,29.36
2018-07-21,28.46
2018-07-22,26.09
2018-07-23,25.97
2018-07-24,27.93
2018-07-25,26.8
2018-07-26,28.89
2018-07-27,27.22
2018-07-28,19.6
2018-07-29,25.11
2018-07-30,24.72
2018-07-31,28.79
2018-08-01,29.8
2018-08-02,28.67
2018-08-03,28.44
2018-08-04,28.03
2018-08-05,26.69
2018-08-06,16.42
2018-08-07,19.74
2018-08-08,23.42
2018-08-09,20.33
2018-08-10,16.6
2018-08-11,17.16
2018-08-12,14.43
2018-08-13,26.67
2018-08-14,22.83
2018-08-15,27.68
2018-08-16,16.99
2018-08-17,20.48
2018-08-18,28.21
2018-08-19,26.56
2018-08-20,24.15
2018-08-21,22.61
2018-08-22,20.56
2018-08-23,14.61
2018-08-24,7.73
2018-08-25,17.4
2018-08-26,3.29
2018-08-27,3.28
2018-08-28,6.2
2018-08-29,18.99
2018-08-30,9.31
2018-08-31,9.2
2018-09-01,21.27
2018-09-02,16.2
2018-09-03,7.49
2018-09-04,20.29
2018-09-05,23.41
2018-09-06,13.18
2018-09-07,13.04
2018-09-08,17.07
2018-09-09,22.72
2018-09-10,19.67
2018-09-11,21.95
2018-09-12,16.68
2018-09-13,4.05
2018-09-14,5.97
2018-09-15,7.92
2018-09-16,10.82
2018-09-17,20.77
2018-09-18,18.75
2018-09-19,9.54
2018-09-20,4.35
2018-09-21,4.79
2018-09-22,20.79
2018-09-23,14.74
2018-09-24,13.74
2018-09-25,20.08
2018-09-26,13.42
2018-09-27,18.7
2018-09-28,10.43
2018-09-29,11.67
2018-09-30,19.56
2018-10-01,16.7
2018-10-02,20.76
2018-10-03,19.54
2018-10-04,18.32
2018-10-05,2.5
2018-10-06,4.92
2018-10-07,18.24
2018-10-08,20.39
2018-10-09,12.58
2018-10-10,15.37
2018-10-11,19.62
2018-10-12,19.68
2018-10-13,17.34
2018-10-14,16.16
2018-10-15,17.14
2018-10-16,6.89
2018-10-17,11.51
2018-10-18,8.85
2018-10-19,17.66
2018-10-20,15.83
2018-10-21,16.12
2018-10-22,12.59
2018-10-23,12.09
2018-10-24,16.48
2018-10-25,15.85
2018-10-26,2.04
2018-10-27,13.94
2018-10-28,10.32
2018-10-29,9.35
2018-10-30,16.65
2018-10-31,16.2
2018-11-01,14.56
2018-11-02,14.77
2018-11-03,14.25
2018-11-04,14.21
2018-11-05,12.75
2018-11-06,11.39
2018-11-07,3.97
2018-11-08,1.14
2018-11-09,7.76
2018-11-10,11.51
2018-11-11,6.55
2018-11-12,11.34
2018-11-13,9.58
2018-11-14,12.76
2018-11-15,9.97
2018-11-16,5.62
2018-11-17,11.58
2018-11-18,6.77
2018-11-19,12.28
2018-11-20,12.91
2018-11-21,8.2
2018-11-22,13.37
2018-11-23,13.35
2018-11-24,1.46
2018-11-25,4.78
2018-11-26,7.6
2018-11-27,9.14
2018-11-28,6.32
2018-11-29,8.21
2018-11-30,12.04
2018-12-01,8.14
2018-12-02,8.85
2018-12-03,2.48
2018-12-04,4.58
2018-12-05,9.22
2018-12-06,5.42
2018-12-07,10.93
2018-12-08,9.71
2018-12-09,12.09
2018-12-10,11.71
2018-12-11,1.45
2018-12-12,7.84
2018-12-13,9.37
2018-12-14,12.9
2018-12-15,10.51
2018-12-16,5.32
2018-12-17,10.84
2018-12-18,9.22
2018-12-19,9.8
2018-12-20,5.84
2018-12-21,10.45
2018-12-22,9.08
2018-12-23,10.3
2018-12-24,11.97
2018-12-25,6.79
2018-12-26,9.87
2018-12-27,11.88
2018-12-28,12.13
2018-12-29,12.07
2018-12-30,11.97
2018-12-31,12.64
2019-01-01,9.89
2019-01-02,11.89
2019-01-03,11.81
2019-01-04,9.47
2019-01-05,10.95
2019-01-06,10.55
2019-01-07,10.84
2019-01-08,11.62
2019-01-09,10.14
2019-01-10,11.23
2019-01-11,11.07
2019-01-12,2.44
2019-01-13,4.52
2019-01-14,5.48
2019-01-15,8.75
2019-01-16,11.88
2019-01-17,10.22
2019-01-18,13.01
2019-01-19,9.91
2019-01-20,12.61
2019-01-21,13.67
2019-01-22,13.12
2019-01-23,11.45
2019-01-24,13.35
2019-01-25,12.92
2019-01-26,14.19
2019-01-27,13.68
2019-01-28,12.8
2019-01-29,13.9
2019-01-30,12.57
2019-01-31,3.35
2019-02-01,14.64
2019-02-02,14.34
2019-02-03,1.29
2019-02-04,15.22
2019-02-05,13.94
2019-02-06,13.09
2019-02-07,10.32
2019-02-08,14.18
2019-02-09,15.72
2019-02-10,7.46
2019-02-11,16.7
2019-02-12,14.45
2019-02-13,15.16
2019-02-14,10.74
2019-02-15,15.2
2019-02-16,17.29
2019-02-17,11.82
2019-02-18,2.13
2019-02-19,11.02
2019-02-20,14.67
2019-02-21,14.05
2019-02-22,14.43
2019-02-23,18.4
2019-02-24,16.08
2019-02-25,17.14
2019-02-26,9.1
2019-02-27,13.67
2019-02-28,17.21
2019-03-01,15.8
2019-03-02,14.48
2019-03-03,16.76
2019-03-04,13.38
2019-03-05,15.7
2019-03-06,11.33
2019-03-07,19.14
2019-03-08,16.54
2019-03-09,3.77
2019-03-10,9.72
2019-03-11,15.51
2019-03-12,18.17
2019-03-13,20.67
2019-03-14,15.41
2019-03-15,18.65
2019-03-16,20.66
2019-03-17,17.73
2019-03-18,19.51
2019-03-19,9.32
2019-03-20,7.86
2019-03-21,20.91
2019-03-22,17.37
2019-03-23,24.1
2019-03-24,18.94
2019-03-25,22.3
2019-03-26,18.2
2019-03-27,16.33
2019-03-28,17.79
2019-03-29,14.01
2019-03-30,10.06
2019-03-31,22.69
2019-04-01,24.85
2019-04-02,25.01
2019-04-03,24.95
2019-04-04,14.67
2019-04-05,19.51
2019-04-06,19.57
2019-04-07,23.53
2019-04-08,12.69
2019-04-09,8.24
2019-04-10,18.32
2019-04-11,22.06
2019-04-12,23.92
2019-04-13,11.27
2019-04-14,25.26
2019-04-15,24.32
2019-04-16,25.83
2019-04-17,21.03
2019-04-18,5.54
2019-04-19,25.91
2019-04-20,14.13
2019-04-21,25.77
2019-04-22,13.27
2019-04-23,10.61
2019-04-24,10.4
2019-04-25,4.31
2019-04-26,26.96
2019-04-27,9.68
2019-04-28,5.35
2019-04-29,20.29
2019-04-30,23.6
2019-05-01,27.65
2019-05-02,27.96
2019-05-03,25.72
2019-05-04,24.16
2019-05-05,22.24
2019-05-06,28.69
2019-05-07,24.64
2019-05-08,24.94
2019-05-09,27.72
2019-05-10,26.95
2019-05-11,25.17
2019-05-12,21.64
2019-05-13,27.27
2019-05-14,25.21
2019-05-15,26.43
2019-05-16,18.59
2019-05-17,8.79
2019-05-18,10.22
2019-05-19,18.61
2019-05-20,30.23
2019-05-21,30.03
2019-05-22,29.33
2019-05-23,28.29
2019-05-24,24.04
2019-05-25,28.15
2019-05-26,1.96
2019-05-27,21.93
2019-05-28,30.14
2019-05-29,24.19
2019-05-30,28.38
2019-05-31,23.12
2019-06-01,27.94
2019-06-02,27.47
2019-06-03,27.11
2019-06-04,28.64
2019-06-05,15.67
2019-06-06,5.38
2019-06-07,26.99
2019-06-08,28.11
2019-06-09,15.4
2019-06-10,25.1
2019-06-11,29.04
2019-06-12,29.46
2019-06-13,12.15
2019-06-14,20.62
2019-06-15,24.54
2019-06-16,25.94
2019-06-17,18.21
2019-06-18,19.98
2019-06-19,28.43
2019-06-20,29.1
2019-06-21,26.56
2019-06-22,21.88
2019-06-23,28.68
2019-06-24,28.99
2019-06-25,8.72
2019-06-26,14.35
2019-06-27,15.86
2019-06-28,6.64
2019-06-29,20.53
2019-06-30,13.85
2019-07-01,29.85
2019-07-02,18.61
2019-07-03,26.94
2019-07-04,28.42
2019-07-05,29.67
2019-07-06,27.27
2019-07-07,16.75
2019-07-08,20.34
2019-07-09,8.01
2019-07-10,12.04
2019-07-11,16.14
2019-07-12,20.06
2019-07-13,24.35
2019-07-14,7.16
2019-07-15,18.89
2019-07-16,18.23
2019-07-17,16.03
2019-07-18,11.66
2019-07-19,6.17
2019-07-20,5.05
2019-07-21,24.15
2019-07-22,25.75
2019-07-23,11.29
2019-07-24,2.73
2019-07-25,11.04
2019-07-26,15.47
2019-07-27,10.2
2019-07-28,22.8
2019-07-29,20.45
2019-07-30,22.18
2019-07-31,26.63
2019-08-01,27.41
2019-08-02,22.39
2019-08-03,25.29
2019-08-04,23.48
2019-08-05,13.36
2019-08-06,15.82
2019-08-07,19.85
2019-08-08,25.62
2019-08-09,25.47
2019-08-10,23.75
2019-08-11,15.61
2019-08-12,18.67
2019-08-13,15.14
2019-08-14,7.06
2019-08-15,20.02
2019-08-16,23.19
2019-08-17,26.67
2019-08-18,17.25
2019-08-19,23.64
2019-08-20,18.17
2019-08-21,11.59
2019-08-22,17.9
2019-08-23,12.78
2019-08-24,20.09
2019-08-25,22.38
2019-08-26,5.09
2019-08-27,9.66
2019-08-28,7.57
2019-08-29,23.55
2019-08-30,21.55
2019-08-31,12.44
2019-09-01,7.37
2019-09-02,4.46
2019-09-03,7.68
2019-09-04,14.09
2019-09-05,12.34
2019-09-06,10.18
2019-09-07,14.72
2019-09-08,8.59
2019-09-09,21.84
2019-09-10,4.46
2019-09-11,6.77
2019-09-12,19.91
2019-09-13,15.98
2019-09-14,18.7
2019-09-15,21.67
2019-09-16,22.84
2019-09-17,22.55
2019-09-18,21.26
2019-09-19,7.35
2019-09-20,2.96
2019-09-21,1.87
2019-09-22,7.89
2019-09-23,18.9
2019-09-24,13
2019-09-25,11.68
2019-09-26,18.34
2019-09-27,16.68
2019-09-28,18.24
2019-09-29,17.9
2019-09-30,5.67
2019-10-01,1.63
2019-10-02,9.67
2019-10-03,16.06
2019-10-04,11.16
2019-10-05,13.26
2019-10-06,5.23
2019-10-07,15.38
2019-10-08,19.03
2019-10-09,13.36
2019-10-10,17.45
2019-10-11,18.17
2019-10-12,18.54
2019-10-13,14.11
2019-10-14,12.86
2019-10-15,13.92
2019-10-16,10.88
2019-10-17,3.39
2019-10-18,14.44
2019-10-19,11.26
2019-10-20,13.55
2019-10-21,15.23
2019-10-22,5.98
2019-10-23,10.63
2019-10-24,13.5
2019-10-25,14.99
2019-10-26,16.48
2019-10-27,14.13
2019-10-28,12.29
2019-10-29,15.82
2019-10-30,14.69
2019-10-31,13.82
2019-11-01,8.54
2019-11-02,9.84
2019-11-03,14.35
2019-11-04,13
2019-11-05,12.2
2019-11-06,12.91
2019-11-07,13.91
2019-11-08,13.4
2019-11-09,6.53
2019-11-10,5.61
2019-11-11,10.09
2019-11-12,3.79
2019-11-13,14.36
2019-11-14,11.42
2019-11-15,9.59
2019-11-16,1.13
2019-11-17,5.55
2019-11-18,12.97
2019-11-19,13.29
2019-11-20,11.04
2019-11-21,11.74
2019-11-22,9.5
2019-11-23,9.64
2019-11-24,6.46
2019-11-25,9.39
2019-11-26,7.04
2019-11-27,7.19
2019-11-28,11.3
2019-11-29,7.5
2019-11-30,3.05
2019-12-01,11.17
2019-12-02,8.85
2019-12-03,10.89
2019-12-04,10.98
2019-12-05,11.43
2019-12-06,8.64
2019-12-07,9.47
2019-12-08,9.88
2019-12-09,6.79
2019-12-10,6.01
2019-12-11,10.88
2019-12-12,8.52
2019-12-13,9.75
2019-12-14,9.51
2019-12-15,8.55
2019-12-16,3.66
2019-12-17,9.13
2019-12-18,10.02
2019-12-19,9.85
2019-12-20,6.51
2019-12-21,6.7
2019-12-22,7.51
2019-12-23,8.56
2019-12-24,8.99
2019-12-25,1.73
2019-12-26,10.7
2019-12-27,10.33
2019-12-28,3.99
2019-12-29,4.5
2019-12-30,3.37
2019-12-31,11.09
2020-01-01,10.22
2020-01-02,9.22
2020-01-03,9.85
2020-01-04,9.97
2020-01-05,9.96
2020-01-06,1.86
2020-01-07,0.68
2020-01-08,7.37
2020-01-09,9.95
2020-01-10,10.61
2020-01-11,11.71
2020-01-12,10.6
2020-01-13,10.16
2020-01-14,10.5
2020-01-15,11.95
2020-01-16,11.02
2020-01-17,9.35
2020-01-18,9.47
2020-01-19,6.59
2020-01-20,10.37
2020-01-21,12.67
2020-01-22,2.44
2020-01-23,4.78
2020-01-24,9.82
2020-01-25,7.25
2020-01-26,9.37
2020-01-27,1.68
2020-01-28,8.64
2020-01-29,8.58
2020-01-30,7.3
2020-01-31,6.52
2020-02-01,10.49
2020-02-02,11.34
2020-02-03,13.25
2020-02-04,15.07
2020-02-05,15.76
2020-02-06,13.58
2020-02-07,13.71
2020-02-08,14.36
2020-02-09,15.83
2020-02-10,14.76
2020-02-11,14.39
2020-02-12,1.07
2020-02-13,13.59
2020-02-14,13.42
2020-02-15,10.46
2020-02-16,7.28
2020-02-17,12.8
2020-02-18,17.62
2020-02-19,16.04
2020-02-20,15.8
2020-02-21,12.26
2020-02-22,15.51
2020-02-23,18.41
2020-02-24,15.94
2020-02-25,1.03
2020-02-26,9.68
2020-02-27,11.52
2020-02-28,4.1
2020-02-29,11.92
2020-03-01,9.6
2020-03-02,18.49
2020-03-03,13.09
2020-03-04,18.07
2020-03-05,19.61
2020-03-06,20.69
2020-03-07,5.72
2020-03-08,19.76
2020-03-09,11.91
2020-03-10,3.78
2020-03-11,21.4
2020-03-12,20.74
2020-03-13,14.48
2020-03-14,21.66
2020-03-15,19.43
2020-03-16,22.12
2020-03-17,8.57
2020-03-18,21.76
2020-03-19,15.2
2020-03-20,21.73
2020-03-21,19.58
2020-03-22,21.59
2020-03-23,21.3
2020-03-24,22.05
2020-03-25,21.44
2020-03-26,13.62
2020-03-27,5.38
2020-03-28,11.89
2020-03-29,19.5
2020-03-30,23.8
2020-03-31,22.56
2020-04-01,15.02
2020-04-02,22.62
2020-04-03,25.09
2020-04-04,22.16
2020-04-05,25.83
2020-04-06,24.95
2020-04-07,21.98
2020-04-08,26.11
2020-04-09,24.26
2020-04-10,18.06
2020-04-11,15.21
2020-04-12,13.31
2020-04-13,21.2
2020-04-14,26.52
2020-04-15,20.85
2020-04-16,24.55
2020-04-17,8.43
2020-04-18,18.59
2020-04-19,7.7
2020-04-20,13.88
2020-04-21,25.9
2020-04-22,24.93
2020-04-23,25.13
2020-04-24,26.75
2020-04-25,21.98
2020-04-26,26.26
2020-04-27,21.58
2020-04-28,27.25
2020-04-29,26.83
2020-04-30,27.21
2020-05-01,26.09
2020-05-02,17.04
2020-05-03,6.61
2020-05-04,21.61
2020-05-05,12.56
2020-05-06,26.94
2020-05-07,26.26
2020-05-08,25.59
2020-05-09,1.46
2020-05-10,14.21
2020-05-11,27.77
2020-05-12,25.68
2020-05-13,29.55
2020-05-14,21.28
2020-05-15,2.15
2020-05-16,18.26
2020-05-17,24.23
2020-05-18,19.77
2020-05-19,12.47
2020-05-20,17.86
2020-05-21,26.7
2020-05-22,20.33
2020-05-23,28.79
2020-05-24,18.33
2020-05-25,18.2
2020-05-26,24.34
2020-05-27,28.94
2020-05-28,28.45
2020-05-29,29.48
2020-05-30,28.29
2020-05-31,24.68
2020-06-01,29.04
2020-06-02,19.92
2020-06-03,25.15
2020-06-04,28.25
2020-06-05,24.16
2020-06-06,26.1
2020-06-07,28.03
2020-06-08,28.58
2020-06-09,28.14
2020-06-10,25.36
2020-06-11,26.97
2020-06-12,9.05
2020-06-13,23.2
2020-06-14,16.79
2020-06-15,26.9
2020-06-16,29.62
2020-06-17,20.93
2020-06-18,8
2020-06-19,23.26
2020-06-20,24.89
2020-06-21,29.09
2020-06-22,30.4
2020-06-23,26.2
2020-06-24,7.08
2020-06-25,6.33
2020-06-26,22.91
2020-06-27,19.16
2020-06-28,26.86
2020-06-29,11.66
2020-06-30,6.72
2020-07-01,13
2020-07-02,23.88
2020-07-03,8.76
2020-07-04,17.43
2020-07-05,20.12
2020-07-06,16.24
2020-07-07,22.9
2020-07-08,28.3
2020-07-09,26.51
2020-07-10,11.75
2020-07-11,20.16
2020-07-12,5.74
2020-07-13,3.76
2020-07-14,8.02
2020-07-15,10.7
2020-07-16,25.23
2020-07-17,28.85
2020-07-18,24.06
2020-07-19,7.06
2020-07-20,13.92
2020-07-21,26.54
2020-07-22,4.66
2020-07-23,3.5
2020-07-24,7.43
2020-07-25,8.76
2020-07-26,11.42
2020-07-27,8.59
2020-07-28,5.01
2020-07-29,4.59
2020-07-30,5.48
2020-07-31,17.51
2020-08-01,16.37
2020-08-02,10.39
2020-08-03,10.95
2020-08-04,19.68
2020-08-05,10.31
2020-08-06,5.36
2020-08-07,3.95
2020-08-08,2.41
2020-08-09,18.41
2020-08-10,4.81
2020-08-11,9.49
2020-08-12,12.63
2020-08-13,21.04
2020-08-14,19.19
2020-08-15,19.15
2020-08-16,24.74
2020-08-17,19.77
2020-08-18,23.4
2020-08-19,24.88
2020-08-20,24.46
2020-08-21,22.38
2020-08-22,13.74
2020-08-23,22.72
2020-08-24,21.13
2020-08-25,22.8
2020-08-26,20.45
2020-08-27,15.86
2020-08-28,17.96
2020-08-29,13.37
2020-08-30,13.75
2020-08-31,14.34
2020-09-01,12.24
2020-09-02,4.88
2020-09-03,15.46
2020-09-04,20.27
2020-09-05,5.25
2020-09-06,5.83
2020-09-07,3.32
2020-09-08,21.63
2020-09-09,17.15
2020-09-10,14.5
2020-09-11,7
2020-09-12,8.42
2020-09-13,18.28
2020-09-14,18.93
2020-09-15,21.18
2020-09-16,8.03
2020-09-17,6.68
2020-09-18,16.04
2020-09-19,11.78
2020-09-20,22.68
2020-09-21,18.36
2020-09-22,15.19
2020-09-23,12.25
2020-09-24,13.46
2020-09-25,15.01
2020-09-26,16.35
2020-09-27,17.54
2020-09-28,19.31
2020-09-29,15.77
2020-09-30,15.92
2020-10-01,19.1
2020-10-02,16.04
2020-10-03,8.51
2020-10-04,6.02
2020-10-05,20
2020-10-06,19.5
2020-10-07,16.04
2020-10-08,17.95
2020-10-09,16.29
2020-10-10,15.02
2020-10-11,9.89
2020-10-12,11.8
2020-10-13,16.04
2020-10-14,7.51
2020-10-15,16.25
2020-10-16,7.33
2020-10-17,15.84
2020-10-18,16.66
2020-10-19,15.58
2020-10-20,14.95
2020-10-21,6.26
2020-10-22,6.23
2020-10-23,17.18
2020-10-24,17.06
2020-10-25,15.77
2020-10-26,14.87
2020-10-27,13.49
2020-10-28,12.73
2020-10-29,14.85
2020-10-30,14.17
2020-10-31,11.72
2020-11-01,2.63
2020-11-02,11.21
2020-11-03,15.37
2020-11-04,15.54
2020-11-05,13.61
2020-11-06,4.92
2020-11-07,12.66
2020-11-08,13.99
2020-11-09,14.38
2020-11-10,13.93
2020-11-11,13.36
2020-11-12,13.16
2020-11-13,11.66
2020-11-14,12.15
2020-11-15,10.91
2020-11-16,10.52
2020-11-17,8.17
2020-11-18,5.33
2020-11-19,2.92
2020-11-20,3.08
2020-11-21,4.06
2020-11-22,4.52
2020-11-23,12.15
2020-11-24,6.91
2020-11-25,11.99
2020-11-26,8.82
2020-11-27,9.13
2020-11-28,11.23
2020-11-29,11.15
2020-11-30,11.28
2020-12-01,11.44
2020-12-02,10.88
2020-12-03,10.35
2020-12-04,10.97
2020-12-05,10.36
2020-12-06,11.32
2020-12-07,6.78
2020-12-08,10.67
2020-12-09,10.78
2020-12-10,9.34
2020-12-11,7.54
2020-12-12,10.03
2020-12-13,2.09
2020-12-14,11.12
2020-12-15,11.31
2020-12-16,11.31
2020-12-17,11.08
2020-12-18,5.76
2020-12-19,11.06
2020-12-20,10.63
2020-12-21,10.22
2020-12-22,10.86
2020-12-23,6.68
2020-12-24,9.22
2020-12-25,10.68
2020-12-26,7.38
2020-12-27,5
2020-12-28,0
2020-12-29,6.29
2020-12-30,11.27
2020-12-31,10.65
2021-01-01,10.1
2021-01-02,11.79
2021-01-03,9.47
2021-01-04,9.88
2021-01-05,9.58
2021-01-06,11.34
2021-01-07,11.87
2021-01-08,11.78
2021-01-09,11.61
2021-01-10,11.48
2021-01-11,4.71
2021-01-12,10.82
2021-01-13,10.12
2021-01-14,11
2021-01-15,7.64
2021-01-16,11.23
2021-01-17,12.47
2021-01-18,4.71
2021-01-19,12.67
2021-01-20,12.39
2021-01-21,8.95
2021-01-22,5.95
2021-01-23,4.29
2021-01-24,9.56
2021-01-25,9.58
2021-01-26,2.77
2021-01-27,11.67
2021-01-28,8.74
2021-01-29,14.8
2021-01-30,6.72
2021-01-31,13.44
2021-02-01,5.08
2021-02-02,15.4
2021-02-03,15.07
2021-02-04,15.68
2021-02-05,11.26
2021-02-06,11.22
2021-02-07,12.87
2021-02-08,16.02
2021-02-09,16.1
2021-02-10,14.34
2021-02-11,13.18
2021-02-12,14.13
2021-02-13,15.58
2021-02-14,7.47
2021-02-15,11.47
2021-02-16,12.95
2021-02-17,17.7
2021-02-18,17.42
2021-02-19,17.39
2021-02-20,15.16
2021-02-21,16.14
2021-02-22,15.51
2021-02-23,17.62
2021-02-24,16.29
2021-02-25,6.19
2021-02-26,16.04
2021-02-27,8.06
2021-02-28,12.11
2021-03-01,1.09
2021-03-02,8.27
2021-03-03,16.54
2021-03-04,9.58
2021-03-05,14.45
2021-03-06,9.43
2021-03-07,13.57
2021-03-08,19.7
2021-03-09,16.7
2021-03-10,20.44
2021-03-11,19.34
2021-03-12,3.31
2021-03-13,16.7
2021-03-14,15.33
2021-03-15,16.54
2021-03-16,21.11
2021-03-17,20.89
2021-03-18,16.7
2021-03-19,16.61
2021-03-20,2.38
2021-03-21,13.79
2021-03-22,23.45
2021-03-23,21.86
2021-03-24,17.41
2021-03-25,22.2
2021-03-26,19.68
2021-03-27,6.5
2021-03-28,8.72
2021-03-29,20.98
2021-03-30,24.23
2021-03-31,24.06
2021-04-01,20.23
2021-04-02,17.79
2021-04-03,4.3
2021-04-04,6.29
2021-04-05,25.35
2021-04-06,22.81
2021-04-07,24.36
2021-04-08,25.12
2021-04-09,18.45
2021-04-10,24.43
2021-04-11,23.97
2021-04-12,5.86
2021-04-13,16.81
2021-04-14,26.97
2021-04-15,21.44
2021-04-16,14.54
2021-04-17,21.14
2021-04-18,22.16
2021-04-19,27.02
2021-04-20,24.88
2021-04-21,23.24
2021-04-22,20.8
2021-04-23,5.46
2021-04-24,20.09
2021-04-25,26.46
2021-04-26,27.17
2021-04-27,18.28
2021-04-28,18.56
2021-04-29,18.36
2021-04-30,15.33
2021-05-01,7.1
2021-05-02,21.07
2021-05-03,27.78
2021-05-04,8.83
2021-05-05,28.77
2021-05-06,22.87
2021-05-07,17.61
2021-05-08,27
2021-05-09,29.67
2021-05-10,2.89
2021-05-11,17.37
2021-05-12,26.59
2021-05-13,27.93
2021-05-14,23.02
2021-05-15,5.43
2021-05-16,2.63
2021-05-17,4.54
2021-05-18,17.23
2021-05-19,28.44
2021-05-20,4.52
2021-05-21,4.44
2021-05-22,28.96
2021-05-23,22.34
2021-05-24,22.89
2021-05-25,19.14
2021-05-26,15.28
2021-05-27,11.08
2021-05-28,12.92
2021-05-29,24.15
2021-05-30,28.84
2021-05-31,16.11
2021-06-01,23.04
2021-06-02,25.98
2021-06-03,5.63
2021-06-04,27.29
2021-06-05,26.75
2021-06-06,23.41
2021-06-07,19.76
2021-06-08,26.07
2021-06-09,26.07
2021-06-10,20.93
2021-06-11,10.79
2021-06-12,22.49
2021-06-13,24.69
2021-06-14,20.83
2021-06-15,7.4
2021-06-16,15.84
2021-06-17,9.76
2021-06-18,9.68
2021-06-19,29.54
2021-06-20,26.15
2021-06-21,24.05
2021-06-22,11.36
2021-06-23,11.14
2021-06-24,27.75
2021-06-25,26.14
2021-06-26,17.02
2021-06-27,20.63
2021-06-28,17.68
2021-06-29,26.7
2021-06-30,11.62
2021-07-01,25.06
2021-07-02,19.94
2021-07-03,5.86
2021-07-04,20.68
2021-07-05,12.68
2021-07-06,9.67
2021-07-07,10.92
2021-07-08,19.02
2021-07-09,17.69
2021-07-10,19.19
2021-07-11,18.01
2021-07-12,26.89
2021-07-13,22.63
2021-07-14,27.42
2021-07-15,14.75
2021-07-16,25.72
2021-07-17,19.96
2021-07-18,22.13
2021-07-19,19.17
2021-07-20,21.1
2021-07-21,25.57
2021-07-22,25.11
2021-07-23,26.46
2021-07-24,24.19
2021-07-25,24.27
2021-07-26,24
2021-07-27,24.76
2021-07-28,23.13
2021-07-29,24.46
2021-07-30,18.11
2021-07-31,24.88
2021-08-01,12.95
2021-08-02,17.85
2021-08-03,18.12
2021-08-04,25.98
2021-08-05,27.51
2021-08-06,22.59
2021-08-07,24.68
2021-08-08,8.89
2021-08-09,20.86
2021-08-10,13.14
2021-08-11,21.92
2021-08-12,18.19
2021-08-13,12.5
2021-08-14,8.63
2021-08-15,12.93
2021-08-16,16.52
2021-08-17,17.6
2021-08-18,10.85
2021-08-19,13.24
2021-08-20,18.95
2021-08-21,3.78
2021-08-22,14.47
2021-08-23,4.33
2021-08-24,4.4
2021-08-25,5.22
2021-08-26,16.64
2021-08-27,6.22
2021-08-28,20.83
2021-08-29,5.24
2021-08-30,10.26
2021-08-31,6.29
2021-09-01,2.72
2021-09-02,9.25
2021-09-03,16.2
2021-09-04,18.56
2021-09-05,13.07
2021-09-06,13.04
2021-09-07,3.16
2021-09-08,19.81
2021-09-09,15.83
2021-09-10,12.11
2021-09-11,21.32
2021-09-12,18.04
2021-09-13,14.3
2021-09-14,11.75
2021-09-15,20.6
2021-09-16,16.01
2021-09-17,3.66
2021-09-18,14.75
2021-09-19,21.55
2021-09-20,19.45
2021-09-21,5.5
2021-09-22,17.82
2021-09-23,18.12
2021-09-24,15.25
2021-09-25,7.69
2021-09-26,17.43
2021-09-27,14.74
2021-09-28,9.59
2021-09-29,3.75
2021-09-30,16.77
2021-10-01,14.29
2021-10-02,19.15
2021-10-03,17.59
2021-10-04,14.26
2021-10-05,18.28
2021-10-06,5.27
2021-10-07,12.09
2021-10-08,3.54
2021-10-09,10.5
2021-10-10,13.18
2021-10-11,1.79
2021-10-12,3.86
2021-10-13,8.27
2021-10-14,14.99
2021-10-15,6.67
2021-10-16,5.08
2021-10-17,18.69
2021-10-18,17.7
2021-10-19,11.35
2021-10-20,15.35
2021-10-21,14.52
2021-10-22,14.53
2021-10-23,14.63
2021-10-24,14.4
2021-10-25,14.7
2021-10-26,13.5
2021-10-27,12.87
2021-10-28,14.81
2021-10-29,12.21
2021-10-30,8.93
2021-10-31,11.6
2021-11-01,13.47
2021-11-02,13.27
2021-11-03,14.15
2021-11-04,13.12
2021-11-05,11.13
2021-11-06,12.62
2021-11-07,13.11
2021-11-08,1.58
2021-11-09,6.58
2021-11-10,6.1
2021-11-11,11.69
2021-11-12,13.29
2021-11-13,13.83
2021-11-14,10.88
2021-11-15,11.73
2021-11-16,11.69
2021-11-17,12.08
2021-11-18,10.74
2021-11-19,11.16
2021-11-20,8.26
2021-11-21,6.24
2021-11-22,8.01
2021-11-23,9.82
2021-11-24,6.67
2021-11-25,10.96
2021-11-26,11.63
2021-11-27,12.11
2021-11-28,9.89
2021-11-29,10.67
2021-11-30,1.2
2021-12-01,11.81
2021-12-02,11.42
2021-12-03,10.17
2021-12-04,10.96
2021-12-05,10.52
2021-12-06,9.2
2021-12-07,8.76
2021-12-08,9.71
2021-12-09,6.12
2021-12-10,3.47
2021-12-11,7.46
2021-12-12,8.97
2021-12-13,11.09
2021-12-14,7.77
2021-12-15,4.73
2021-12-16,4.15
2021-12-17,9.77
2021-12-18,10.89
2021-12-19,10.75
2021-12-20,4.84
2021-12-21,9.12
2021-12-22,9.2
2021-12-23,9.89
2021-12-24,6.14
2021-12-25,11.22
2021-12-26,11.22
2021-12-27,9.82
2021-12-28,9.92
2021-12-29,5.65
2021-12-30,10.55
2021-12-31,11.26
