date,uga,sun,ondo,price
2015-01-02,53.27,7.07,1,520
2015-01-05,50.98,6.49,6.9,520
2015-01-06,48.08,9.88,2.6,520
2015-01-07,46.6,8.22,0,520
2015-01-08,47.5,6.12,1.7,520
2015-01-09,47.41,8.26,3.9,520
2015-01-12,45.67,10.27,-0.1,520
2015-01-13,43.3,7.3,3.1,520
2015-01-14,42.55,1.46,4.9,520
2015-01-15,44.48,8.76,3.5,520
2015-01-16,43.92,1.62,3.1,520
2015-01-19,46.04,8.72,4.3,520
2015-01-20,44.82,9.39,1.9,520
2015-01-21,44.75,1.44,4.7,520
2015-01-22,44.65,8.55,3.8,520
2015-01-23,44.42,10.95,3.1,520
2015-01-26,44.15,1.07,5.9,520
2015-01-27,43.63,7.19,1.1,520
2015-01-28,44.83,10.39,-1.1,520
2015-01-29,44.63,1.08,-0.1,520
2015-01-30,45.59,6.23,0.6,520
2015-02-02,48.81,11.19,1,520
2015-02-03,52.62,10.37,0.9,530
2015-02-04,54.72,5.49,1.8,530
2015-02-05,51.41,6.08,1.9,530
2015-02-06,54.23,6.55,2.5,530
2015-02-09,55.37,13.34,-1.2,530
2015-02-10,55.83,11.45,4.6,540
2015-02-11,54.91,10.84,6,540
2015-02-12,54.75,11.83,2.2,540
2015-02-13,57.7,10.81,0.4,540
2015-02-16,58.83,1.24,7.6,540
2015-02-17,58.89,9.91,4.7,540
2015-02-23,57.29,12.51,3.6,560
2015-02-24,56.06,14.29,4,610
2015-02-25,55.84,6.21,5.8,660
2015-02-26,58.42,10.85,4.5,680
2015-02-27,57.39,10.5,0.4,660
2015-03-02,59.58,15.99,4.1,660
2015-03-03,57.15,7.58,4.7,660
2015-03-04,57.8,12.62,1,710
2015-03-05,57.35,13.33,1.2,690
2015-03-06,57.26,13.49,3.5,690
2015-03-09,56.58,13.02,3.6,670
2015-03-10,55.48,14.51,-0.5,650
2015-03-11,53.5,16.2,4.3,650
2015-03-12,55.4,18.21,5.2,650
2015-03-13,54.96,3.56,7.8,650
2015-03-16,52.75,14.95,10.2,670
2015-03-17,51.64,12.89,12.3,660
2015-03-18,51.24,1.49,12.7,670
2015-03-19,53.4,14.31,10.7,660
2015-03-20,52.06,14.39,9.9,650
2015-03-23,52.87,19.32,5.6,640
2015-03-24,53.4,20.58,5.4,640
2015-03-25,52.69,19.98,5.3,640
2015-03-26,53.99,19.92,6.6,640
2015-03-27,56.37,14.96,7.9,640
2015-03-30,53.95,17.37,13.5,640
2015-03-31,53.84,2.93,14.8,640
2015-04-01,52.83,8.43,14.1,650
2015-04-02,54.63,12.83,15.4,650
2015-04-03,54.82,5.21,9.5,650
2015-04-06,53.95,3,9.4,670
2015-04-07,55.01,16.69,7.3,700
2015-04-08,55.92,19.03,7.6,750
2015-04-09,53.31,18.09,9.4,770
2015-04-10,54.28,19.58,10.1,780
2015-04-13,56.58,6.02,10.6,710
2015-04-14,56.32,17.03,8.8,730
2015-04-15,56.82,18.45,12,730
2015-04-16,58.66,12.56,11.9,730
2015-04-17,59.21,20.96,11.7,730
2015-04-20,59.34,3.09,11.8,710
2015-04-21,59.25,21.27,11.8,690
2015-04-22,58.03,20.25,12.2,620
2015-04-23,58.6,17.49,13.5,530
2015-04-24,61.43,16.45,14,695
2015-04-27,62,21.88,18,665
2015-04-28,61.62,6.85,17.1,665
2015-04-29,61.65,7.7,16.7,650
2015-04-30,62.69,15.95,17.8,665
2015-05-04,63.03,21.1,14,830
2015-05-06,64.79,13.36,13.9,830
2015-05-07,65.06,23.3,15.1,820
2015-05-08,62.96,17.79,16.9,800
2015-05-11,62.84,6.05,16.6,790
2015-05-12,62.4,22.25,15.3,800
2015-05-13,64.21,23.57,18.9,780
2015-05-14,63.61,15.48,19.9,780
2015-05-15,63.49,10.35,18,780
2015-05-18,63.58,4.62,15.8,680
2015-05-19,62.79,18.08,16.3,690
2015-05-20,61.75,24.27,16.7,700
2015-05-21,62.68,23.48,17.6,700
2015-05-22,64.03,19.53,19.1,690
2015-05-26,63.07,24.01,19.4,710
2015-05-27,62.11,23.66,20.8,720
2015-05-28,60.64,21.44,22.4,720
2015-05-29,61.11,21.94,22.2,710
2015-06-01,61.705,23,21,710
2015-06-02,62.49,6.18,20.4,710
2015-06-03,62.3,24.49,20.6,710
2015-06-04,60.71,23.04,21.1,710
2015-06-05,59.03,15,17.8,720
2015-06-08,60.23,6.47,20.3,760
2015-06-09,59.64,18.7,21.7,760
2015-06-10,62.66,19.87,23.2,780
2015-06-11,63.44,11.11,22.8,810
2015-06-12,62.42,22.41,24.2,800
2015-06-15,61.29,11.51,22.4,820
2015-06-16,60.46,17.45,21.5,840
2015-06-17,60.81,7.14,21,840
2015-06-18,60.98,20.7,22.2,850
2015-06-19,60.93,21.01,22.5,900
2015-06-22,59.82,18.91,21.7,920
2015-06-23,60.11,18.95,23.4,970
2015-06-24,61.09,5.28,21.5,970
2015-06-25,60.26,6.65,21.3,1010
2015-06-26,60.01,7.68,21,1010
2015-06-29,59.36,9.88,21.4,1010
2015-06-30,59.56,3.46,20.1,1050
2015-07-01,60.93,21.24,21.7,1060
2015-07-02,59.51,20.12,22.2,1060
2015-07-03,59.45,18.04,23.1,1080
2015-07-06,57.93,8.67,21.7,1110
2015-07-07,55.16,4.21,20.1,1130
2015-07-08,54.98,6,22.6,1130
2015-07-09,56.69,15.76,25.8,1100
2015-07-10,58.19,19.93,27.5,1100
2015-07-13,57.75,11.19,23,1100
2015-07-14,56.25,14.24,24.5,1110
2015-07-15,56.93,16.36,25.3,1110
2015-07-16,55.75,15.5,24.3,1110
2015-07-17,62.365,21.85,24.3,1130
2015-07-20,55.4,7.18,25.6,1150
2015-07-21,54.68,6.64,25.1,1150
2015-07-22,55.03,14.16,26.2,1150
2015-07-23,54.22,4.27,25.4,1150
2015-07-24,53.45,3.03,25.1,1190
2015-07-27,52.87,11.93,26.3,1230
2015-07-28,51.85,11.66,27.3,1240
2015-07-29,51.86,19.85,28.6,1240
2015-07-30,52.53,18.31,28.3,1280
2015-07-31,52.07,17.29,28,1330
2015-08-03,51.11,21.26,28,1330
2015-08-04,50.13,22.79,28.6,1340
2015-08-05,50.09,19.58,28.6,1360
2015-08-06,49.71,20.95,28.6,1370
2015-08-07,50.15,19.77,29.9,1370
2015-08-10,50.15,14.8,27.1,1380
2015-08-11,50.59,2.36,23.6,1380
2015-08-12,49.37,9.8,24.3,1380
2015-08-13,49.87,16.86,25.9,1380
2015-08-17,48.53,18.16,25.7,1380
2015-08-18,48.22,12.52,26.4,1390
2015-08-19,48.27,8.85,26.1,1390
2015-08-20,46.73,4.42,24.2,1390
2015-08-21,46.23,14.04,24.8,1390
2015-08-24,44.4,5.27,24.4,1420
2015-08-25,42.66,6.21,22.6,1420
2015-08-26,42.94,20.95,23.5,1420
2015-08-27,43.57,18.29,24,1420
2015-08-28,46.84,18.19,24.3,1400
2015-08-31,48.72,13.89,24.8,1400
2015-09-01,49.98,17.25,25.3,1400
2015-09-02,46.16,14,24.7,1400
2015-09-03,47.01,15.58,23.8,1400
2015-09-04,47.19,19.19,24.7,1400
2015-09-07,46.6,15.7,22.5,1400
2015-09-08,45.93,20.37,22.5,1400
2015-09-09,47.55,20.45,21.8,1390
2015-09-10,45.75,19.39,22.3,1400
2015-09-11,51.1,15.19,22.5,1400
2015-09-14,45.47,15.51,21,1400
2015-09-15,43.87,16.04,21.5,1400
2015-09-16,44.08,6.81,20.1,1400
2015-09-17,46.78,18.78,21.8,1400
2015-09-18,45.99,15.84,21.5,1400
2015-09-21,44.58,16.67,22.2,1400
2015-09-22,45,17.12,22.8,1400
2015-09-23,45.13,1.81,19.3,1400
2015-09-24,51.1,13.51,21.6,1400
2015-09-25,44.98,10.06,22.2,1400
2015-09-30,44.31,2.74,18.8,1400
2015-10-01,45.92,1.14,19.9,1400
2015-10-02,45.38,17.29,17.6,1400
2015-10-05,45.91,14.95,19.8,1400
2015-10-06,46.48,16.39,19.4,1400
2015-10-07,48.97,12.69,19,1420
2015-10-08,48.41,8.89,19.2,1420
2015-10-12,49.61,12.73,16.6,1430
2015-10-13,47.08,15.44,17,1410
2015-10-14,46.52,13.81,17.6,1410
2015-10-15,46.44,13.6,17.6,1410
2015-10-16,46.58,13.44,17.3,1410
2015-10-19,46.22,13.13,18.4,1410
2015-10-20,44.61,10.84,18.6,1410
2015-10-21,44.43,11.51,18.6,1410
2015-10-22,43.71,11.19,19,1430
2015-10-23,43.9,8.84,18.4,1430
2015-10-26,43.48,12.93,16.9,1450
2015-10-27,43.01,6,15.5,1430
2015-10-28,43.11,10.96,14.8,1430
2015-10-29,44.45,9.78,14.3,1440
2015-10-30,43.94,11.73,11.9,1410
2015-11-02,44.55,9.12,11.7,1430
2015-11-03,43.89,12.24,13.4,1430
2015-11-04,45.45,11.34,14.2,1470
2015-11-05,43.7,6.96,16.4,1490
2015-11-06,43.16,4.46,16.8,1490
2015-11-09,42.88,1.23,13.9,1570
2015-11-10,51.1,4.07,11.4,1570
2015-11-11,42.59,9.32,12.4,1590
2015-11-12,41.68,10.22,15.8,1570
2015-11-13,40.77,1.54,13.3,1570
2015-11-16,40.35,2.34,14.7,1620
2015-11-17,40.39,1.91,15.5,1620
2015-11-18,39.64,1.27,14.1,1620
2015-11-19,40.13,1.39,12,1620
2015-11-20,40.07,6.33,12.6,1620
2015-11-23,39.57,1.37,12.8,1660
2015-11-24,40.7,8.43,10,1690
2015-11-25,41.4,2.09,7.7,1710
2015-11-26,40.94,5.24,2.8,1710
2015-11-27,40.37,1.98,5.1,1710
2015-11-30,39.87,7.23,9.1,1710
2015-12-01,39.8,9.68,8.5,1770
2015-12-02,39.75,1.11,9.7,1770
2015-12-03,38.29,6.93,6.6,1760
2015-12-07,38.35,9.55,4.6,1750
2015-12-08,36.91,9.05,6,1750
2015-12-09,36.49,7.38,9.9,1750
2015-12-10,36.51,0.95,11,1760
2015-12-11,36.2,6.77,9.6,1760
2015-12-14,34.64,2.93,10.8,1740
2015-12-15,33.82,6.23,8.5,1740
2015-12-16,34.24,6.12,4.3,1720
2015-12-17,32.86,4.1,0.8,1720
2015-12-18,32.98,4.64,2.8,1720
2015-12-21,31.98,5.22,7,1680
2015-12-22,32,8.5,6.7,1660
2015-12-23,31.82,0.88,7.5,1660
2015-12-24,32.83,6.77,5.6,1660
2015-12-28,32.61,4.88,1.3,1660
2015-12-29,32.11,8.04,2.2,1660
2015-12-30,32.74,7.08,4.5,1680
2015-12-31,32.19,5.85,4.8,1690
2016-01-05,31.66,3.46,2.4,1710
2016-01-06,30.76,7.33,2.7,1700
2016-01-07,27.96,3.31,3.3,1680
2016-01-08,29.11,6.2,2.7,1660
2016-01-11,28.07,6.71,1.6,1660
2016-01-12,26.44,8.39,0.8,1670
2016-01-13,26.49,5.28,1.6,1650
2016-01-14,26.04,7.88,2.5,1640
2016-01-15,26.22,8.49,3.6,1640
2016-01-18,24.65,4.87,-0.3,1660
2016-01-19,24.72,7.53,-2.8,1660
2016-01-20,23.36,8.93,-2.2,1660
2016-01-21,22.83,5.2,-1.9,1660
2016-01-22,23.88,9.43,-1.6,1660
2016-01-25,26.1,5.33,-2.5,1660
2016-01-26,24.84,8.93,1.3,1690
2016-01-27,26.11,9.47,3.3,1710
2016-01-28,27.08,1.64,3,1700
2016-01-29,28.37,1.57,2.5,1670
2016-02-01,29.01,6.52,-0.8,1670
2016-02-02,28.08,11.86,-1.3,1650
2016-02-03,27.52,11.6,0,1650
2016-02-04,29.51,9.34,1.2,1650
2016-02-05,29.22,11.78,0.8,1650
2016-02-11,26.08,8.14,11.5,1650
2016-02-12,26.86,1.52,14.2,1650
2016-02-15,29.22,9.6,-1.1,1640
2016-02-16,30.66,9.24,2.4,1640
2016-02-17,28.31,13.54,3.2,1640
2016-02-18,30.25,13.02,5.3,1610
2016-02-19,30.07,9.5,6.3,1610
2016-02-22,29.33,4.08,2.9,1610
2016-02-23,29.69,9.91,3.4,1610
2016-02-24,28.57,9.57,0.3,1610
2016-02-25,29.46,14.71,2,1610
2016-02-26,30.43,7.67,5.1,1610
2016-02-29,29.99,11.38,0.2,1610
2016-03-02,31.95,15.73,4.7,1610
2016-03-03,32.04,11.8,10.2,1610
2016-03-04,32.17,4.42,13.5,1610
2016-03-07,34.39,7.6,10.1,1610
2016-03-08,35.56,1.85,5.1,1620
2016-03-09,35.03,15.57,2.1,1620
2016-03-10,36.25,15.75,1.5,1640
2016-03-11,36.37,16.32,1.7,1640
2016-03-14,35.69,13.77,4.1,1630
2016-03-15,34.66,17.87,5.6,1630
2016-03-16,34.8,15.22,8.9,1630
2016-03-17,36.67,15.15,12.2,1610
2016-03-18,37.42,2.32,11,1610
2016-03-21,37.14,18.48,8.7,1630
2016-03-22,37.43,18.68,7.8,1630
2016-03-23,37.14,15.93,7.5,1630
2016-03-24,36.04,17.98,6.6,1630
2016-03-25,36.87,18.45,5.9,1600
2016-03-28,36.31,18.12,9.1,1570
2016-03-29,36.17,9.91,12.3,1570
2016-03-30,35.45,17.48,12.7,1540
2016-03-31,35.05,12.5,12.6,1500
2016-04-01,36.22,17.9,11.9,1490
2016-04-04,34.84,16.71,12.2,1510
2016-04-05,33.83,18.23,11.3,1540
2016-04-06,34.69,6.42,11.7,1560
2016-04-07,36.48,9.14,11.8,1580
2016-04-08,36.71,15.5,11.6,1630
2016-04-11,37.79,18.37,12.7,1570
2016-04-12,38.67,15.9,13.9,1550
2016-04-14,39.66,11.36,12.1,1550
2016-04-15,39.37,21.28,14.1,1570
2016-04-18,37.73,18.87,13.1,1590
2016-04-19,39.17,22.42,13,1590
2016-04-20,39.03,13.03,15.2,1590
2016-05-02,43.355,10.24,18.8,980
2016-05-03,43.03,8.97,15.5,840
2016-05-04,42.05,22.91,15.8,780
2016-05-09,42.84,6.25,16.7,730
2016-05-10,41.23,2.35,13.8,730
2016-05-11,42.18,21.95,16,740
2016-05-12,44.65,23.72,17.9,730
2016-05-13,44.39,16.9,16.1,700
2016-05-16,45.35,21.13,15.1,680
2016-05-17,45.68,24.16,17.2,680
2016-05-18,45.76,22.67,20.2,680
2016-05-19,44.75,21.96,20.4,690
2016-05-20,45.65,23.81,21.2,690
2016-05-23,44.87,20.34,22.5,690
2016-05-24,44.55,6.52,18.4,690
2016-05-25,45.27,22.88,19.3,690
2016-05-26,45.74,16.35,20.3,730
2016-05-27,45.31,14.84,21.1,730
2016-05-30,45.54,24,20.7,750
2016-05-31,45.9,16.33,20,750
2016-06-01,45.44,20.89,21.6,730
2016-06-01,45.44,20.89,21.6,730
2016-06-02,46.17,22.58,20.1,730
2016-06-02,46.17,22.58,20.1,730
2016-06-03,46.28,17.91,21.5,730
2016-06-03,46.28,17.91,21.5,730
2016-06-07,46.82,8.77,20.4,750
2016-06-07,46.82,8.77,20.4,750
2016-06-08,47.99,15.87,21.2,760
2016-06-08,47.99,15.87,21.2,760
2016-06-09,48.98,20.86,22.1,760
2016-06-09,48.98,20.86,22.1,760
2016-06-10,48.23,20.25,23.1,760
2016-06-10,48.23,20.25,23.1,760
2016-06-13,47.06,22.17,22,750
2016-06-13,47.06,22.17,22,750
2016-06-14,46.3,19.58,21.8,750
2016-06-14,46.3,19.58,21.8,750
2016-06-15,46.09,7.07,22.2,750
2016-06-15,46.09,7.07,22.2,750
2016-06-16,44.93,13.48,20.9,750
2016-06-16,44.93,13.48,20.9,750
2016-06-17,44.48,22.74,21.9,740
2016-06-17,44.48,22.74,21.9,740
2016-06-20,46.53,5.39,23,700
2016-06-20,46.53,5.39,23,700
2016-06-21,46.4,18.64,24,700
2016-06-21,46.4,18.64,24,700
2016-06-22,47.12,3.51,22.2,700
2016-06-22,47.12,3.51,22.2,700
2016-06-23,46.48,15.7,24.1,700
2016-06-23,46.48,15.7,24.1,700
2016-06-24,45.47,8.47,22.5,700
2016-06-24,45.47,8.47,22.5,700
2016-06-27,45.11,6.28,21.4,690
2016-06-27,45.11,6.28,21.4,690
2016-06-28,44.55,9.91,22,690
2016-06-28,44.55,9.91,22,690
2016-06-29,45.73,9.74,22.6,690
2016-06-29,45.73,9.74,22.6,690
2016-06-30,46.46,11.73,24.2,690
2016-06-30,46.46,11.73,24.2,690
2016-07-01,45.19,3.61,24.5,690
2016-07-04,46.97,4.79,25.1,700
2016-07-05,45.01,13.08,26.8,700
2016-07-06,45,6.74,25.8,700
2016-07-07,44.99,14.29,26.2,700
2016-07-08,42.5,13.67,25.7,680
2016-07-11,41.97,8.68,24.6,680
2016-07-12,42.58,4.98,23.5,680
2016-07-13,43.41,13.9,25.3,690
2016-07-14,42.31,19.07,24.4,690
2016-07-15,42.59,19.18,25.2,690
2016-07-18,43.38,17.95,24.3,700
2016-07-19,42.21,20.69,26.2,700
2016-07-20,42.24,22.11,26.6,700
2016-07-21,42.73,22.21,26.2,700
2016-07-22,41.63,20.71,26.5,720
2016-07-25,41.38,21.97,28.9,720
2016-07-26,40.37,19.83,28.6,740
2016-07-27,40.59,12.01,28.4,740
2016-07-28,39.88,17.02,29,760
2016-07-29,38.64,18.35,30.1,760
2016-08-01,40.04,21.64,29,760
2016-08-02,38.85,9.38,27.7,750
2016-08-03,38.54,9.33,27.1,780
2016-08-04,39.99,17.27,28.9,790
2016-08-05,41.22,14.8,28.9,800
2016-08-08,41.59,20.86,28.8,810
2016-08-09,42.055,14.93,29.1,810
2016-08-10,41.34,17.58,29.3,810
2016-08-11,40.49,21.37,30.3,810
2016-08-12,42.89,21.72,29.8,810
2016-08-16,45.74,18.45,28.1,800
2016-08-17,45.85,18.31,28,800
2016-08-18,46.65,19.56,29.4,800
2016-08-19,47.26,16.98,29.8,800
2016-08-22,46.85,18.35,28.8,830
2016-08-23,45.38,17.12,28.3,840
2016-08-24,45.96,19.95,28.8,840
2016-08-25,45.59,20.12,28.5,840
2016-08-26,44.62,8.93,26,860
2016-08-29,45.82,21.22,22.8,860
2016-08-30,46.16,17.61,23.7,880
2016-08-31,44.79,18.44,24.8,910
2016-09-01,42.98,18.04,27,910
2016-09-02,41.71,9.32,23.4,910
2016-09-05,44.28,12.98,25.6,910
2016-09-06,43.4,5.82,23.6,910
2016-09-07,43.67,5.14,23.6,920
2016-09-08,44.83,17.62,23.9,920
2016-09-09,45.45,17.26,24.2,910
2016-09-12,43.745,12.98,23.9,910
2016-09-13,43.69,15.86,24.5,920
2016-09-19,42.43,9.59,21.6,920
2016-09-20,41.99,18.7,20.6,920
2016-09-21,43.08,10.64,20.6,940
2016-09-22,43.58,15.74,21.3,940
2016-09-23,43.39,15.37,21,940
2016-09-26,42.15,9.59,24.2,930
2016-09-27,43.13,16.1,25.8,930
2016-09-28,42.37,2.67,21.3,920
2016-09-29,44.65,3.28,20.7,920
2016-09-30,45.11,2.7,18.5,920
2016-10-04,47.83,13.66,23.7,920
2016-10-05,48.83,8.6,21.3,970
2016-10-06,48.77,16.6,19.7,970
2016-10-07,50.07,3.82,18.6,970
2016-10-10,48.9,8.97,14.3,970
2016-10-11,50.01,6.52,15.8,970
2016-10-12,50.03,11.9,16.9,970
2016-10-13,49.07,5.74,15.4,970
2016-10-14,49.88,14.81,17.4,970
2016-10-17,49.12,9.39,19,970
2016-10-18,49.23,11.2,17.6,980
2016-10-19,49.67,11.2,18.4,980
2016-10-20,49.66,5.97,17.1,980
2016-10-21,48.82,2.7,17.7,980
2016-10-24,49.48,6.91,16.7,980
2016-10-25,49.2,5.65,17.1,980
2016-10-26,47.91,6.47,15.3,980
2016-10-27,48.16,5.67,16.3,980
2016-10-28,48.4,2.88,14.9,980
2016-10-31,47.44,3.11,10.4,980
2016-11-01,45.42,8.35,7.2,980
2016-11-02,44.08,12.32,7.6,980
2016-11-03,43.52,11.36,11,980
2016-11-04,42.84,11.9,12.3,980
2016-11-07,42.69,8.62,15.3,990
2016-11-08,42.87,8.08,9.7,1040
2016-11-09,42.57,12.23,6.1,1040
2016-11-10,43.67,2,7.9,1040
2016-11-11,43.7,10.27,11.3,1040
2016-11-14,41.95,2.71,15.8,1040
2016-11-15,41.97,11.08,10.5,1040
2016-11-16,43.45,11.17,8.3,1050
2016-11-17,43.47,8.22,11.8,1050
2016-11-18,42.8,2.45,13,1050
2016-11-21,44.47,2.67,13,1050
2016-11-22,46.08,4,7.9,1050
2016-11-23,46.07,9.25,4.9,1050
2016-11-24,45.67,9.35,3.7,1050
2016-11-25,45.97,7.24,4.7,1030
2016-11-28,43.76,8.84,7.1,1030
2016-11-29,44.65,9.96,5.5,1030
2016-11-30,44.12,2.14,6.6,1030
2016-12-01,49.02,8.3,8.4,1030
2016-12-05,51.64,6.51,9.8,1040
2016-12-06,51.65,9.28,4.2,1070
2016-12-07,50.35,5,5.2,1060
2016-12-08,50.3,8.56,7.4,1060
2016-12-09,51.32,7.57,6.9,1060
2016-12-12,54.18,3.64,7.6,1060
2016-12-13,52.85,4.5,7.1,1060
2016-12-14,52.69,2.57,4,1070
2016-12-15,51.65,5.46,2.6,1070
2016-12-16,51.69,8.34,2.4,1060
2016-12-19,52.86,2.09,10.7,1060
2016-12-20,52.09,8.51,8.8,1060
2016-12-21,52.87,2.96,13.3,1060
2016-12-22,51.78,0.56,8.2,1080
2016-12-23,52.21,4.27,3.7,1070
2016-12-26,53.055,1.01,6.3,1070
2016-12-27,52.72,3.9,3,1060
2016-12-28,53.73,10.14,0.3,1060
2016-12-29,53.9,3.81,1.3,1060
2016-12-30,53.83,9.95,0.8,1060
2017-01-02,54.65,8.39,7.8,1060
2017-01-03,54.65,9.1,5.4,1070
2017-01-04,53.99,6.84,5.2,1100
2017-01-05,54.28,2.78,6.1,1130
2017-01-06,54.25,6.94,7.7,1130
2017-01-09,54.35,6.92,5.1,1260
2017-01-10,53.14,6.02,3.4,1260
2017-01-11,52.22,10.16,1.6,1270
2017-01-12,53.45,5.35,3.9,1270
2017-01-13,54.3,6.21,1.9,1240
2017-01-16,53.29,10.48,0.2,1250
2017-01-17,53.88,7.49,0.3,1290
2017-01-18,53.84,7.66,2.4,1290
2017-01-19,53.03,8.6,2,1290
2017-01-20,52.91,5.12,0.4,1290
2017-01-23,53.52,4.02,-2.2,1290
2017-01-24,53.98,10.3,-0.8,1300
2017-01-25,53.47,10.39,-0.4,1300
2017-01-26,53.86,10.72,1.6,1300
2017-01-31,53.22,12.02,-1.3,1300
2017-02-01,54.94,9.45,0.4,1300
2017-02-02,55.45,12.88,0.4,1330
2017-02-03,54.265,7.99,2.3,1330
2017-02-06,55.31,11.63,2.4,1330
2017-02-07,54.17,11.62,1.7,1340
2017-02-08,53.35,5.18,2.1,1340
2017-02-09,53.79,8.43,-0.5,1340
2017-02-10,53.78,6.81,-2.3,1340
2017-02-13,54.76,12.25,3,1340
2017-02-14,54.14,13.65,3.6,1360
2017-02-15,54,13.99,3.3,1360
2017-02-16,53.95,6.87,8.2,1340
2017-02-17,54.06,11.96,4.5,1330
2017-02-20,54.46,10.61,3.1,1330
2017-02-21,54.64,14.62,2.1,1330
2017-02-22,54.68,1.04,6.7,1350
2017-02-23,54.75,11.64,2.2,1340
2017-02-24,54.7,15.4,2.1,1330
2017-02-27,55.18,15.43,3.8,1330
2017-02-28,53.565,15.09,5,1330
2017-03-02,54.85,11.33,2.9,1380
2017-03-03,53.68,15.44,4.3,1420
2017-03-06,53.85,17.03,3.1,1420
2017-03-07,54.44,9.22,1,1420
2017-03-08,54.02,13.26,3.4,1400
2017-03-09,52.52,16.71,6.4,1400
2017-03-10,51.16,17.42,6.1,1400
2017-03-13,50.04,13.66,6.7,1400
2017-03-14,49.82,18.25,5.4,1400
2017-03-15,50.01,18.12,5.3,1390
2017-03-16,50.64,14.46,5,1390
2017-03-17,50.13,17.53,6.2,1390
2017-03-20,50.05,2.69,8.5,1350
2017-03-21,50.42,18.26,6.6,1350
2017-03-22,49.02,11.8,6.4,1310
2017-03-23,49.17,12.25,8.1,1320
2017-03-24,48.97,10.8,7.7,1350
2017-03-27,48.84,16.25,7.4,1390
2017-03-28,49.23,11.48,8.2,1430
2017-03-29,50.14,7.03,8.7,1560
2017-03-30,50.71,18.89,9.4,1630
2017-03-31,50.78,15.01,9.2,1630
2017-04-03,51.67,19.95,10.7,1550
2017-04-04,51.1,17.42,12.9,1520
2017-04-05,52.99,2.33,14.7,1455
2017-04-06,52.64,2.58,12.6,1435
2017-04-07,53.94,15.49,11.8,1420
2017-04-10,53.88,15.36,14.6,1320
2017-04-11,54.33,17.67,11.1,1365
2017-04-12,54.61,20.37,11.7,1375
2017-04-13,54.16,19.33,12.5,1350
2017-04-14,53.91,12.09,15.1,1310
2017-04-17,53.49,1.82,14.5,1225
2017-04-18,53.12,14.87,13.2,1215
2017-04-19,53.04,21.25,13.1,1205
2017-04-20,51.46,4.08,12.5,1205
2017-04-21,51.36,20.02,13.1,1140
2017-04-24,50.94,23.05,15.7,950
2017-04-25,50.13,13.33,17.4,880
2017-04-26,50.57,15.51,14.5,870
2017-04-27,50.02,21.36,13.3,870
2017-04-28,50.16,22.41,15.1,880
2017-05-02,53.565,19,18.4,870
2017-05-04,48.825,18.59,19.8,850
2017-05-08,48.805,12.46,17.5,940
2017-05-10,49.01,15.18,15.3,1140
2017-05-11,49.64,20.61,19.8,1220
2017-05-12,49.46,4.09,18.7,1210
2017-05-15,50.82,19.82,15.6,1120
2017-05-16,51.09,20.92,16.7,1000
2017-05-17,50.42,23.02,17.8,1000
2017-05-18,51,22.91,19.5,1000
2017-05-19,51.96,23.78,19.9,1000
2017-05-22,52.79,22.72,21.4,1010
2017-05-23,52.31,13.6,21.1,1010
2017-05-24,53.1,14.31,20.3,1010
2017-05-25,52.78,23.57,18.8,1000
2017-05-26,50.42,25.59,17.1,990
2017-05-29,50.65,22.82,22,1000
2017-05-30,50.48,17.87,22.4,1020
2017-05-31,50.09,10.29,22.4,990
2017-06-01,50.16,11.24,19.8,990
2017-06-02,48.34,24.6,19.1,970
2017-06-05,48.77,22.78,22.1,1010
2017-06-07,48.42,3.48,18,1080
2017-06-08,47.07,21.27,19.4,1160
2017-06-09,46.46,23.59,20.8,1140
2017-06-12,47.02,16.71,20.7,1110
2017-06-13,47.3,19.83,20.3,1090
2017-06-14,46.84,24.75,20.4,1110
2017-06-15,45.37,22.94,21.3,1080
2017-06-16,45.88,22.89,22.6,1070
2017-06-19,45.68,22,23.8,1070
2017-06-20,45.62,6.08,22.6,1070
2017-06-21,44.32,15.83,22.5,1060
2017-06-22,43.5,21.86,23.6,1040
2017-06-23,44.17,18.62,23.8,1040
2017-06-26,45.265,10.18,24.1,1060
2017-06-27,45.03,14.11,24.2,1070
2017-06-28,45.3,18.15,24.4,1090
2017-06-29,46.36,8.67,23.4,1080
2017-06-30,46.47,7.14,23.6,1070
2017-07-03,47.62,10.52,27,1140
2017-07-04,48.43,12.02,25.9,1160
2017-07-05,48.34,20.55,27.4,1180
2017-07-06,47.07,4.07,25.4,1170
2017-07-07,46.05,15.57,27.2,1135
2017-07-10,45.24,7.13,26.8,1165
2017-07-11,45.27,11.69,25.2,1170
2017-07-12,46.82,22.96,26,1190
2017-07-13,46.1,22.4,26.9,1190
2017-07-14,46.99,13.43,27.3,1180
2017-07-17,47.65,8.95,27,1180
2017-07-18,47.2,6.16,25.1,1210
2017-07-19,47.41,19.24,26.8,1220
2017-07-20,48.33,20.98,29,1210
2017-07-21,48.17,19.89,29.6,1240
2017-07-24,46.51,17.98,29.2,1260
2017-07-25,47.3,15.19,27.9,1260
2017-07-26,49.05,16.59,27.9,1260
2017-07-27,49.35,22.83,28.1,1250
2017-07-28,49.72,20.1,28.2,1250
2017-07-31,50.38,7.18,26.9,1250
2017-08-01,51.22,19.54,29.5,1260
2017-08-02,50.29,18.95,29.4,1250
2017-08-03,50.83,20.01,28.6,1260
2017-08-04,50.36,20.55,30,1250
2017-08-07,50.8,19.08,29.2,1260
2017-08-08,51.24,10.16,27.9,1250
2017-08-09,51.43,13.75,27,1250
2017-08-10,51.62,20.24,27.3,1270
2017-08-11,49.86,20.98,27.7,1260
2017-08-14,50.36,7.71,25,1280
2017-08-16,49.53,14.06,26,1300
2017-08-17,48.65,20.63,26.1,1310
2017-08-18,49.26,16.67,26.4,1300
2017-08-21,50.72,11.27,26.4,1290
2017-08-22,49.97,13.12,28.2,1310
2017-08-23,49.93,17.17,29.6,1300
2017-08-24,50.55,17.45,29.2,1300
2017-08-25,50.56,16.26,26.7,1300
2017-08-28,50.55,14.69,26.9,1280
2017-08-29,50.1,20.42,23.5,1290
2017-08-30,49.93,14.52,20.9,1280
2017-08-31,49.26,18.61,22.8,1290
2017-09-01,50.35,18.06,23.7,1300
2017-09-04,50.6,10.27,23.6,1290
2017-09-05,51.02,2.16,21.5,1300
2017-09-06,52.14,2.78,21.7,1290
2017-09-07,52.99,12.46,21.8,1290
2017-09-08,53.18,18.59,23.3,1290
2017-09-11,52.14,5.54,22.4,1290
2017-09-12,52.17,17.81,22.8,1290
2017-09-13,52.87,19.59,21.9,1290
2017-09-14,53.57,19.23,22.4,1290
2017-09-15,53.64,11.52,21.8,1290
2017-09-18,54.19,17.82,22.5,1280
2017-09-19,54.07,11.47,23.7,1290
2017-09-20,53.93,8.63,20.9,1280
2017-09-21,54.65,15.64,20.1,1280
2017-09-22,54.66,16.41,21.3,1260
2017-09-25,54.83,15.23,24,1260
2017-09-26,56.15,15.88,24.6,1260
2017-09-27,55.65,4.6,21,1260
2017-09-28,55.55,15.51,21.1,1240
2017-09-29,55.19,14.58,18.4,1250
2017-10-10,54.08,12.85,22.4,1220
2017-10-11,54.78,3.39,17.8,1210
2017-10-12,54.97,2.08,13.2,1240
2017-10-13,55.4,15.59,14.4,1240
2017-10-16,55.98,4.92,16.6,1240
2017-10-17,56.33,8.84,16,1240
2017-10-18,55.92,4.61,17.1,1260
2017-10-19,55.51,10.16,16.5,1260
2017-10-20,55.13,14.09,16.6,1260
2017-10-23,55.85,12.94,14.7,1260
2017-10-24,55.28,11.66,14.8,1270
2017-10-25,56.2,13.12,14.2,1250
2017-10-26,56.21,11.37,14.7,1240
2017-10-27,57,9.76,15.5,1240
2017-10-30,58.33,13.72,10.3,1250
2017-10-31,58.32,13.35,11.2,1250
2017-11-01,59.61,11.6,12.7,1250
2017-11-02,58.58,7.95,13.4,1240
2017-11-03,58.93,6.83,12,1240
2017-11-06,60.58,11.92,10.6,1250
2017-11-07,62.39,5.9,15.9,1250
2017-11-08,61.8,9.62,14.3,1260
2017-11-09,61.61,11.9,11.3,1260
2017-11-10,62.06,6.74,14,1260
2017-11-13,61.63,7.92,10.5,1260
2017-11-14,61.25,10.34,10.7,1240
2017-11-15,60.04,7.72,8.5,1240
2017-11-16,60.29,10.78,6.4,1240
2017-11-17,59.66,4.73,8.3,1240
2017-11-20,60.68,8.51,6.2,1250
2017-11-21,60.48,9.22,6.7,1250
2017-11-22,61.12,3.79,8.2,1250
2017-11-23,61.13,7.43,6.7,1250
2017-11-24,61.62,7.49,6.9,1250
2017-11-27,61.5,9.78,5,1240
2017-11-28,61.25,5.52,9.5,1240
2017-11-29,60.97,4.16,8.1,1240
2017-11-30,60.82,9.45,3.6,1240
2017-12-04,60.99,5.21,4.6,1240
2017-12-05,60.22,8.85,0.2,1230
2017-12-06,60.72,8.16,5.1,1230
2017-12-07,59.43,6.33,6,1230
2017-12-08,60.26,6.31,1.2,1230
2017-12-11,60.96,5.69,1.3,1230
2017-12-12,62.52,7.65,-2.7,1230
2017-12-13,61.33,9.05,-1.8,1230
2017-12-14,60.23,7.31,-1.2,1230
2017-12-15,61.18,6.65,1.3,1220
2017-12-18,61.28,5.39,2.9,1210
2017-12-19,61.4,5.8,2,1210
2017-12-20,61.6,9.08,2.3,1210
2017-12-21,62.17,8.01,1.6,1210
2017-12-22,62.37,8.97,4.1,1210
2017-12-26,62.61,7.21,3,1210
2017-12-27,63.94,9.81,-0.6,1210
2017-12-28,63.85,4.94,-0.2,1210
2017-12-29,64.33,3.67,3.4,1210
2018-01-02,64.37,8.18,2.8,1210
2018-01-03,64.15,8.47,1,1210
2018-01-04,65.35,5.08,-0.4,1200
2018-01-05,65.33,4.98,1.5,1190
2018-01-08,65.04,2.76,3.5,1190
2018-01-09,65.51,6.97,1.3,1190
2018-01-10,66.59,5.13,-1.8,1190
2018-01-11,66.5,5.23,-4.1,1190
2018-01-12,66.29,9.85,-5.9,1200
2018-01-15,67.03,9.83,5.2,1190
2018-01-16,67.09,1.24,5.3,1190
2018-01-17,66.27,7.64,5.4,1200
2018-01-18,66.42,7.92,4.6,1200
2018-01-19,65.95,10.68,1.8,1200
2018-01-22,66.09,8.18,5.4,1185
2018-01-23,66.49,6.5,-3.5,1185
2018-01-24,66.86,10.89,-7.9,1185
2018-01-25,67.98,7.93,-6.8,1185
2018-01-26,67.4,6.94,-6.1,1205
2018-01-29,67.55,9.2,-3.5,1205
2018-01-30,66.38,8.68,-3.1,1205
2018-01-31,65.77,6.14,0,1180
2018-02-01,66.12,12.51,-0.3,1180
2018-02-02,67.02,8.53,-1.2,1180
2018-02-05,65.07,4.52,-4.9,1170
2018-02-06,64.25,2.83,-5.8,1160
2018-02-07,64.05,10.89,-4.1,1160
2018-02-08,62.26,12.02,-1.1,1160
2018-02-09,61.12,7.47,3.4,1160
2018-02-12,60.29,8.84,-1.1,1140
2018-02-13,59.84,13.88,2.3,1130
2018-02-14,59.4,10,6.6,1150
2018-02-19,61.77,6.36,3,1130
2018-02-20,62.05,9.24,2.7,1120
2018-02-21,61.3,8.07,1,1120
2018-02-22,61.6,13.27,1.8,1060
2018-02-23,62.77,11.94,5.8,1060
2018-02-26,63.9,15.47,3.5,1060
2018-02-27,64.02,13.1,7.3,1060
2018-02-28,63.22,1.2,7.8,1040
2018-03-02,60.28,16.28,1.5,1020
2018-03-05,61.32,2.5,7.2,1020
2018-03-06,62.04,16.71,5.9,1010
2018-03-07,61.61,5.36,6.6,1010
2018-03-08,60.8,4.19,3.4,1000
2018-03-09,60.28,16.07,4,930
2018-03-12,61.71,16.18,8.9,950
2018-03-13,61.25,14.8,13.1,940
2018-03-14,61.23,16.35,16.3,930
2018-03-15,61.45,1.04,11.8,930
2018-03-16,61.74,4.07,7,930
2018-03-19,62.48,2.35,10.9,880
2018-03-20,62.98,5.34,7.3,870
2018-03-21,63.89,3.55,1.9,860
2018-03-22,65.44,18.35,5.1,860
2018-03-23,65.33,18.59,6.3,840
2018-03-26,65.97,16.37,11.2,840
2018-03-27,65.83,18.21,12.8,820
2018-03-28,65.24,19.06,13.7,820
2018-03-29,65.33,15.64,14.5,800
2018-03-30,61.72,16.48,13.2,780
2018-04-02,66.79,19.03,18.4,750
2018-04-03,65.16,17.42,18.9,750
2018-04-04,64.7,3.94,13.1,740
2018-04-05,65.38,6.64,12.4,710
2018-04-06,65.37,15.62,8.2,710
2018-04-09,64.7,20.79,12,670
2018-04-10,66.51,18.12,16.8,660
2018-04-11,67.58,18.75,13.9,805
2018-04-12,68.63,12.41,11.8,825
2018-04-13,69.04,8.03,14.1,815
2018-04-16,68.18,17.73,9.9,795
2018-04-17,68.23,20.71,12.2,765
2018-04-18,68.81,22.87,10.9,770
2018-04-19,70.75,22.34,12.7,765
2018-04-20,70.42,21.69,15.6,890
2018-04-23,70.29,2.54,15.1,900
2018-04-24,71.24,4.06,13.7,950
2018-04-25,70.36,18.31,14.2,1020
2018-04-26,70.63,20.14,13.6,1040
2018-04-27,70.88,23.82,14,1030
2018-04-30,70.05,15.78,19.5,1030
2018-05-02,70.25,4.48,15.4,1020
2018-05-03,70.54,19.86,12.8,1030
2018-05-04,70.47,28.88,14.7,1020
2018-05-08,72.48,18.61,16.8,930
2018-05-09,73.93,17.42,14.5,910
2018-05-10,74.73,25.24,15,910
2018-05-11,74.46,26.9,17,910
2018-05-14,73.77,26.29,19.1,890
2018-05-15,75.3,18.84,22.4,870
2018-05-16,75.1,5.52,22.5,830
2018-05-17,76.67,3.86,22,820
2018-05-18,77.06,6.08,18.2,810
2018-05-21,76.43,20,17.8,780
2018-05-23,76.65,27.46,17.3,800
2018-05-24,77.03,27.8,18.4,800
2018-05-25,75.78,23.11,19.7,720
2018-05-28,73.24,15.77,20.6,660
2018-05-29,70.34,20.08,21.7,660
2018-05-30,73.53,11.17,20.1,660
2018-05-31,75.45,20.86,18.7,670
2018-06-01,75.11,28.52,20.8,670
2018-06-04,74.4,22.27,22.1,680
2018-06-05,73.61,12.57,21.7,680
2018-06-07,73.58,27.6,21.9,750
2018-06-08,74.87,20.87,21.3,750
2018-06-11,74.36,21.91,21.1,710
2018-06-12,74.75,20.37,20.9,730
2018-06-14,74.31,27.72,22.4,740
2018-06-15,70.34,24.4,21.8,740
2018-06-18,70.97,25.61,23.3,740
2018-06-19,72.07,8.14,22.5,730
2018-06-20,72.65,23.08,22.1,710
2018-06-21,71.25,29.05,22.6,705
2018-06-22,71.77,21.18,23.9,690
2018-06-25,72.81,24.84,25.5,670
2018-06-26,73.03,6.91,25.3,650
2018-06-27,74.36,6.62,24.1,650
2018-06-28,75.19,6.34,23.2,650
2018-06-29,75.86,17.99,24.8,650
2018-07-02,75.57,16.84,26.8,650
2018-07-03,74.77,17.04,27,650
2018-07-04,75.07,19.77,25.5,660
2018-07-05,74.92,8.03,25.2,650
2018-07-06,74.18,5.3,24.2,640
2018-07-09,74.67,13.68,24.2,640
2018-07-10,76,19.95,27,660
2018-07-11,74.75,20.32,28.3,670
2018-07-12,72.56,26.86,28,680
2018-07-13,71.65,24.98,27.4,680
2018-07-16,72.95,27.62,27.4,690
2018-07-17,70.36,25.37,27.8,690
2018-07-18,69.68,27.25,28,690
2018-07-19,70.41,27.83,28,680
2018-07-20,71.52,27.39,28.9,680
2018-07-23,71.5,26.17,30,690
2018-07-24,71.59,22.75,29.8,650
2018-07-25,72.49,26.38,29.6,650
2018-07-26,73.41,25.88,29.1,650
2018-07-27,73.42,26.56,29.5,646
2018-07-30,73.38,16.81,29.8,666
2018-07-31,73.69,21.61,30.2,670
2018-08-01,72.42,23.8,30.4,670
2018-08-02,71.14,21.45,31.5,670
2018-08-03,71.93,21.79,29.9,700
2018-08-06,72.11,24.97,30.4,730
2018-08-07,72.65,15.94,29.5,730
2018-08-08,73.28,23.22,30.3,770
2018-08-09,70.34,22,30,760
2018-08-10,70.55,21.22,29.7,780
2018-08-13,71.25,23.1,30.6,810
2018-08-14,71.79,21.66,30.7,780
2018-08-16,69.6,18.56,30,790
2018-08-17,70.38,17.64,27.2,790
2018-08-20,70.81,15.04,27.9,810
2018-08-21,71.11,25.13,28.7,810
2018-08-22,72.405,19.73,30,810
2018-08-23,73.14,1.75,26,790
2018-08-24,74,14.76,26.1,790
2018-08-27,74.41,8.01,27,810
2018-08-28,75.02,18.56,27.8,790
2018-08-29,74.34,19.54,28,790
2018-08-30,75.76,19.29,28.2,790
2018-08-31,75.85,6.04,26,750
2018-09-03,76.18,13.76,26.3,780
2018-09-04,76.88,19.91,24.5,770
2018-09-05,75.83,21.62,25.2,770
2018-09-06,75.31,6.68,24.1,780
2018-09-07,74.73,7.82,21.9,800
2018-09-10,75.83,18.45,22.4,810
2018-09-11,76.22,15.9,22,810
2018-09-12,77.45,21.61,23.3,790
2018-09-13,77.2,6.97,22.6,790
2018-09-14,76.31,9.24,23.3,790
2018-09-17,76.43,13.37,23,790
2018-09-18,75.85,22.26,22.7,790
2018-09-19,77.02,6.39,20.5,760
2018-09-20,77.53,4.66,21.7,760
2018-09-21,77.35,6.5,21.4,760
2018-09-27,80.36,21.28,19.9,750
2018-09-28,80.03,15.86,21.1,760
2018-10-01,80.83,18.16,19.3,760
2018-10-02,82.88,15.32,18.6,740
2018-10-04,84.44,18.28,20,740
2018-10-05,83.2,1.68,18.4,740
2018-10-08,81.61,15.71,16.7,740
2018-10-10,83.04,14.3,15.7,740
2018-10-11,80.66,15.11,13.2,720
2018-10-12,79.36,19.12,13.5,720
2018-10-15,79.3,16.29,16.1,740
2018-10-16,78.83,7.09,15.1,740
2018-10-17,80.23,16.74,15.3,725
2018-10-18,78.43,16.29,14.1,715
2018-10-19,77.88,17.75,13.5,725
2018-10-22,78.78,8.67,14.8,725
2018-10-23,77.83,10.68,15.5,705
2018-10-24,74.42,17.01,14.6,705
2018-10-25,74.96,16.04,15.3,680
2018-10-26,75.42,2.14,15.2,680
2018-10-29,76.01,13.87,14,680
2018-10-30,76.18,14.82,10.9,690
2018-10-31,75.66,11.87,10.1,700
2018-11-01,73.38,15.94,10.6,710
2018-11-02,71.67,15.51,12.1,710
2018-11-05,71.2,14.36,12.7,710
2018-11-06,70.34,12.02,13.4,730
2018-11-07,70.64,4.01,13.8,730
2018-11-08,71.54,1.6,15.6,730
2018-11-09,69.36,10.22,13.3,720
2018-11-12,70.59,13.68,10.5,720
2018-11-13,68.48,13.75,10.1,720
2018-11-14,64.46,13.31,10.4,720
2018-11-15,65.39,11.03,12.2,740
2018-11-16,66.49,4.63,11.5,690
2018-11-19,66.17,11.33,9.7,690
2018-11-20,65.51,13.19,9.2,705
2018-11-21,62.65,5.35,9,685
2018-11-22,62.44,12.71,6.5,685
2018-11-23,61.08,11.8,6.7,665
2018-11-26,59.13,11.66,9.7,665
2018-11-27,59.07,11.73,11,665
2018-11-28,60.18,10.36,8.2,665
2018-11-29,58.3,10.49,8.9,665
2018-11-30,59.02,10.29,8.2,665
2018-12-03,61.19,4.46,15.7,660
2018-12-04,61.54,3.58,10.2,680
2018-12-05,59.81,10.89,4.8,670
2018-12-06,59.85,3.49,4.8,670
2018-12-10,60.22,7.16,-0.1,670
2018-12-11,58.37,2.19,2,670
2018-12-12,59.23,6.82,2.5,670
2018-12-13,58.81,6.54,3.7,670
2018-12-14,59.67,10.06,1.2,670
2018-12-17,58.92,8.85,6.7,670
2018-12-18,57.21,10.85,6,660
2018-12-19,55.05,7.1,8.8,660
2018-12-20,54.47,4.01,8.7,650
2018-12-21,53.51,5.37,8.3,650
2018-12-24,51.515,11.62,2.7,650
2018-12-26,49.52,6.9,3.6,650
2018-12-27,53.07,7.83,-1.8,650
2018-12-28,52.86,4.03,-3.9,640
2018-12-31,53.07,11.75,-1.1,640
2019-01-02,51.86,8.32,1.3,640
2019-01-03,53.2,11.79,0.8,640
2019-01-04,55.59,2.87,0.4,650
2019-01-07,56.79,10.47,1.6,650
2019-01-08,56.18,7.37,1.8,640
2019-01-09,58.07,8.42,-0.8,640
2019-01-10,59.6,6.66,2,600
2019-01-11,61.16,9.75,3.6,600
2019-01-14,58.92,10.47,2.9,610
2019-01-15,58.63,7.18,2.6,610
2019-01-16,60.15,12.41,-0.8,623
2019-01-17,60.03,10.83,2.5,623
2019-01-18,61.12,11.77,2.8,623
2019-01-21,61.88,12.67,3.6,623
2019-01-22,61.43,12.42,5,594
2019-01-23,61.23,12.09,4.9,594
2019-01-24,60.41,13.68,2.4,594
2019-01-25,61.16,6.48,1.4,594
2019-01-28,60.32,10.62,4.5,594
2019-01-29,59.44,14.45,1.4,594
2019-01-30,60.93,7.15,3.4,594
2019-01-31,61.82,5.42,0.9,604
2019-02-01,60.87,13.24,1.4,604
2019-02-07,62.51,8.96,1.8,594
2019-02-08,61.62,12.53,-1.4,584
2019-02-11,62.02,9.22,0.4,584
2019-02-12,62.23,14.4,1.7,594
2019-02-13,63.34,15.19,1.5,594
2019-02-14,65.32,13.73,1,594
2019-02-15,65.12,6.65,2.2,594
2019-02-18,66.73,5.04,2,604
2019-02-19,66.48,2.62,3.5,604
2019-02-20,66.38,11.04,3.1,624
2019-02-21,67.12,15.83,3.1,624
2019-02-22,67.22,9.92,3.8,624
2019-02-25,66.84,14.6,5,614
2019-02-26,64.56,17.36,4.9,614
2019-02-27,65.3,7.89,6.7,614
2019-02-28,65.98,13.64,6.6,624
2019-03-04,65.36,15.31,7.5,624
2019-03-05,65.73,8.88,7.3,644
2019-03-06,65.85,15.85,8.9,670
2019-03-07,66.47,19.45,5.7,670
2019-03-08,65.77,21.1,5.3,650
2019-03-11,66.81,10.68,6.6,650
2019-03-12,67.15,14.55,6.2,660
2019-03-13,67.22,20.64,5.9,660
2019-03-14,68.17,20.46,7.8,660
2019-03-15,67.71,11.98,7.8,660
2019-03-18,67.32,13.38,7.8,660
2019-03-19,67.63,18.96,9.5,670
2019-03-20,67.67,4.12,11.9,685
2019-03-21,68.23,6.54,7.8,675
2019-03-22,67.46,22.07,4.6,675
2019-03-25,66.34,15.56,7.3,710
2019-03-26,67.17,21.88,11.2,700
2019-03-27,67.37,19.74,13.2,700
2019-03-28,66.56,17.64,9.9,720
2019-03-29,67.23,20.69,9.9,720
2019-04-01,68.23,22.94,7.9,735
2019-04-02,68.81,24.79,7.6,780
2019-04-03,69.43,25.15,7.4,800
2019-04-04,68.67,24.03,8.8,790
2019-04-05,68.82,17.41,10.5,762
2019-04-08,70.29,23.31,11.1,825
2019-04-09,70.53,6.26,10.2,905
2019-04-10,70.08,5.01,7.7,915
2019-04-11,70.52,15.65,9.2,1013
2019-04-12,70.1,25.02,10.4,1058
2019-04-15,70.32,25.96,10.7,983
2019-04-16,70.21,18.89,14.8,973
2019-04-17,71.33,22.48,15.2,948
2019-04-18,71.07,25.75,15.5,1068
2019-04-19,71.5,8.47,15.1,1040
2019-04-22,73.36,24.45,19,960
2019-04-23,73.77,4.82,17,880
2019-04-24,73.67,8.76,16.6,880
2019-04-25,74.46,6.18,13.9,860
2019-04-26,73.45,4.5,9.9,860
2019-04-29,71.09,2.16,12.5,810
2019-04-30,71.63,13.1,13.5,830
2019-05-02,71.43,28.36,14.1,830
2019-05-03,69.93,27.53,15.8,880
2019-05-07,70.29,28.94,13.4,840
2019-05-08,69.28,22.17,15,830
2019-05-09,69.09,26.64,15.9,780
2019-05-10,70.1,27.17,16.3,740
2019-05-13,70.97,24.04,19.5,665
2019-05-14,69.7,24.48,20.3,640
2019-05-15,70.46,26.06,21.2,615
2019-05-16,72.04,25.46,22.5,605
2019-05-17,72.46,14.02,21.1,600
2019-05-20,71,23.39,16.1,590
2019-05-21,71.64,29.92,17.1,590
2019-05-22,71.23,29.74,19.7,570
2019-05-23,69.22,28.18,20.3,570
2019-05-24,66.73,26.7,22.2,590
2019-05-27,66.88,3.09,17.8,580
2019-05-28,68.31,26.43,17.4,565
2019-05-29,67.13,28.76,18.9,555
2019-05-30,67.12,18.18,20,575
2019-05-31,63.83,23.16,17.1,600
2019-06-03,60.17,28.01,21.7,610
2019-06-04,60.03,27.52,22,600
2019-06-05,60.685,28.04,21.5,570
2019-06-07,61.2,8.05,19.1,560
2019-06-10,61.92,15.99,19.7,560
2019-06-11,61.28,14.58,19.4,560
2019-06-12,59.9,24.17,20.2,510
2019-06-13,60.28,22.99,20.6,495
2019-06-14,59.9,6.84,19.5,455
2019-06-17,60.74,24.49,20.8,420
2019-06-18,59.92,13.23,21.3,420
2019-06-19,61.22,23.59,22.2,420
2019-06-20,62.61,25.68,22.4,425
2019-06-21,64.22,28,22.1,425
2019-06-24,64.02,26.9,22.4,435
2019-06-25,63.38,25.17,23.9,435
2019-06-26,64.29,7.69,21.3,435
2019-06-27,64.42,18.04,23.4,430
2019-06-28,64.88,27.22,23,450
2019-07-01,64.92,6.24,22,440
2019-07-02,63.43,24.42,23,440
2019-07-03,60.62,18.27,23,440
2019-07-04,61.75,27.45,23.9,420
2019-07-05,61.62,23.84,24.9,420
2019-07-08,63.32,23.2,23.3,420
2019-07-09,62.63,11.93,23,420
2019-07-10,63.9,5.39,21.5,420
2019-07-11,65.95,15.75,21.7,420
2019-07-12,65.88,25.05,22.9,415
2019-07-15,65.22,19.79,24.5,420
2019-07-16,64.58,20.29,24.9,420
2019-07-17,63.23,20.67,24.9,420
2019-07-18,62.14,7.22,23.6,420
2019-07-19,61.55,4.23,24.5,420
2019-07-22,62.74,8.83,25.6,430
2019-07-23,62.11,22.67,26.9,430
2019-07-24,63.21,12.36,26.5,420
2019-07-25,63.03,18.45,27.3,415
2019-07-26,62.83,11.53,27.1,410
2019-07-29,62.53,24.29,28,420
2019-07-30,63.63,17.27,28.4,420
2019-07-31,64.57,24.76,28.9,420
2019-08-01,63.05,23.66,28.4,450
2019-08-02,60.33,24.05,28.5,470
2019-08-05,59.68,21.78,28.3,460
2019-08-06,58.75,20.62,28.7,480
2019-08-07,57.89,24.51,28.6,470
2019-08-08,56.83,19.18,29.9,500
2019-08-09,57,19.35,29.8,500
2019-08-12,57.8125,10.38,27.7,515
2019-08-13,57.76,24.39,29.1,515
2019-08-14,59.66,22.19,28.3,525
2019-08-16,58.2,15.4,25.8,515
2019-08-19,58.4,25.01,25.9,500
2019-08-20,59.24,20.68,27.6,505
2019-08-21,60.09,15.02,28,505
2019-08-22,60.29,18.32,27.2,510
2019-08-23,59.43,13.63,25.9,510
2019-08-26,58.59,19.79,25.3,510
2019-08-27,58.07,5.2,24.1,510
2019-08-28,58.99,9.68,24.3,510
2019-08-29,59.32,6.25,23.1,510
2019-08-30,59.62,25.08,23.8,520
2019-09-02,57.62,6.02,21.9,520
2019-09-03,56.48,7.55,23.8,510
2019-09-04,56.72,7.27,24.8,505
2019-09-05,58.53,10.26,24.2,515
2019-09-06,59.23,7.19,25.7,525
2019-09-09,60.12,9.5,25,560
2019-09-10,60.89,17.11,26.2,550
2019-09-11,60.89,21.15,25.1,550
2019-09-16,63.88,18.37,23.9,540
2019-09-17,67.53,22.6,23.8,580
2019-09-18,63.3,21.85,21.6,570
2019-09-19,63.23,22.23,20.3,570
2019-09-20,64.28,17.45,21.8,550
2019-09-23,63.59,21.8,19.6,550
2019-09-24,63.46,20.42,19.3,550
2019-09-25,61.57,16.57,20.2,550
2019-09-26,61.73,16.39,22,515
2019-09-27,62.07,13.18,23.6,515
2019-09-30,60.94,17.37,22.4,510
2019-10-01,59.22,1.31,21.3,510
2019-10-02,58.67,2.27,21.5,500
2019-10-04,57.84,17.86,21.8,505
2019-10-07,58.24,2.78,17.7,505
2019-10-08,58.03,15.12,17.5,515
2019-10-10,57.77,18.2,16.9,515
2019-10-11,60.44,16.61,18.7,515
2019-10-14,60.03,11.8,15.7,535
2019-10-15,59.42,12.2,14.3,530
2019-10-16,58.8,15.51,15.8,530
2019-10-17,59.23,7.94,15.9,530
2019-10-18,59.7,7.15,17.3,530
2019-10-21,59.38,16.62,17.3,520
2019-10-22,58.95,16.11,17.8,520
2019-10-23,59.67,6.14,17.9,510
2019-10-24,61.04,12.72,18.2,510
2019-10-25,61.46,13.69,17.8,510
2019-10-28,61.06,15.24,13.8,535
2019-10-29,61,13.99,15.4,535
2019-10-30,61.32,15.81,14.1,535
2019-10-31,61.1,15.64,15.1,535
2019-11-01,58.72,6.07,15.4,535
2019-11-04,60.74,12.23,13.2,535
2019-11-05,61.34,14.06,12.8,560
2019-11-06,61.49,14.15,13,560
2019-11-07,61.13,11.12,12.4,560
2019-11-08,60.88,14.94,9,585
2019-11-11,61.15,11.27,13,585
2019-11-12,62.16,11.53,11,590
2019-11-13,61.48,4.87,10.4,590
2019-11-14,62.47,13.52,5.6,590
2019-11-15,61.93,13.11,9.1,590
2019-11-18,62.84,5.32,9.3,600
2019-11-19,61.86,8.04,6.8,645
2019-11-20,60.45,13.64,4.6,645
2019-11-21,62.13,10.1,7.3,645
2019-11-22,63.74,9.66,12.8,635
2019-11-25,63.43,4.53,5.1,660
2019-11-26,63.1,5.03,7.3,635
2019-11-27,63.69,4.78,6.8,640
2019-11-28,63.33,11.71,5.2,660
2019-11-29,63.83,12.94,4.6,660
2019-12-02,60.83,6.54,5.3,720
2019-12-03,60.98,7.12,5.3,710
2019-12-04,61.11,10.03,6.6,720
2019-12-05,62.73,11.4,2.3,740
2019-12-09,63.74,9.74,5.3,750
2019-12-10,63.84,10.08,10,790
2019-12-11,63.78,5.36,8.6,780
2019-12-12,64.01,11.15,4.1,760
2019-12-13,64.92,9.43,3.2,745
2019-12-16,65.54,6.89,10.7,765
2019-12-17,65.62,1.26,9.3,765
2019-12-18,66.14,7.4,5.2,765
2019-12-19,66.48,10.22,3.6,750
2019-12-20,66.87,6.35,3.3,740
2019-12-23,66.21,7.25,5.6,710
2019-12-24,66.77,10.96,4,710
2019-12-26,67.88,2.28,4.9,730
2019-12-27,67.81,6.41,3,780
2019-12-30,67.81,4,6.4,770
2019-12-31,67.27,9.12,-2,770
2020-01-02,65.69,9.68,2.6,775
2020-01-03,67.79,9.9,3.9,810
2020-01-06,69.65,2.18,7.5,870
2020-01-07,68.34,1.34,13,930
2020-01-08,69.24,1.44,4.2,955
2020-01-09,66.17,5.91,3.2,945
2020-01-10,65.93,11.74,1.5,955
2020-01-13,65.68,8.71,2.1,960
2020-01-14,64.78,7.98,1.1,960
2020-01-15,64.61,8.18,0.3,960
2020-01-16,64.74,11.08,1.1,950
2020-01-17,65.1,11.38,1.5,950
2020-01-20,65.24,11.48,4,950
2020-01-21,64.27,13.42,2.2,950
2020-01-22,64.26,1.28,4.9,960
2020-01-23,62.77,11.01,5,950
2020-01-28,58.57,6.77,4.4,938
2020-01-29,59.37,4.11,5.5,940
2020-01-30,57.76,8.41,4.7,940
2020-01-31,58.45,7.15,3.3,930
2020-02-03,55.23,10.58,1.6,930
2020-02-04,53.99,15.02,0.4,920
2020-02-05,53.57,15.17,-2.5,910
2020-02-06,55.18,11.01,-3.9,910
2020-02-07,54.37,12.36,-0.5,910
2020-02-10,53.33,12.66,4.9,910
2020-02-11,53.03,8.97,6.7,925
2020-02-12,54.23,1.62,9.1,915
2020-02-13,54.54,3.5,6.5,900
2020-02-14,55.23,15.55,7.6,945
2020-02-17,55.98,8.83,-2,985
2020-02-18,55.11,16.33,0.5,1025
2020-02-19,56.39,14.91,2.9,1110
2020-02-20,56.92,17.25,5.1,1150
2020-02-21,56.41,15.46,8.5,1213
2020-02-24,54.64,13.28,8.1,1288
2020-02-25,54.48,1.09,11.2,1350
2020-02-26,52.28,15.49,6.6,1488
2020-02-27,50.62,16.5,5.6,1600
2020-02-28,49.05,2.88,6.3,1625
2020-03-02,50.58,18.32,4,1450
2020-03-03,51.72,10.58,5.2,1325
2020-03-04,50.81,15.85,3.9,1275
2020-03-05,50.78,19.39,2.2,1250
2020-03-06,48.58,21.24,3.3,1225
2020-03-09,32.87,5.53,8.3,1170
2020-03-10,34.18,3.45,5.6,1160
2020-03-11,34.58,21.55,4.6,1220
2020-03-12,32.69,21.25,6.3,1220
2020-03-13,33.93,16.91,5.6,1220
2020-03-16,31.49,21.41,4.3,1180
2020-03-17,30.83,21.06,8.3,1180
2020-03-18,28.26,21.14,10.8,1140
2020-03-19,25.82,19.17,9.3,1080
2020-03-20,28.67,22.38,8.9,1060
2020-03-23,24.6,22.39,8.6,1040
2020-03-24,26.64,22.17,9,1040
2020-03-25,27.05,22.59,13,1040
2020-03-26,25.74,4.64,14,1060
2020-03-27,25.04,10.14,8.4,1080
2020-03-30,23.24,21.91,9.7,1210
2020-03-31,23.43,22.14,9.6,1190
2020-04-01,21.23,19.7,9.1,1210
2020-04-02,21.55,19.99,9.6,1235
2020-04-03,24.51,23.8,9.1,1245
2020-04-06,24.87,22.71,7.9,1260
2020-04-07,24.88,23.43,10.2,1310
2020-04-08,23.52,22.68,9.2,1255
2020-04-09,23.32,22.93,8.5,1205
2020-04-10,22.76,23.4,9.6,1180
2020-04-13,22.31,25.69,8.4,1260
2020-04-14,21.66,26.29,10.9,1210
2020-04-16,19.72,26.05,13,1150
2020-04-17,20.61,14.58,12.7,1140
2020-04-20,20.78,17.86,11,1220
2020-04-21,17.37,26.6,9.4,1220
2020-04-22,13.52,26.57,8.4,1190
2020-04-23,18.13,25.69,8.9,1120
2020-04-24,18.17,27.86,10.5,1110
2020-04-27,17.97,27.22,11.4,1030
2020-04-28,16.63,27.23,12.4,1020
2020-04-29,17.12,28,13.9,990
2020-05-04,24.33,23.97,16,1040
2020-05-06,26.88,27.93,18.3,1010
2020-05-07,26,29.07,18,1010
2020-05-08,25.92,24.62,17.9,1010
2020-05-11,26.72,26.91,14.9,950
2020-05-12,26.93,26.37,15,970
2020-05-13,26.84,29.43,16.1,1030
2020-05-14,29.83,22.05,19,1150
2020-05-15,31.94,1.95,18.1,1170
2020-05-18,32.9,16,18.3,1050
2020-05-19,33.18,10.33,13.9,1050
2020-05-20,32.95,29.2,15.3,1030
2020-05-21,34.1,25.07,16.9,1030
2020-05-22,32.62,27.75,18.4,1030
2020-05-25,34.04,15.18,16.4,960
2020-05-26,34.81,19.99,17.6,950
2020-05-27,34.48,27.93,18.1,930
2020-05-28,33.17,28.59,17.3,880
2020-05-29,34.86,24.05,18.9,810
2020-06-01,37.97,23.11,19.1,730
2020-06-02,38.93,24.32,19.8,720
2020-06-02,38.93,24.32,19.8,720
2020-06-03,39.87,11.29,21.2,740
2020-06-03,39.87,11.29,21.2,740
2020-06-04,38.82,26.45,21.9,690
2020-06-04,38.82,26.45,21.9,690
2020-06-05,40.63,21.34,21.5,700
2020-06-05,40.63,21.34,21.5,700
2020-06-08,42.94,29.04,24.6,680
2020-06-08,42.94,29.04,24.6,680
2020-06-09,40.85,28.32,25.8,660
2020-06-09,40.85,28.32,25.8,660
2020-06-10,40.91,18.27,24.7,640
2020-06-10,40.91,18.27,24.7,640
2020-06-11,40.6,17.14,23.7,640
2020-06-11,40.6,17.14,23.7,640
2020-06-12,38.42,14.99,22.7,640
2020-06-12,38.42,14.99,22.7,640
2020-06-15,38.35,28.65,21.8,710
2020-06-15,38.35,28.65,21.8,710
2020-06-16,40.29,26.01,22.7,710
2020-06-16,40.29,26.01,22.7,710
2020-06-17,41.46,12.38,21.1,720
2020-06-17,41.46,12.38,21.1,720
2020-06-18,41.09,3.76,18.4,730
2020-06-18,41.09,3.76,18.4,730
2020-06-19,42.95,24.32,20.9,730
2020-06-19,42.95,24.32,20.9,730
2020-06-22,42.32,27.85,22.6,724
2020-06-22,42.32,27.85,22.6,724
2020-06-23,43.39,26.22,24.4,734
2020-06-23,43.39,26.22,24.4,734
2020-06-24,42.49,4.9,23,706
2020-06-24,42.49,4.9,23,706
2020-06-25,40.58,10.1,21.8,708
2020-06-25,40.58,10.1,21.8,708
2020-06-26,42.02,24.1,22.5,723
2020-06-26,42.02,24.1,22.5,723
2020-06-29,40.63,5.37,20.9,707
2020-06-29,40.63,5.37,20.9,707
2020-06-30,42.07,13.61,20.1,682
2020-06-30,42.07,13.61,20.1,682
2020-07-01,42.7,28.66,21.8,682
2020-07-02,42.85,18.42,23,682
2020-07-03,42.68,5.1,20.3,705
2020-07-06,43.66,6.84,22.7,735
2020-07-07,42.9,24.65,23.3,735
2020-07-08,43.34,21.97,23.2,735
2020-07-09,43.63,12.97,24.1,727
2020-07-10,43.2,7.51,23.1,727
2020-07-13,43.38,5.97,22.1,762
2020-07-14,42.78,9.74,19.9,770
2020-07-15,44.18,13.5,20.8,770
2020-07-16,43.37,16.54,22.1,765
2020-07-17,42.86,20.67,22.8,765
2020-07-20,42.72,13.09,24,765
2020-07-21,43.87,14.25,23.4,815
2020-07-22,44.12,5.71,22.5,845
2020-07-23,44.42,2.91,23.3,845
2020-07-24,43.11,4.95,20.6,845
2020-07-27,43.13,7.6,23,890
2020-07-28,43.12,10.25,25.2,895
2020-07-29,43.27,13.28,26.5,961
2020-07-30,43.14,21.15,26.8,1018
2020-07-31,43.1,18.52,27,1023
2020-08-03,42.48,17.29,28,1043
2020-08-04,42.97,19.53,28.6,1033
2020-08-05,43.76,3.18,28.1,1023
2020-08-06,43.71,4.36,26.6,1011
2020-08-07,43.88,1.75,25.9,986
2020-08-10,42.865,11.42,27.8,1011
2020-08-11,44.12,12.82,27.9,1011
2020-08-12,43.63,17.62,28.4,1011
2020-08-13,44.18,14.27,28.1,1039
2020-08-14,43.44,22.66,28.7,1039
2020-08-18,44.46,25.67,27.5,1019
2020-08-19,43.8,24.49,27.2,1029
2020-08-20,43.89,24.87,27,1029
2020-08-21,43.96,22.92,27.3,1029
2020-08-24,43.78,21.09,28.4,1024
2020-08-25,44.34,20.89,29.5,1025
2020-08-26,44.83,4.5,27,1025
2020-08-27,45.01,14.36,27.7,1035
2020-08-28,44.12,20.8,28.3,1035
2020-08-31,45.93,18.17,27.9,1035
2020-09-01,45.11,16.18,27.2,1109
2020-09-02,45.3,3.51,25.2,1099
2020-09-03,43.43,19.59,23.9,1139
2020-09-04,43.78,20.94,24.3,1169
2020-09-07,41.42,6.39,21.3,1169
2020-09-08,40.68,18.48,24.6,1179
2020-09-09,39.49,14.55,22.6,1192
2020-09-10,39.74,15.66,23.6,1222
2020-09-11,39.27,3.56,21.3,1232
2020-09-14,38.89,19.54,22,1232
2020-09-15,39.24,18.29,23,1196
2020-09-16,41.21,9.37,23,1186
2020-09-17,41.67,5.5,21.6,1196
2020-09-18,43.02,15.14,20.4,1186
2020-09-21,41.63,19.1,20,1196
2020-09-22,41.14,14.96,19.9,1186
2020-09-23,41.38,11.16,19.7,1186
2020-09-24,41.21,16.02,21,1186
2020-09-25,41.98,20.42,21.4,1186
2020-09-28,41.41,19.87,20.3,1186
2020-09-29,41.87,18.17,19.6,1186
2020-10-05,39.27,18.5,16.1,1186
2020-10-06,40.55,20.16,15.9,1199
2020-10-07,41.24,16.9,17.2,1241
2020-10-08,41.46,19.49,18.6,1241
2020-10-12,41.28,16.26,18.1,1241
2020-10-13,41.19,8.35,15.4,1241
2020-10-14,41.62,12.84,15.7,1241
2020-10-15,42.01,15.34,14.1,1194
2020-10-16,41.88,5.6,14.4,1116
2020-10-19,41.77,16.28,15.5,1116
2020-10-20,41.58,16.75,16.3,1126
2020-10-21,41.71,3.67,14.8,1126
2020-10-22,41.36,8.25,14.6,1136
2020-10-23,41.67,11.73,12.7,1136
2020-10-26,39.84,15.67,13.9,1176
2020-10-27,39.9,13.66,14.3,1176
2020-10-28,39.27,10.17,15.1,1182
2020-10-29,38.26,15.33,12.5,1227
2020-10-30,37.18,15.21,12.7,1261
2020-11-02,36.3,10.14,13.5,1251
2020-11-03,39.52,13.2,10.3,1261
2020-11-04,39.76,15.34,9,1261
2020-11-05,40.69,11.91,10.8,1251
2020-11-06,40.57,2.41,13.7,1261
2020-11-09,40.34,14.64,9,1266
2020-11-10,42.49,14.42,9.9,1271
2020-11-11,44.44,13.71,10.8,1261
2020-11-12,43.95,13.73,11.6,1261
2020-11-13,43.15,12.88,11.4,1261
2020-11-16,43.74,13,13.9,1261
2020-11-17,43.87,8.92,18.2,1261
2020-11-18,43.78,4.94,20.6,1226
2020-11-19,44,1.65,17.4,1226
2020-11-20,44.19,2.15,9.7,1236
2020-11-23,45.61,4.56,7.1,1342
2020-11-24,45.86,11.67,6.9,1332
2020-11-25,47.87,12.4,8.4,1332
2020-11-26,47.49,10.59,9.3,1332
2020-11-27,47.13,5.24,8.4,1332
2020-11-30,47.02,8.83,4.8,1332
2020-12-01,47.59,12.24,4,1332
2020-12-02,47.08,10.18,4.7,1332
2020-12-03,48.06,9.27,4.9,1316
2020-12-07,48.29,5.53,6.2,1316
2020-12-08,48.3,7.36,3.5,1336
2020-12-09,49.14,11.62,3.9,1296
2020-12-10,49.03,5.17,6.5,1294
2020-12-11,50.47,6.79,7.8,1294
2020-12-14,50.65,3.78,-2.6,1304
2020-12-15,50.17,11.44,-3.5,1354
2020-12-16,50.85,10.59,-2.6,1354
2020-12-17,51.46,10.91,-0.2,1364
2020-12-18,51.11,7.25,2.7,1364
2020-12-21,50.26,8.22,2.7,1364
2020-12-22,49.75,8.18,4.7,1379
2020-12-23,49.61,7.28,5.4,1449
2020-12-24,51.28,9.75,5.9,1449
2020-12-28,51.07,11.22,6,1449
2020-12-29,50.97,4.3,3.5,1456
2020-12-30,51.05,6.93,-3,1466
2020-12-31,51.14,6.97,-2.9,1466
2021-01-05,50.5,5.73,0.7,1548
2021-01-06,53.51,9.78,-2.3,1679
2021-01-07,54.52,7.01,-7.5,1729
2021-01-08,54.58,6.48,-9.9,1729
2021-01-11,55.33,5.56,-1.5,1771
2021-01-12,55.71,9.81,1,1828
2021-01-13,56.44,10.91,6.2,1908
2021-01-14,55.7,11.15,6.6,1928
2021-01-15,55.39,6.6,9.3,1928
2021-01-18,54.19,9.47,2.6,1928
2021-01-19,55.19,13.56,-1.5,1948
2021-01-20,56.24,12.57,5.2,1918
2021-01-21,55.49,3.97,8.9,1921
2021-01-22,55.2,1.95,7.7,1911
2021-01-25,55.41,12.93,8,1901
2021-01-26,55.32,4.05,6.4,1911
2021-01-27,55.74,12.77,3.9,1849
2021-01-28,54.77,8.18,1.1,1849
2021-01-29,54.65,12.56,-2.2,1849
2021-02-01,55,3.7,8.5,1849
2021-02-02,56.77,12.49,-1,1849
2021-02-03,57.64,14.2,1.1,1879
2021-02-04,58.36,15.35,1.2,1879
2021-02-05,58.94,8.06,2.8,1894
2021-02-08,59.8,15.84,0.4,1904
2021-02-09,60.49,16.18,1.1,1938
2021-02-10,60.39,15.08,3.6,1986
2021-02-15,62.48,6.13,3.5,2026
2021-02-16,62.3,14.06,1.1,2046
2021-02-17,62.8,9.35,-3.3,2128
2021-02-18,63.26,9.06,-1.2,2138
2021-02-19,60.83,17.52,5.2,2190
2021-02-22,61.28,13.81,8.8,2222
2021-02-23,63.54,14.1,2.2,2200
2021-02-24,62.89,8.09,2.9,2193
2021-02-25,65.39,2.69,5.6,2193
2021-02-26,64.29,14.55,8.6,2170
2021-03-02,61.41,17.09,3.8,2146
2021-03-03,61.44,16.74,5.7,2146
2021-03-04,63.11,4.14,7.4,2087
2021-03-05,66.37,18.43,8.1,2067
2021-03-08,68.32,18.82,6.8,2027
2021-03-09,66.4,17.79,6.6,1990
2021-03-10,65.3,19.98,8.1,1963
2021-03-11,66.82,14.62,10.3,1913
2021-03-12,67.9,6.16,8.6,1873
2021-03-15,68.25,17.45,11.7,1867
2021-03-16,66.46,19.74,8.2,1963
2021-03-17,66.57,20.18,6.9,1967
2021-03-18,65.29,21.4,9.8,1987
2021-03-19,62.2,17.64,11.9,1990
2021-03-22,63.18,23.32,7.5,1990
2021-03-23,63,21.99,10.2,1990
2021-03-24,60.98,18.77,11.5,2023
2021-03-25,62.43,23.22,11.2,2003
2021-03-26,62.07,22.11,12.7,1933
2021-03-29,63.11,17.92,11.8,1617
2021-03-30,63.9,20.45,11.1,1500
2021-03-31,63.36,21.71,13.8,1500
2021-04-01,61.51,10.5,16.3,1533
2021-04-02,61.6,14.16,18.4,1597
2021-04-05,61.91,25.31,10.8,1625
2021-04-06,61.34,22.96,11.1,1600
2021-04-07,60.88,24.84,11.8,1600
2021-04-08,61.24,25.11,11,1578
2021-04-09,60.94,23.85,12.1,1578
2021-04-12,61.1,3.12,14.2,1398
2021-04-13,61.58,13.37,9.2,1325
2021-04-14,62.56,26.91,8.7,1285
2021-04-15,64.17,23.33,11.2,1192
2021-04-16,65.12,14.47,12.8,1172
2021-04-19,64.83,27.22,12,1018
2021-04-20,65.74,26.26,13.5,937
2021-04-21,63.71,19.54,17.8,867
2021-04-22,62.25,6.46,18.4,887
2021-04-23,62.93,20.93,20.9,877
2021-04-26,62.37,26.31,15.9,877
2021-04-27,63.27,12.85,15.8,867
2021-04-28,63.57,20.14,15.3,817
2021-04-29,65.1,26.12,16,789
2021-04-30,65.27,27.57,13.7,806
2021-05-03,64.38,27.32,14.5,786
2021-05-04,65.83,6.07,17.2,784
2021-05-06,67.17,20.04,15.7,784
2021-05-07,65.9,18.16,16.1,774
2021-05-10,66.74,12.77,18.4,741
2021-05-11,65.54,12.75,19.4,741
2021-05-12,66.56,27.19,21,741
2021-05-13,65.37,26.75,19.7,707
2021-05-14,65.26,17.73,21.5,677
2021-05-17,67.17,6.76,15,667
2021-05-18,68.41,24.39,16.9,667
2021-05-20,65.03,3.67,16.2,677
2021-05-21,63.25,27.52,16.5,677
2021-05-24,66.26,23.37,18.2,678
2021-05-25,67.37,25.98,17.4,678
2021-05-26,66.835,11.94,17.8,678
2021-05-27,66.41,17.35,17,667
2021-05-28,67.41,16.39,18,638
2021-05-31,67.94,27.77,22.7,597
2021-06-01,69.1,26.74,22.6,592
2021-06-02,69.21,19.33,23.2,612
2021-06-02,69.21,19.33,23.2,612
2021-06-03,69.97,4.79,20.2,612
2021-06-03,69.97,4.79,20.2,612
2021-06-04,70.1,30.58,19,612
2021-06-04,70.1,30.58,19,612
2021-06-07,70.03,22.3,22.2,660
2021-06-07,70.03,22.3,22.2,660
2021-06-08,69.34,27.36,23.9,640
2021-06-08,69.34,27.36,23.9,640
2021-06-09,71.14,27.45,25.3,677
2021-06-09,71.14,27.45,25.3,677
2021-06-10,70.71,9.24,23.2,687
2021-06-10,70.71,9.24,23.2,687
2021-06-11,71.18,23.4,22.7,703
2021-06-11,71.18,23.4,22.7,703
2021-06-14,72.01,16.84,21.3,750
2021-06-14,72.01,16.84,21.3,750
2021-06-15,71.79,4.94,21.6,757
2021-06-15,71.79,4.94,21.6,757
2021-06-16,72.78,19.15,23.7,757
2021-06-16,72.78,19.15,23.7,757
2021-06-17,72.35,10.59,22.4,762
2021-06-17,72.35,10.59,22.4,762
2021-06-18,70.98,9.46,21.4,770
2021-06-18,70.98,9.46,21.4,770
2021-06-21,71.79,24.03,23.2,732
2021-06-21,71.79,24.03,23.2,732
2021-06-22,72.52,26.01,23.5,732
2021-06-22,72.52,26.01,23.5,732
2021-06-23,73.43,25.32,23.2,692
2021-06-23,73.43,25.32,23.2,692
2021-06-24,73.73,18.02,22.8,692
2021-06-24,73.73,18.02,22.8,692
2021-06-25,73.46,23.77,23.9,697
2021-06-25,73.46,23.77,23.9,697
2021-06-28,73.88,17.9,24.3,697
2021-06-28,73.88,17.9,24.3,697
2021-06-29,72.85,22.3,23.5,687
2021-06-29,72.85,22.3,23.5,687
2021-06-30,72.87,20.72,24.7,683
2021-06-30,72.87,20.72,24.7,683
2021-07-01,73.85,26.41,25.2,673
2021-07-02,74.09,17.51,25.3,683
2021-07-05,74.68,3.77,21.5,720
2021-07-06,75.88,2.15,23.1,703
2021-07-07,73.29,9.2,26.1,718
2021-07-08,70.63,12.73,25.4,742
2021-07-09,73.03,21.76,25.5,762
2021-07-12,73.54,17.27,27.6,767
2021-07-13,74.36,17.95,27.9,738
2021-07-14,74.72,14.96,28,733
2021-07-15,72.23,27.15,28.6,698
2021-07-16,72.18,22.35,26.6,695
2021-07-19,71.68,26.43,27.9,723
2021-07-20,71.565,21.89,28.5,747
2021-07-21,68.67,23.77,29,730
2021-07-22,71.43,25.44,29.1,727
2021-07-23,72.25,20.41,28.7,762
2021-07-26,71.59,17.44,28.3,773
2021-07-27,73.02,28.19,28.6,773
2021-07-28,72.82,24.65,28.3,793
2021-07-29,73.68,25.67,28.3,793
2021-07-30,73.9,16.37,27.2,793
2021-08-02,73.28,13.96,26.7,793
2021-08-03,71.88,16.95,27.1,808
2021-08-04,71.37,25.16,28.9,808
2021-08-05,68.8,19.76,28.9,855
2021-08-06,70.72,23.81,28.4,860
2021-08-09,69.935,26.95,27.3,860
2021-08-10,68.91,22.86,27.6,873
2021-08-11,69.77,20.04,27.4,879
2021-08-12,70.52,15.22,26.9,879
2021-08-13,70.03,10.75,26.5,879
2021-08-17,68.45,25.3,26.3,879
2021-08-18,68.58,17.7,24.4,879
2021-08-19,65.35,20.11,24.3,888
2021-08-20,65.37,22.75,26.3,888
2021-08-23,66.09,6.94,25.9,913
2021-08-24,68.7,7.11,26.3,913
2021-08-25,69.69,9.85,25.7,909
2021-08-26,70.11,20.98,26.2,914
2021-08-27,70.76,9.51,25.3,908
2021-08-30,71.13,15.06,24.6,943
2021-08-31,71.19,18.31,26.6,943
2021-09-01,70.43,5.86,25.5,943
2021-09-02,69.74,5.09,22.3,943
2021-09-03,71.26,12.49,23.5,948
2021-09-06,69.99,8.14,22.5,953
2021-09-07,70.35,7.79,23.5,960
2021-09-08,69.78,17.06,23,960
2021-09-09,70.65,15.49,23.4,959
2021-09-10,70.85,9.92,23.5,959
2021-09-13,71.73,12.58,24.5,959
2021-09-14,72.29,12.72,24.2,959
2021-09-15,72.26,19.12,24.7,964
2021-09-16,73.09,6.78,22.3,964
2021-09-17,73.06,14.46,23.2,979
2021-09-23,74.11,18.43,22.5,979
2021-09-24,74.77,19.93,22.2,969
2021-09-27,76.17,16.7,23.3,969
2021-09-28,77.34,6.79,22.9,969
2021-09-29,75.7,6.86,23.3,925
2021-09-30,75.92,20.34,21.9,919
2021-10-01,75.68,18.57,22,919
2021-10-05,79.57,18.39,24.4,919
2021-10-06,80.55,17.41,24,922
2021-10-07,77.41,13.95,22.5,922
2021-10-08,81.23,11.92,22.5,922
2021-10-12,82.07,6.12,18.6,937
2021-10-13,81.43,12.6,21.4,937
2021-10-14,82.28,12.38,22,937
2021-10-15,82.99,10,19.6,937
2021-10-18,83.89,18.18,11.7,942
2021-10-19,83.03,12.53,13.3,942
2021-10-20,82.56,9.63,11.4,942
2021-10-21,83.12,14.16,12.2,947
2021-10-22,82.57,15.95,13.1,949
2021-10-25,84.37,16.33,13.8,949
2021-10-26,83.94,15.99,14.3,949
2021-10-27,83.46,13.84,14.9,949
2021-10-28,81.91,15.99,14.2,989
2021-10-29,82.57,13.56,15.9,989
2021-11-01,81.99,12.67,15.1,989
2021-11-02,83.31,11.41,13.3,989
2021-11-03,81.89,12.86,13.1,989
2021-11-04,81.555,12.83,14.6,989
2021-11-05,79.48,8.89,14.8,989
2021-11-08,81.99,3.92,11.6,989
2021-11-09,82.24,5.1,9.7,989
2021-11-10,83.97,5.2,10,989
2021-11-11,81.83,5.23,9.7,989
2021-11-12,81.57,9.28,9.1,989
2021-11-15,80.89,11.7,11.9,989
2021-11-16,81.96,10.75,10.9,989
2021-11-17,81.01,12.77,10.3,989
2021-11-18,78.66,12.42,11.3,984
2021-11-19,80.89,12.38,12,984
2021-11-22,78.42,8.51,7.6,994
2021-11-23,78.47,7.62,6.7,997
2021-11-24,81.86,5.31,10.6,992
2021-11-25,81.44,10.87,11.6,992
2021-11-26,77.38,12.39,8.2,992
2021-11-29,75.17,11.24,10.7,992
2021-11-30,71.88,1.9,9.9,992
2021-12-01,71.13,9.89,4.5,992
2021-12-02,69.13,6.31,5.2,992
2021-12-06,70.12,11.34,7.1,932
2021-12-07,73.22,10.94,7.8,932
2021-12-08,73.83,10.84,8.1,932
2021-12-09,74.48,6.68,9.4,927
2021-12-10,72.73,5.9,10.6,927
2021-12-13,74.11,9.67,1.9,927
2021-12-14,73.39,9.18,4.7,922
2021-12-15,72.01,8.49,9.1,922
2021-12-16,73.37,3.77,8.1,922
2021-12-17,73.36,5.65,1.3,912
2021-12-20,70.11,9.14,8.2,912
2021-12-21,70.56,9.46,8.4,912
2021-12-22,72.56,11.45,5.3,912
2021-12-23,73.54,10.88,5.6,912
2021-12-24,74.37,5.84,3.8,912
2021-12-27,76.12,9.47,-2.7,912
2021-12-28,76.47,5.36,3.8,912
2021-12-29,76.91,7.66,5.1,912
2021-12-30,77.24,9.14,2.9,912
2021-12-31,77.12,6.68,-0.8,899
