,date,snow,price
0,2015-01-04,0.1,4807
1,2015-01-05,0.3,4717
2,2015-01-06,0,4667
3,2015-01-07,0,4623
4,2015-01-08,0,4504
5,2015-01-11,0,4399
6,2015-01-12,0,4449
7,2015-01-13,0,4608
8,2015-01-14,0,4809
9,2015-01-15,0,5075
10,2015-01-18,2.8,5658
11,2015-01-19,0,5908
12,2015-01-20,0,6112
13,2015-01-21,0,6250
14,2015-01-22,0,6413
15,2015-01-25,0,6825
16,2015-01-26,0,6859
17,2015-01-27,0,6902
18,2015-01-28,0,7070
19,2015-01-29,0,7291
20,2015-02-01,0,7823
21,2015-02-02,0,7957
22,2015-02-03,0,8092
23,2015-02-04,0,8244
24,2015-02-05,0,8481
25,2015-02-08,0,8481
26,2015-02-09,0,8461
27,2015-02-10,0,8234
28,2015-02-15,0,7272
29,2015-02-16,0,7199
30,2015-02-17,0,7190
31,2015-02-18,0,7307
32,2015-02-19,0,7300
33,2015-02-22,0,7084
34,2015-02-23,0,6930
35,2015-02-24,0,6916
36,2015-02-25,0,6977
37,2015-02-26,0,6889
38,2015-03-02,0,7027
39,2015-03-03,0,6952
40,2015-03-04,0,6856
41,2015-03-05,0,6632
42,2015-03-08,0,6098
43,2015-03-09,0,5909
44,2015-03-10,0,5720
45,2015-03-11,0,5686
46,2015-03-12,0,5676
47,2015-03-15,0,5671
48,2015-03-16,0,5748
49,2015-03-17,0,5748
50,2015-03-18,0,5665
51,2015-03-19,0,5611
52,2015-03-22,0,5436
53,2015-03-23,0,5405
54,2015-03-24,0,5455
55,2015-03-25,0,5496
56,2015-03-26,0,5448
57,2015-03-29,0,5192
58,2015-03-30,0,5114
59,2015-03-31,0,5065
60,2015-04-01,0,4987
61,2015-04-02,0,4916
62,2015-04-05,0,4725
63,2015-04-06,0,4687
64,2015-04-07,0,4626
65,2015-04-08,0,4617
66,2015-04-09,0,4608
67,2015-04-12,0,4613
68,2015-04-13,0,4598
69,2015-04-14,0,4545
70,2015-04-15,0,4482
71,2015-04-16,0,4401
72,2015-04-19,0,4206
73,2015-04-20,0,4166
74,2015-04-21,0,4143
75,2015-04-22,0,4147
76,2015-04-23,0,4172
77,2015-04-26,0,4208
78,2015-04-27,0,4247
79,2015-04-28,0,4303
80,2015-04-29,0,4350
81,2015-04-30,0,4435
82,2015-05-03,0,4709
83,2015-05-04,0,4753
84,2015-05-06,0,4694
85,2015-05-07,0,4676
86,2015-05-10,0,4720
87,2015-05-11,0,4639
88,2015-05-12,0,4519
89,2015-05-13,0,4420
90,2015-05-14,0,4348
91,2015-05-17,0,4127
92,2015-05-18,0,4100
93,2015-05-20,0,4124
94,2015-05-21,0,4121
95,2015-05-24,0,4109
96,2015-05-25,0,4122
97,2015-05-26,0,4137
98,2015-05-27,0,4162
99,2015-05-28,0,4172
100,2015-05-31,0,4030
101,2015-06-01,0,4039
102,2015-06-02,0,4055
103,2015-06-03,0,4095
104,2015-06-04,0,4152
105,2015-06-07,0,4216
106,2015-06-08,0,4163
107,2015-06-09,0,4056
108,2015-06-10,0,3961
109,2015-06-11,0,3940
110,2015-06-14,0,3810
111,2015-06-15,0,3722
112,2015-06-16,0,3692
113,2015-06-17,0,3698
114,2015-06-18,0,3728
115,2015-06-21,0,3726
116,2015-06-22,0,3726
117,2015-06-23,0,3778
118,2015-06-24,0,3796
119,2015-06-25,0,3754
120,2015-06-28,0,3864
121,2015-06-29,0,3920
122,2015-06-30,0,3996
123,2015-07-01,0,3282
124,2015-07-02,0,3333
125,2015-07-03,0,3367
126,2015-07-06,0,3473
127,2015-07-07,0,3465
128,2015-07-08,0,3483
129,2015-07-09,0,3493
130,2015-07-10,0,3557
131,2015-07-13,0,3689
132,2015-07-14,0,3680
133,2015-07-15,0,3724
134,2015-07-16,0,3840
135,2015-07-17,0,3866
136,2015-07-20,0,3953
137,2015-07-21,0,3918
138,2015-07-22,0,3837
139,2015-07-23,0,3752
140,2015-07-24,0,3734
141,2015-07-27,0,3803
142,2015-07-28,0,3792
143,2015-07-29,0,3851
144,2015-07-30,0,3839
145,2015-07-31,0,3802
146,2015-08-03,0,3891
147,2015-08-04,0,3968
148,2015-08-05,0,3947
149,2015-08-06,0,3974
150,2015-08-07,0,3857
151,2015-08-10,0,3713
152,2015-08-11,0,3701
153,2015-08-12,0,3620
154,2015-08-13,0,3566
155,2015-08-17,0,3553
156,2015-08-18,0,3541
157,2015-08-19,0,3608
158,2015-08-20,0,3607
159,2015-08-21,0,3556
160,2015-08-24,0,3681
161,2015-08-25,0,3833
162,2015-08-26,0,4028
163,2015-08-27,0,4302
164,2015-08-28,0,4493
165,2015-08-31,0,4689
166,2015-09-01,0,4668
167,2015-09-02,0,4779
168,2015-09-03,0,4990
169,2015-09-04,0,5083
170,2015-09-07,0,5454
171,2015-09-08,0,5528
172,2015-09-09,0,5443
173,2015-09-10,0,5428
174,2015-09-11,0,5516
175,2015-09-14,0,5756
176,2015-09-15,0,5583
177,2015-09-16,0,5425
178,2015-09-17,0,5287
179,2015-09-18,0,5155
180,2015-09-21,0,4982
181,2015-09-22,0,4933
182,2015-09-23,0,4893
183,2015-09-24,0,4771
184,2015-09-25,0,4585
185,2015-09-30,0,4053
186,2015-10-01,0,3940
187,2015-10-02,0,3818
188,2015-10-05,0,3736
189,2015-10-06,0,3645
190,2015-10-07,0,3736
191,2015-10-08,0,3650
192,2015-10-12,0,3722
193,2015-10-13,0,3820
194,2015-10-14,0,3809
195,2015-10-15,0,3884
196,2015-10-16,0,4058
197,2015-10-19,0,4240
198,2015-10-20,0,4233
199,2015-10-21,0,4205
200,2015-10-22,0,4197
201,2015-10-23,0,4169
202,2015-10-26,0,4159
203,2015-10-27,0,4166
204,2015-10-28,0,4231
205,2015-10-29,0,4313
206,2015-10-30,0,4413
207,2015-11-02,0,4661
208,2015-11-03,0,4765
209,2015-11-04,0,4917
210,2015-11-05,0,5031
211,2015-11-06,0,5071
212,2015-11-09,0,5008
213,2015-11-10,0,5011
214,2015-11-11,0,4950
215,2015-11-12,0,4890
216,2015-11-13,0,4884
217,2015-11-16,0,4825
218,2015-11-17,0,4828
219,2015-11-18,0,4877
220,2015-11-19,0,4915
221,2015-11-20,0,4932
222,2015-11-23,0,5072
223,2015-11-24,0,5083
224,2015-11-25,0,5037
225,2015-11-26,3.5,4973
226,2015-11-27,0,4972
227,2015-11-30,0,5196
228,2015-12-01,0,5185
229,2015-12-02,0,5175
230,2015-12-03,7.5,5178
231,2015-12-07,0.6,5234
232,2015-12-08,0,5160
233,2015-12-09,0,5091
234,2015-12-10,0,4969
235,2015-12-11,0,4863
236,2015-12-14,0,4779
237,2015-12-15,0,4728
238,2015-12-16,2,4664
239,2015-12-17,0,4627
240,2015-12-18,0,4636
241,2015-12-21,0,4532
242,2015-12-22,0,4544
243,2015-12-23,0,4563
244,2015-12-24,0.1,4647
245,2015-12-28,0,4822
246,2015-12-29,0,4860
247,2015-12-30,0,5005
248,2015-12-31,0,5105
249,2016-01-04,0,5766
250,2016-01-05,0,5873
251,2016-01-06,0,6000
252,2016-01-07,0,6050
253,2016-01-08,0,5993
254,2016-01-11,0,6050
255,2016-01-12,0,6029
256,2016-01-13,0.8,6032
257,2016-01-14,0,5991
258,2016-01-15,0,5975
259,2016-01-18,5.3,5840
260,2016-01-19,1.4,5775
261,2016-01-20,0,5685
262,2016-01-21,0,5688
263,2016-01-22,1.5,5764
264,2016-01-25,0.4,6339
265,2016-01-26,0.1,6547
266,2016-01-27,0.5,6701
267,2016-01-28,0,7051
268,2016-01-29,0,7537
269,2016-02-01,0,7996
270,2016-02-02,0,8031
271,2016-02-03,0,8113
272,2016-02-04,0,7986
273,2016-02-05,0,7745
274,2016-02-11,0,7714
275,2016-02-12,0,7925
276,2016-02-15,0.2,8584
277,2016-02-16,1.1,8961
278,2016-02-17,0,9216
279,2016-02-18,0,9339
280,2016-02-19,0,9321
281,2016-02-22,0,9599
282,2016-02-23,0,9594
283,2016-02-24,0,9537
284,2016-02-25,2.8,9508
285,2016-02-26,5,9567
286,2016-02-29,1.5,10452
287,2016-03-02,0,9483
288,2016-03-03,0,9485
289,2016-03-04,0,9587
290,2016-03-07,0,9499
291,2016-03-08,0,9365
292,2016-03-09,0,9249
293,2016-03-10,0,9034
294,2016-03-11,0,8741
295,2016-03-14,0,7887
296,2016-03-15,0,7764
297,2016-03-16,0,7660
298,2016-03-17,0,7380
299,2016-03-18,0,7121
300,2016-03-21,0,6524
301,2016-03-22,0,6223
302,2016-03-23,0,6175
303,2016-03-24,0,5976
304,2016-03-25,0,5747
305,2016-03-28,0,5158
306,2016-03-29,0,5078
307,2016-03-30,0,4971
308,2016-03-31,0,4852
309,2016-04-01,0,4783
310,2016-04-04,0,4764
311,2016-04-05,0,4670
312,2016-04-06,0,4455
313,2016-04-07,0,4315
314,2016-04-08,0,4283
315,2016-04-11,0,4246
316,2016-04-12,0,4225
317,2016-04-14,0,4324
318,2016-04-15,0,4407
319,2016-04-18,0,4557
320,2016-04-19,0,4573
321,2016-04-20,0,4599
322,2016-04-21,0,4625
323,2016-04-22,0,4650
324,2016-04-25,0,4685
325,2016-04-26,0,4707
326,2016-04-27,0,4753
327,2016-04-28,0,4774
328,2016-04-29,0,4814
329,2016-05-02,0,4879
330,2016-05-03,0,4930
331,2016-05-04,0,4990
332,2016-05-09,0,4849
333,2016-05-10,0,4885
334,2016-05-11,0,4883
335,2016-05-12,0,4826
336,2016-05-13,0,4721
337,2016-05-16,0,4433
338,2016-05-17,0,4357
339,2016-05-18,0,4327
340,2016-05-19,0,4260
341,2016-05-20,0,4179
342,2016-05-23,0,4288
343,2016-05-24,0,4289
344,2016-05-25,0,4269
345,2016-05-26,0,4229
346,2016-05-27,0,4190
347,2016-05-30,0,3995
348,2016-05-31,0,4013
349,2016-06-01,0,4051
350,2016-06-02,0,4012
351,2016-06-03,0,3990
352,2016-06-07,0,4004
353,2016-06-08,0,3972
354,2016-06-09,0,3926
355,2016-06-10,0,3885
356,2016-06-13,0,3652
357,2016-06-14,0,3569
358,2016-06-15,0,3506
359,2016-06-16,0,3482
360,2016-06-17,0,3530
361,2016-06-20,0,3532
362,2016-06-21,0,3533
363,2016-06-22,0,3519
364,2016-06-23,0,3489
365,2016-06-24,0,3440
366,2016-06-27,0,3296
367,2016-06-28,0,3321
368,2016-06-29,0,3376
369,2016-06-30,0,3432
370,2016-07-01,0,3450
371,2016-07-04,0,3453
372,2016-07-05,0,3475
373,2016-07-06,0,3483
374,2016-07-07,0,3462
375,2016-07-08,0,3473
376,2016-07-11,0,3619
377,2016-07-12,0,3672
378,2016-07-13,0,3745
379,2016-07-14,0,3804
380,2016-07-15,0,3886
381,2016-07-18,0,3924
382,2016-07-19,0,3982
383,2016-07-20,0,3945
384,2016-07-21,0,3850
385,2016-07-22,0,3756
386,2016-07-25,0,3678
387,2016-07-26,0,3730
388,2016-07-27,0,3768
389,2016-07-28,0,3757
390,2016-07-29,0,3823
391,2016-08-01,0,3768
392,2016-08-02,0,3768
393,2016-08-03,0,3891
394,2016-08-04,0,3968
395,2016-08-05,0,3947
396,2016-08-08,0,3724
397,2016-08-09,0,3683
398,2016-08-10,0,3706
399,2016-08-11,0,3689
400,2016-08-12,0,3607
401,2016-08-16,0,3577
402,2016-08-17,0,3524
403,2016-08-18,0,3518
404,2016-08-19,0,3608
405,2016-08-22,0,3591
406,2016-08-23,0,3611
407,2016-08-24,0,3645
408,2016-08-25,0,3726
409,2016-08-26,0,3837
410,2016-08-29,0,4400
411,2016-08-30,0,4564
412,2016-08-31,0,4635
413,2016-09-01,0,4603
414,2016-09-02,0,4673
415,2016-09-05,0,4773
416,2016-09-06,0,4829
417,2016-09-07,0,4943
418,2016-09-08,0,4988
419,2016-09-09,0,4871
420,2016-09-12,0,5165
421,2016-09-13,0,5224
422,2016-09-19,0,4106
423,2016-09-20,0,3939
424,2016-09-21,0,3806
425,2016-09-22,0,3760
426,2016-09-23,0,3699
427,2016-09-26,0,3286
428,2016-09-27,0,3197
429,2016-09-28,0,3162
430,2016-09-29,0,3133
431,2016-09-30,0,3081
432,2016-10-04,0,2883
433,2016-10-05,0,2905
434,2016-10-06,0,2967
435,2016-10-07,0,3047
436,2016-10-10,0,2955
437,2016-10-11,0,2926
438,2016-10-12,0,2992
439,2016-10-13,0,3062
440,2016-10-14,0,3103
441,2016-10-17,0,3579
442,2016-10-18,0,3638
443,2016-10-19,0,3635
444,2016-10-20,0,3634
445,2016-10-21,0,3624
446,2016-10-24,0,3576
447,2016-10-25,0,3571
448,2016-10-26,0,3565
449,2016-10-27,0,3590
450,2016-10-28,0,3662
451,2016-10-31,0,3964
452,2016-11-01,0,4077
453,2016-11-02,0,4145
454,2016-11-03,0,4185
455,2016-11-04,0,4233
456,2016-11-07,0,4258
457,2016-11-08,0,4193
458,2016-11-09,0,4148
459,2016-11-10,0,4112
460,2016-11-11,0,4087
461,2016-11-14,0,4154
462,2016-11-15,0,4151
463,2016-11-16,0,4148
464,2016-11-17,0,4206
465,2016-11-18,0,4292
466,2016-11-21,0,4360
467,2016-11-22,0,4392
468,2016-11-23,0,4409
469,2016-11-24,0,4404
470,2016-11-25,0,4372
471,2016-11-28,0,4361
472,2016-11-29,0,4474
473,2016-11-30,0,4648
474,2016-12-01,0,4717
475,2016-12-05,0,4906
476,2016-12-06,0,5005
477,2016-12-07,0,5037
478,2016-12-08,0,5000
479,2016-12-09,0,4979
480,2016-12-12,0,4817
481,2016-12-13,0,4789
482,2016-12-14,0,4781
483,2016-12-15,0,4763
484,2016-12-16,0,4771
485,2016-12-19,0,5103
486,2016-12-20,0,5049
487,2016-12-21,0,5053
488,2016-12-22,0,5165
489,2016-12-23,0.3,5224
490,2016-12-26,0,5359
491,2016-12-27,0,5413
492,2016-12-28,0,5327
493,2016-12-29,0.4,5256
494,2016-12-30,0,5265
495,2017-01-02,0,5351
496,2017-01-03,0,5606
497,2017-01-04,0,5766
498,2017-01-05,0,5873
499,2017-01-06,0,6000
500,2017-01-09,0,5967
501,2017-01-10,0,5996
502,2017-01-11,0,6050
503,2017-01-12,0.4,6029
504,2017-01-13,0.6,6032
505,2017-01-16,0,5941
506,2017-01-17,0,5931
507,2017-01-18,0,5936
508,2017-01-19,5,5982
509,2017-01-20,1.7,6018
510,2017-01-23,2,6215
511,2017-01-24,0,6374
512,2017-01-25,0,6647
513,2017-01-26,0.7,6810
514,2017-01-31,0.3,8288
515,2017-02-01,0,8348
516,2017-02-02,0,8547
517,2017-02-03,0,8759
518,2017-02-06,0,8472
519,2017-02-07,0,8277
520,2017-02-08,0,8093
521,2017-02-09,0,8115
522,2017-02-10,3.8,8238
523,2017-02-13,0.1,8601
524,2017-02-14,0,8732
525,2017-02-15,0,8831
526,2017-02-16,0,9098
527,2017-02-17,0,9249
528,2017-02-20,0,9277
529,2017-02-21,0,9454
530,2017-02-22,0,9608
531,2017-02-23,0,9594
532,2017-02-24,0,9537
533,2017-02-27,0,9600
534,2017-02-28,0,9526
535,2017-03-02,0,9483
536,2017-03-03,0,9485
537,2017-03-06,0,9641
538,2017-03-07,0.8,9499
539,2017-03-08,0,9345
540,2017-03-09,0,9199
541,2017-03-10,0,9008
542,2017-03-13,0,7759
543,2017-03-14,0,7410
544,2017-03-15,0,7206
545,2017-03-16,0,7069
546,2017-03-17,0,6947
547,2017-03-20,0,6476
548,2017-03-21,0,6277
549,2017-03-22,0,6172
550,2017-03-23,0,6175
551,2017-03-24,0,5976
552,2017-03-27,0,5386
553,2017-03-28,0,5235
554,2017-03-29,0,5149
555,2017-03-30,0,5053
556,2017-03-31,0,4946
557,2017-04-03,0,4958
558,2017-04-04,0,5020
559,2017-04-05,0,4980
560,2017-04-06,0,4830
561,2017-04-07,0,4675
562,2017-04-10,0,4512
563,2017-04-11,0,4462
564,2017-04-12,0,4405
565,2017-04-13,0,4406
566,2017-04-14,0,4469
567,2017-04-17,0,4570
568,2017-04-18,0,4624
569,2017-04-19,0,4641
570,2017-04-20,0,4636
571,2017-04-21,0,4649
572,2017-04-24,0,4739
573,2017-04-25,0,4751
574,2017-04-26,0,4780
575,2017-04-27,0,4865
576,2017-04-28,0,4948
577,2017-05-02,0,5188
578,2017-05-04,0,5468
579,2017-05-08,0,5360
580,2017-05-10,0,5277
581,2017-05-11,0,5209
582,2017-05-12,0,5081
583,2017-05-15,0,4647
584,2017-05-16,0,4546
585,2017-05-17,0,4437
586,2017-05-18,0,4383
587,2017-05-19,0,4302
588,2017-05-22,0,4255
589,2017-05-23,0,4228
590,2017-05-24,0,4183
591,2017-05-25,0,4145
592,2017-05-26,0,4108
593,2017-05-29,0,3958
594,2017-05-30,0,3876
595,2017-05-31,0,3876
596,2017-06-01,0,3878
597,2017-06-02,0,3824
598,2017-06-05,0,3758
599,2017-06-07,0,3784
600,2017-06-08,0,3796
601,2017-06-09,0,3788
602,2017-06-12,0,3661
603,2017-06-13,0,3559
604,2017-06-14,0,3506
605,2017-06-15,0,3462
606,2017-06-16,0,3485
607,2017-06-19,0,3608
608,2017-06-20,0,3633
609,2017-06-21,0,3674
610,2017-06-22,0,3666
611,2017-06-23,0,3632
612,2017-06-26,0,3471
613,2017-06-27,0,3432
614,2017-06-28,0,3439
615,2017-06-29,0,3475
616,2017-06-30,0,3492
617,2017-07-03,0,3455
618,2017-07-04,0,3473
619,2017-07-05,0,3495
620,2017-07-06,0,3489
621,2017-07-07,0,3467
622,2017-07-10,0,3595
623,2017-07-11,0,3658
624,2017-07-12,0,3697
625,2017-07-13,0,3745
626,2017-07-14,0,3804
627,2017-07-17,0,3923
628,2017-07-18,0,3924
629,2017-07-19,0,3982
630,2017-07-20,0,3913
631,2017-07-21,0,3801
632,2017-07-24,0,3619
633,2017-07-25,0,3672
634,2017-07-26,0,3730
635,2017-07-27,0,3762
636,2017-07-28,0,3757
637,2017-07-31,0,3774
638,2017-08-01,0,3688
639,2017-08-02,0,3623
640,2017-08-03,0,3590
641,2017-08-04,0,3523
642,2017-08-07,0,3688
643,2017-08-08,0,3601
644,2017-08-09,0,3464
645,2017-08-10,0,3362
646,2017-08-11,0,3486
647,2017-08-14,0,3644
648,2017-08-16,0,3706
649,2017-08-17,0,3626
650,2017-08-18,0,3574
651,2017-08-21,0,3644
652,2017-08-22,0,3677
653,2017-08-23,0,3673
654,2017-08-24,0,3692
655,2017-08-25,0,3777
656,2017-08-28,0,4389
657,2017-08-29,0,4612
658,2017-08-30,0,4812
659,2017-08-31,0,4872
660,2017-09-01,0,4851
661,2017-09-04,0,5083
662,2017-09-05,0,5092
663,2017-09-06,0,5160
664,2017-09-07,0,5252
665,2017-09-08,0,5282
666,2017-09-11,0,5376
667,2017-09-12,0,5423
668,2017-09-13,0,5547
669,2017-09-14,0,5731
670,2017-09-15,0,5740
671,2017-09-18,0,5428
672,2017-09-19,0,5343
673,2017-09-20,0,5242
674,2017-09-21,0,5063
675,2017-09-22,0,4880
676,2017-09-25,0,4367
677,2017-09-26,0,4217
678,2017-09-27,0,4050
679,2017-09-28,0,3995
680,2017-09-29,0,3913
681,2017-10-10,0,2955
682,2017-10-11,0,2926
683,2017-10-12,0,2992
684,2017-10-13,0,3062
685,2017-10-16,0,3413
686,2017-10-17,0,3579
687,2017-10-18,0,3638
688,2017-10-19,0,3624
689,2017-10-20,0,3609
690,2017-10-23,0,3547
691,2017-10-24,0,3544
692,2017-10-25,0,3567
693,2017-10-26,0,3573
694,2017-10-27,0,3633
695,2017-10-30,0,3937
696,2017-10-31,0,4077
697,2017-11-01,0,4209
698,2017-11-02,0,4305
699,2017-11-03,0,4440
700,2017-11-06,0,4652
701,2017-11-07,0,4670
702,2017-11-08,0,4724
703,2017-11-09,0,4735
704,2017-11-10,0,4775
705,2017-11-13,0,5012
706,2017-11-14,0,5083
707,2017-11-15,0,5117
708,2017-11-16,0,5110
709,2017-11-17,0,5126
710,2017-11-20,0,5128
711,2017-11-21,0,5103
712,2017-11-22,0,5083
713,2017-11-23,0,5066
714,2017-11-24,5,5054
715,2017-11-27,0,5004
716,2017-11-28,0,4991
717,2017-11-29,0,4974
718,2017-11-30,0,5006
719,2017-12-04,0,4976
720,2017-12-05,0,4981
721,2017-12-06,3,4953
722,2017-12-07,0,4935
723,2017-12-08,0,4837
724,2017-12-11,0.9,4558
725,2017-12-12,0.2,4509
726,2017-12-13,0,4481
727,2017-12-14,0,4499
728,2017-12-15,0,4569
729,2017-12-18,0,5041
730,2017-12-19,0,5149
731,2017-12-20,3,5181
732,2017-12-21,0,5257
733,2017-12-22,0,5435
734,2017-12-26,0.4,5820
735,2017-12-27,0,5964
736,2017-12-28,0,5951
737,2017-12-29,0,5929
738,2018-01-02,0,5875
739,2018-01-03,0,6022
740,2018-01-04,0,6048
741,2018-01-05,0,5965
742,2018-01-08,2.8,5881
743,2018-01-09,6.5,5791
744,2018-01-10,8.7,5727
745,2018-01-11,0,5706
746,2018-01-12,1.5,5727
747,2018-01-15,0,5787
748,2018-01-16,0,5829
749,2018-01-17,0,5971
750,2018-01-18,0,6157
751,2018-01-19,0,6346
752,2018-01-22,0,6843
753,2018-01-23,0.4,6851
754,2018-01-24,0,6962
755,2018-01-25,0,7052
756,2018-01-26,0,7129
757,2018-01-29,0,7893
758,2018-01-30,0,8337
759,2018-01-31,0,8465
760,2018-02-01,0,8442
761,2018-02-02,0.5,8581
762,2018-02-05,0,8656
763,2018-02-06,0.3,8472
764,2018-02-07,0,8277
765,2018-02-08,0,8083
766,2018-02-09,0,8033
767,2018-02-12,5.6,8431
768,2018-02-13,1.6,8600
769,2018-02-14,0,8625
770,2018-02-19,0,8117
771,2018-02-20,0,8071
772,2018-02-21,0,8216
773,2018-02-22,0,8416
774,2018-02-23,0.5,8491
775,2018-02-26,0,8497
776,2018-02-27,0,8571
777,2018-02-28,0,8634
778,2018-03-02,0,8563
779,2018-03-05,0,8844
780,2018-03-06,0,8716
781,2018-03-07,0,8454
782,2018-03-08,1.4,8134
783,2018-03-09,0,7846
784,2018-03-12,0,6819
785,2018-03-13,0,6423
786,2018-03-14,0,6073
787,2018-03-15,0,5918
788,2018-03-16,0,5862
789,2018-03-19,0,5745
790,2018-03-20,0,5750
791,2018-03-21,1.3,5597
792,2018-03-22,0,5472
793,2018-03-23,0,5464
794,2018-03-26,0,5109
795,2018-03-27,0,5043
796,2018-03-28,0,4965
797,2018-03-29,0,4861
798,2018-03-30,0,4798
799,2018-04-02,0,4726
800,2018-04-03,0,4657
801,2018-04-04,0,4588
802,2018-04-05,0,4556
803,2018-04-06,0,4553
804,2018-04-09,0,4385
805,2018-04-10,0,4508
806,2018-04-11,0,4589
807,2018-04-12,0,4619
808,2018-04-13,0,4723
809,2018-04-16,0,4941
810,2018-04-17,0,5000
811,2018-04-18,0,5057
812,2018-04-19,0,5068
813,2018-04-20,0,5064
814,2018-04-23,0,5088
815,2018-04-24,0,5090
816,2018-04-25,0,5076
817,2018-04-26,0,5101
818,2018-04-27,0,5142
819,2018-04-30,0,5268
820,2018-05-02,0,5319
821,2018-05-03,0,5371
822,2018-05-04,0,5450
823,2018-05-08,0,5306
824,2018-05-09,0,5269
825,2018-05-10,0,5249
826,2018-05-11,0,5168
827,2018-05-14,0,4659
828,2018-05-15,0,4547
829,2018-05-16,0,4445
830,2018-05-17,0,4333
831,2018-05-18,0,4268
832,2018-05-21,0,4135
833,2018-05-23,0,4147
834,2018-05-24,0,4174
835,2018-05-25,0,4189
836,2018-05-28,0,4103
837,2018-05-29,0,4043
838,2018-05-30,0,4021
839,2018-05-31,0,4053
840,2018-06-01,0,4066
841,2018-06-04,0,3907
842,2018-06-05,0,3948
843,2018-06-07,0,3978
844,2018-06-08,0,3998
845,2018-06-11,0,3872
846,2018-06-12,0,3775
847,2018-06-14,0,3561
848,2018-06-15,0,3545
849,2018-06-18,0,3658
850,2018-06-19,0,3659
851,2018-06-20,0,3679
852,2018-06-21,0,3720
853,2018-06-22,0,3701
854,2018-06-25,0,3617
855,2018-06-26,0,3630
856,2018-06-27,0,3623
857,2018-06-28,0,3640
858,2018-06-29,0,3652
859,2018-07-02,0,3673
860,2018-07-03,0,3623
861,2018-07-04,0,3618
862,2018-07-05,0,3631
863,2018-07-06,0,3644
864,2018-07-09,0,3694
865,2018-07-10,0,3800
866,2018-07-11,0,3915
867,2018-07-12,0,3992
868,2018-07-13,0,4049
869,2018-07-16,0,4247
870,2018-07-17,0,4244
871,2018-07-18,0,4266
872,2018-07-19,0,4307
873,2018-07-20,0,4251
874,2018-07-23,0,4069
875,2018-07-24,0,4078
876,2018-07-25,0,4135
877,2018-07-26,0,4241
878,2018-07-27,0,4326
879,2018-07-30,0,4391
880,2018-07-31,0,4450
881,2018-08-01,0,4411
882,2018-08-02,0,4343
883,2018-08-03,0,4226
884,2018-08-06,0,4042
885,2018-08-07,0,3856
886,2018-08-08,0,3635
887,2018-08-09,0,3464
888,2018-08-10,0,3362
889,2018-08-13,0,3553
890,2018-08-14,0,3577
891,2018-08-16,0,3630
892,2018-08-17,0,3660
893,2018-08-20,0,3856
894,2018-08-21,0,3904
895,2018-08-22,0,3988
896,2018-08-23,0,4040
897,2018-08-24,0,4108
898,2018-08-27,0,4584
899,2018-08-28,0,4768
900,2018-08-29,0,5020
901,2018-08-30,0,5192
902,2018-08-31,0,5221
903,2018-09-03,0,5430
904,2018-09-04,0,5525
905,2018-09-05,0,5576
906,2018-09-06,0,5666
907,2018-09-07,0,5697
908,2018-09-10,0,5724
909,2018-09-11,0,5720
910,2018-09-12,0,5676
911,2018-09-13,0,5676
912,2018-09-14,0,5758
913,2018-09-17,0,5433
914,2018-09-18,0,5238
915,2018-09-19,0,5132
916,2018-09-20,0,5091
917,2018-09-21,0,5034
918,2018-09-27,0,3977
919,2018-09-28,0,3887
920,2018-10-01,0,3501
921,2018-10-02,0,3420
922,2018-10-04,0,3392
923,2018-10-05,0,3391
924,2018-10-08,0,3353
925,2018-10-10,0,3296
926,2018-10-11,0,3176
927,2018-10-12,0,3053
928,2018-10-15,0,3031
929,2018-10-16,0,3095
930,2018-10-17,0,3133
931,2018-10-18,0,3156
932,2018-10-19,0,3189
933,2018-10-22,0,3225
934,2018-10-23,0,3197
935,2018-10-24,0,3196
936,2018-10-25,0,3187
937,2018-10-26,0,3172
938,2018-10-29,0,3376
939,2018-10-30,0,3502
940,2018-10-31,0,3653
941,2018-11-01,0,3814
942,2018-11-02,0,3959
943,2018-11-05,0,4337
944,2018-11-06,0,4376
945,2018-11-07,0,4446
946,2018-11-08,0,4526
947,2018-11-09,0,4503
948,2018-11-12,0,4593
949,2018-11-13,0,4663
950,2018-11-14,0,4678
951,2018-11-15,0,4637
952,2018-11-16,0,4602
953,2018-11-19,0,4621
954,2018-11-20,0,4577
955,2018-11-21,0,4524
956,2018-11-22,0,4472
957,2018-11-23,0,4404
958,2018-11-26,0,4236
959,2018-11-27,0,4227
960,2018-11-28,0,4181
961,2018-11-29,0,4125
962,2018-11-30,0,4115
963,2018-12-03,0,3996
964,2018-12-04,0,3980
965,2018-12-05,0.7,3986
966,2018-12-06,0.5,3980
967,2018-12-10,0,3873
968,2018-12-11,3.3,3898
969,2018-12-12,0,3904
970,2018-12-13,0,3887
971,2018-12-14,0,3897
972,2018-12-17,0,4223
973,2018-12-18,0,4367
974,2018-12-19,0,4447
975,2018-12-20,0,4468
976,2018-12-21,0,4533
977,2018-12-24,0,4827
978,2018-12-26,0,4832
979,2018-12-27,0,4950
980,2018-12-28,0,5007
981,2018-12-31,0,4823
982,2019-01-02,0,4839
983,2019-01-03,0,4980
984,2019-01-04,0,4998
985,2019-01-07,0,5039
986,2019-01-08,0,5065
987,2019-01-09,0,5040
988,2019-01-10,0,4980
989,2019-01-11,0,4955
990,2019-01-14,0,5069
991,2019-01-15,0,5166
992,2019-01-16,0,5335
993,2019-01-17,0,5568
994,2019-01-18,0,5913
995,2019-01-21,0,6708
996,2019-01-22,0,6843
997,2019-01-23,0,6923
998,2019-01-24,0,6960
999,2019-01-25,0,6956
1000,2019-01-28,0,7224
1001,2019-01-29,0,7600
1002,2019-01-30,0,7926
1003,2019-01-31,0,8081
1004,2019-02-01,0,8230
1005,2019-02-07,0,8780
1006,2019-02-08,0,8715
1007,2019-02-11,0,8975
1008,2019-02-12,0,9075
1009,2019-02-13,0,9161
1010,2019-02-14,0,9088
1011,2019-02-15,1.5,8902
1012,2019-02-18,0,8566
1013,2019-02-19,1,8508
1014,2019-02-20,0,8356
1015,2019-02-21,0,8124
1016,2019-02-22,0,7908
1017,2019-02-25,0,7649
1018,2019-02-26,0,7497
1019,2019-02-27,0,7499
1020,2019-02-28,0,7611
1021,2019-03-04,0,7410
1022,2019-03-05,0,7450
1023,2019-03-06,0,7387
1024,2019-03-07,0,7227
1025,2019-03-08,0,7057
1026,2019-03-11,0,6315
1027,2019-03-12,0,6162
1028,2019-03-13,0,5995
1029,2019-03-14,0,5883
1030,2019-03-15,0,5919
1031,2019-03-18,0,5884
1032,2019-03-19,0,5982
1033,2019-03-20,0,6067
1034,2019-03-21,0,5932
1035,2019-03-22,0,5767
1036,2019-03-25,0,5460
1037,2019-03-26,0,5315
1038,2019-03-27,0,5165
1039,2019-03-28,0,5040
1040,2019-03-29,0,4980
1041,2019-04-01,0,4750
1042,2019-04-02,0,4792
1043,2019-04-03,0,4824
1044,2019-04-04,0,4810
1045,2019-04-05,0,4742
1046,2019-04-08,0,4487
1047,2019-04-09,0,4466
1048,2019-04-10,0,4571
1049,2019-04-11,0,4612
1050,2019-04-12,0,4625
1051,2019-04-15,0,4944
1052,2019-04-16,0,4954
1053,2019-04-17,0,5004
1054,2019-04-18,0,5063
1055,2019-04-19,0,5068
1056,2019-04-22,0,5067
1057,2019-04-23,0,5120
1058,2019-04-24,0,5152
1059,2019-04-25,0,5137
1060,2019-04-26,0,5153
1061,2019-04-29,0,5302
1062,2019-04-30,0,5318
1063,2019-05-02,0,5360
1064,2019-05-03,0,5397
1065,2019-05-07,0,5419
1066,2019-05-08,0,5326
1067,2019-05-09,0,5293
1068,2019-05-10,0,5264
1069,2019-05-13,0,4820
1070,2019-05-14,0,4686
1071,2019-05-15,0,4575
1072,2019-05-16,0,4459
1073,2019-05-17,0,4337
1074,2019-05-20,0,4133
1075,2019-05-21,0,4150
1076,2019-05-22,0,4188
1077,2019-05-23,0,4221
1078,2019-05-24,0,4272
1079,2019-05-27,0,4303
1080,2019-05-28,0,4284
1081,2019-05-29,0,4259
1082,2019-05-30,0,4187
1083,2019-05-31,0,4147
1084,2019-06-03,0,3948
1085,2019-06-04,0,3924
1086,2019-06-05,0,3968
1087,2019-06-07,0,3980
1088,2019-06-10,0,3845
1089,2019-06-11,0,3871
1090,2019-06-12,0,3814
1091,2019-06-13,0,3690
1092,2019-06-14,0,3623
1093,2019-06-17,0,3595
1094,2019-06-18,0,3588
1095,2019-06-19,0,3583
1096,2019-06-20,0,3605
1097,2019-06-21,0,3635
1098,2019-06-24,0,3650
1099,2019-06-25,0,3622
1100,2019-06-26,0,3637
1101,2019-06-27,0,3665
1102,2019-06-28,0,3711
1103,2019-07-01,0,3834
1104,2019-07-02,0,3847
1105,2019-07-03,0,3834
1106,2019-07-04,0,3817
1107,2019-07-05,0,3853
1108,2019-07-08,0,3833
1109,2019-07-09,0,3854
1110,2019-07-10,0,3908
1111,2019-07-11,0,4010
1112,2019-07-12,0,4083
1113,2019-07-15,0,4302
1114,2019-07-16,0,4340
1115,2019-07-17,0,4411
1116,2019-07-18,0,4441
1117,2019-07-19,0,4460
1118,2019-07-22,0,4357
1119,2019-07-23,0,4288
1120,2019-07-24,0,4265
1121,2019-07-25,0,4335
1122,2019-07-26,0,4430
1123,2019-07-29,0,4501
1124,2019-07-30,0,4447
1125,2019-07-31,0,4378
1126,2019-08-01,0,4299
1127,2019-08-02,0,4256
1128,2019-08-05,0,4032
1129,2019-08-06,0,4044
1130,2019-08-07,0,4023
1131,2019-08-08,0,3923
1132,2019-08-09,0,3837
1133,2019-08-12,0,4025
1134,2019-08-13,0,4138
1135,2019-08-14,0,4144
1136,2019-08-16,0,4225
1137,2019-08-19,0,4450
1138,2019-08-20,0,4548
1139,2019-08-21,0,4619
1140,2019-08-22,0,4777
1141,2019-08-23,0,4868
1142,2019-08-26,0,5275
1143,2019-08-27,0,5409
1144,2019-08-28,0,5517
1145,2019-08-29,0,5607
1146,2019-08-30,0,5690
1147,2019-09-02,0,5785
1148,2019-09-03,0,5850
1149,2019-09-04,0,5961
1150,2019-09-05,0,6121
1151,2019-09-06,0,6312
1152,2019-09-09,0,6503
1153,2019-09-10,0,6528
1154,2019-09-11,0,6560
1155,2019-09-16,0,6540
1156,2019-09-17,0,6518
1157,2019-09-18,0,6431
1158,2019-09-19,0,6365
1159,2019-09-20,0,6325
1160,2019-09-23,0,5585
1161,2019-09-24,0,5486
1162,2019-09-25,0,5381
1163,2019-09-26,0,5185
1164,2019-09-27,0,4874
1165,2019-09-30,0,4276
1166,2019-10-01,0,4168
1167,2019-10-02,0,4083
1168,2019-10-04,0,3988
1169,2019-10-07,0,3851
1170,2019-10-08,0,3844
1171,2019-10-10,0,3789
1172,2019-10-11,0,3676
1173,2019-10-14,0,3474
1174,2019-10-15,0,3521
1175,2019-10-16,0,3560
1176,2019-10-17,0,3580
1177,2019-10-18,0,3607
1178,2019-10-21,0,3739
1179,2019-10-22,0,3737
1180,2019-10-23,0,3736
1181,2019-10-24,0,3743
1182,2019-10-25,0,3731
1183,2019-10-28,0,3804
1184,2019-10-29,0,3837
1185,2019-10-30,0,3925
1186,2019-10-31,0,4021
1187,2019-11-01,0,4111
1188,2019-11-04,0,4523
1189,2019-11-05,0,4552
1190,2019-11-06,0,4580
1191,2019-11-07,0,4668
1192,2019-11-08,0,4768
1193,2019-11-11,0,4726
1194,2019-11-12,0,4765
1195,2019-11-13,0,4775
1196,2019-11-14,0,4753
1197,2019-11-15,0,4703
1198,2019-11-18,0,4659
1199,2019-11-19,0,4648
1200,2019-11-20,0,4608
1201,2019-11-21,0,4548
1202,2019-11-22,0,4484
1203,2019-11-25,0,4303
1204,2019-11-26,0,4268
1205,2019-11-27,0,4231
1206,2019-11-28,0,4151
1207,2019-11-29,0,4063
1208,2019-12-02,0,3901
1209,2019-12-03,0,3895
1210,2019-12-04,0,3888
1211,2019-12-05,0,3889
1212,2019-12-09,0,3792
1213,2019-12-10,0,3778
1214,2019-12-11,0,3790
1215,2019-12-12,0,3798
1216,2019-12-13,0,3778
1217,2019-12-16,0,3990
1218,2019-12-17,0,4142
1219,2019-12-18,0,4302
1220,2019-12-19,0,4370
1221,2019-12-20,0,4388
1222,2019-12-23,0,4709
1223,2019-12-24,0,4760
1224,2019-12-26,0,4788
1225,2019-12-27,0,4934
1226,2019-12-30,0,4906
1227,2019-12-31,0.3,4803
1228,2020-01-02,0,4732
1229,2020-01-03,0,4760
1230,2020-01-06,0,4489
1231,2020-01-07,0,4442
1232,2020-01-08,0,4370
1233,2020-01-09,0,4293
1234,2020-01-10,0,4238
1235,2020-01-13,0,4273
1236,2020-01-14,0,4297
1237,2020-01-15,0,4467
1238,2020-01-16,0,4595
1239,2020-01-17,0,4707
1240,2020-01-20,0,5320
1241,2020-01-21,0,5366
1242,2020-01-22,0,5507
1243,2020-01-23,0,5722
1244,2020-01-28,0,6709
1245,2020-01-29,0,7179
1246,2020-01-30,0,7410
1247,2020-01-31,0,7527
1248,2020-02-03,0,8136
1249,2020-02-04,0,8226
1250,2020-02-05,0,8425
1251,2020-02-06,0,8552
1252,2020-02-07,0,8496
1253,2020-02-10,0,8373
1254,2020-02-11,0,8337
1255,2020-02-12,0,8313
1256,2020-02-13,0,8272
1257,2020-02-14,0,8180
1258,2020-02-17,2,7749
1259,2020-02-18,5.4,7731
1260,2020-02-19,0,7716
1261,2020-02-20,0,7660
1262,2020-02-21,0,7427
1263,2020-02-24,0,6955
1264,2020-02-25,0,6932
1265,2020-02-26,0,6815
1266,2020-02-27,0,6888
1267,2020-02-28,0,7143
1268,2020-03-02,0,7093
1269,2020-03-03,0,7008
1270,2020-03-04,0,6980
1271,2020-03-05,0,7004
1272,2020-03-06,0,6935
1273,2020-03-09,0,6290
1274,2020-03-10,0,6153
1275,2020-03-11,0,6039
1276,2020-03-12,0,5962
1277,2020-03-13,0,5876
1278,2020-03-16,0,5908
1279,2020-03-17,0,5876
1280,2020-03-18,0,5875
1281,2020-03-19,0,5943
1282,2020-03-20,0,5951
1283,2020-03-23,0,5745
1284,2020-03-24,0,5755
1285,2020-03-25,0,5688
1286,2020-03-26,0,5561
1287,2020-03-27,0,5340
1288,2020-03-30,0,4963
1289,2020-03-31,0,4879
1290,2020-04-01,0,4799
1291,2020-04-02,0,4708
1292,2020-04-03,0,4624
1293,2020-04-06,0,4483
1294,2020-04-07,0,4404
1295,2020-04-08,0,4375
1296,2020-04-09,0,4359
1297,2020-04-10,0,4451
1298,2020-04-13,0,4533
1299,2020-04-14,0,4600
1300,2020-04-16,0,4581
1301,2020-04-17,0,4551
1302,2020-04-20,0,4451
1303,2020-04-21,0,4436
1304,2020-04-22,0,4410
1305,2020-04-23,0,4386
1306,2020-04-24,0,4362
1307,2020-04-27,0,4416
1308,2020-04-28,0,4440
1309,2020-04-29,0,4533
1310,2020-05-04,0,5162
1311,2020-05-06,0,5205
1312,2020-05-07,0,5197
1313,2020-05-08,0,5226
1314,2020-05-11,0,5130
1315,2020-05-12,0,4959
1316,2020-05-13,0,4781
1317,2020-05-14,0,4626
1318,2020-05-15,0,4475
1319,2020-05-18,0,4186
1320,2020-05-19,0,4143
1321,2020-05-20,0,4093
1322,2020-05-21,0,4120
1323,2020-05-22,0,4192
1324,2020-05-25,0,4327
1325,2020-05-26,0,4362
1326,2020-05-27,0,4370
1327,2020-05-28,0,4351
1328,2020-05-29,0,4313
1329,2020-06-01,0,4133
1330,2020-06-02,0,4053
1331,2020-06-03,0,3958
1332,2020-06-04,0,3943
1333,2020-06-05,0,3987
1334,2020-06-08,0,4026
1335,2020-06-09,0,3949
1336,2020-06-10,0,3910
1337,2020-06-11,0,3972
1338,2020-06-12,0,3943
1339,2020-06-15,0,3683
1340,2020-06-16,0,3644
1341,2020-06-17,0,3668
1342,2020-06-18,0,3642
1343,2020-06-19,0,3609
1344,2020-06-22,0,3661
1345,2020-06-23,0,3684
1346,2020-06-24,0,3682
1347,2020-06-25,0,3636
1348,2020-06-26,0,3657
1349,2020-06-29,0,3778
1350,2020-06-30,0,3850
1351,2020-06-01,0,4133
1352,2020-06-02,0,4053
1353,2020-06-03,0,3958
1354,2020-06-04,0,3943
1355,2020-06-05,0,3987
1356,2020-06-08,0,4026
1357,2020-06-09,0,3949
1358,2020-06-10,0,3910
1359,2020-06-11,0,3972
1360,2020-06-12,0,3943
1361,2020-06-15,0,3683
1362,2020-06-16,0,3644
1363,2020-06-17,0,3668
1364,2020-06-18,0,3642
1365,2020-06-19,0,3609
1366,2020-06-22,0,3661
1367,2020-06-23,0,3684
1368,2020-06-24,0,3682
1369,2020-06-25,0,3636
1370,2020-06-26,0,3657
1371,2020-06-29,0,3778
1372,2020-06-30,0,3850
1373,2020-07-01,0,3839
1374,2020-07-02,0,3840
1375,2020-07-03,0,3838
1376,2020-07-06,0,3897
1377,2020-07-07,0,3884
1378,2020-07-08,0,3945
1379,2020-07-09,0,4032
1380,2020-07-10,0,4128
1381,2020-07-13,0,4464
1382,2020-07-14,0,4529
1383,2020-07-15,0,4550
1384,2020-07-16,0,4545
1385,2020-07-17,0,4548
1386,2020-07-20,0,4505
1387,2020-07-21,0,4482
1388,2020-07-22,0,4553
1389,2020-07-23,0,4540
1390,2020-07-24,0,4528
1391,2020-07-27,0,4689
1392,2020-07-28,0,4726
1393,2020-07-29,0,4654
1394,2020-07-30,0,4588
1395,2020-07-31,0,4534
1396,2020-08-03,0,4407
1397,2020-08-04,0,4312
1398,2020-08-05,0,4292
1399,2020-08-06,0,4362
1400,2020-08-07,0,4384
1401,2020-08-10,0,4368
1402,2020-08-11,0,4416
1403,2020-08-12,0,4594
1404,2020-08-13,0,4692
1405,2020-08-14,0,4660
1406,2020-08-18,0,5256
1407,2020-08-19,0,5395
1408,2020-08-20,0,5521
1409,2020-08-21,0,5583
1410,2020-08-24,0,5761
1411,2020-08-25,0,5861
1412,2020-08-26,0,5851
1413,2020-08-27,0,5748
1414,2020-08-28,0,5601
1415,2020-08-31,0,5373
1416,2020-09-01,0,5381
1417,2020-09-02,0,5392
1418,2020-09-03,0,5431
1419,2020-09-04,0,5547
1420,2020-09-07,0,6005
1421,2020-09-08,0,6088
1422,2020-09-09,0,6108
1423,2020-09-10,0,6165
1424,2020-09-11,0,6325
1425,2020-09-14,0,6723
1426,2020-09-15,0,6787
1427,2020-09-16,0,6775
1428,2020-09-17,0,6852
1429,2020-09-18,0,6897
1430,2020-09-21,0,6423
1431,2020-09-22,0,6146
1432,2020-09-23,0,5955
1433,2020-09-24,0,5859
1434,2020-09-25,0,5818
1435,2020-09-28,0,5151
1436,2020-09-29,0,4968
1437,2020-10-05,0,4419
1438,2020-10-06,0,4362
1439,2020-10-07,0,4363
1440,2020-10-08,0,4361
1441,2020-10-12,0,4002
1442,2020-10-13,0,3912
1443,2020-10-14,0,3864
1444,2020-10-15,0,3868
1445,2020-10-16,0,3849
1446,2020-10-19,0,3958
1447,2020-10-20,0,3991
1448,2020-10-21,0,4002
1449,2020-10-22,0,3995
1450,2020-10-23,0,3998
1451,2020-10-26,0,3963
1452,2020-10-27,0,3980
1453,2020-10-28,0,4001
1454,2020-10-29,0,3998
1455,2020-10-30,0,4018
1456,2020-11-02,0,4275
1457,2020-11-03,0,4457
1458,2020-11-04,0,4576
1459,2020-11-05,0,4616
1460,2020-11-06,0,4662
1461,2020-11-09,0,4713
1462,2020-11-10,0,4674
1463,2020-11-11,0,4620
1464,2020-11-12,0,4539
1465,2020-11-13,0,4375
1466,2020-11-16,0,4063
1467,2020-11-17,0,4055
1468,2020-11-18,0,4048
1469,2020-11-19,0,4030
1470,2020-11-20,0,3987
1471,2020-11-23,0,3729
1472,2020-11-24,0,3675
1473,2020-11-25,0,3639
1474,2020-11-26,0,3581
1475,2020-11-27,0,3516
1476,2020-11-30,0,3360
1477,2020-12-01,0,3342
1478,2020-12-02,0,3302
1479,2020-12-03,0,3253
1480,2020-12-07,0,3215
1481,2020-12-08,0,3225
1482,2020-12-09,0,3225
1483,2020-12-10,0,3222
1484,2020-12-11,0,3225
1485,2020-12-14,0,3203
1486,2020-12-15,0,3265
1487,2020-12-16,0,3347
1488,2020-12-17,0,3462
1489,2020-12-18,0.3,3567
1490,2020-12-21,0,3747
1491,2020-12-22,0,3850
1492,2020-12-23,0,3951
1493,2020-12-24,0,4018
1494,2020-12-28,0.8,4511
1495,2020-12-29,5.3,4452
1496,2020-12-30,0.2,4495
1497,2020-12-31,1.1,4542
1498,2021-01-04,0,4807
1499,2021-01-05,0.1,4717
1500,2021-01-06,5,4667
1501,2021-01-07,1.2,4623
1502,2021-01-08,0,4504
1503,2021-01-11,0,4399
1504,2021-01-12,1.4,4449
1505,2021-01-13,0,4608
1506,2021-01-14,0,4809
1507,2021-01-15,0,5075
1508,2021-01-18,0,5658
1509,2021-01-19,0,5908
1510,2021-01-20,0,6112
1511,2021-01-21,0,6250
1512,2021-01-22,0,6413
1513,2021-01-25,0,6825
1514,2021-01-26,0,6859
1515,2021-01-27,0,6902
1516,2021-01-28,2.7,7070
1517,2021-01-29,0,7291
1518,2021-02-01,0,7823
1519,2021-02-02,0.8,7957
1520,2021-02-03,0.3,8092
1521,2021-02-04,2.2,8244
1522,2021-02-05,0,8481
1523,2021-02-08,0,8481
1524,2021-02-09,0,8461
1525,2021-02-10,0,8234
1526,2021-02-15,0,7272
1527,2021-02-16,3.9,7199
1528,2021-02-17,0.9,7190
1529,2021-02-18,0,7307
1530,2021-02-19,0,7300
1531,2021-02-22,0,7084
1532,2021-02-23,0,6930
1533,2021-02-24,0,6916
1534,2021-02-25,0,6977
1535,2021-02-26,0,6889
1536,2021-03-02,0.2,7027
1537,2021-03-03,0,6952
1538,2021-03-04,0,6856
1539,2021-03-05,0,6632
1540,2021-03-08,0,6098
1541,2021-03-09,0,5909
1542,2021-03-10,0,5720
1543,2021-03-11,0,5686
1544,2021-03-12,0,5676
1545,2021-03-15,0,5671
1546,2021-03-16,0,5748
1547,2021-03-17,0,5748
1548,2021-03-18,0,5665
1549,2021-03-19,0,5611
1550,2021-03-22,0,5436
1551,2021-03-23,0,5405
1552,2021-03-24,0,5455
1553,2021-03-25,0,5496
1554,2021-03-26,0,5448
1555,2021-03-29,0,5192
1556,2021-03-30,0,5114
1557,2021-03-31,0,5065
1558,2021-04-01,0,4987
1559,2021-04-02,0,4916
1560,2021-04-05,0,4725
1561,2021-04-06,0,4687
1562,2021-04-07,0,4626
1563,2021-04-08,0,4617
1564,2021-04-09,0,4608
1565,2021-04-12,0,4613
1566,2021-04-13,0,4598
1567,2021-04-14,0,4545
1568,2021-04-15,0,4482
1569,2021-04-16,0,4401
1570,2021-04-19,0,4206
1571,2021-04-20,0,4166
1572,2021-04-21,0,4143
1573,2021-04-22,0,4147
1574,2021-04-23,0,4172
1575,2021-04-26,0,4208
1576,2021-04-27,0,4247
1577,2021-04-28,0,4303
1578,2021-04-29,0,4350
1579,2021-04-30,0,4435
1580,2021-05-03,0,4709
1581,2021-05-04,0,4753
1582,2021-05-06,0,4694
1583,2021-05-07,0,4676
1584,2021-05-10,0,4720
1585,2021-05-11,0,4639
1586,2021-05-12,0,4519
1587,2021-05-13,0,4420
1588,2021-05-14,0,4348
1589,2021-05-17,0,4127
1590,2021-05-18,0,4100
1591,2021-05-20,0,4124
1592,2021-05-21,0,4121
1593,2021-05-24,0,4109
1594,2021-05-25,0,4122
1595,2021-05-26,0,4137
1596,2021-05-27,0,4162
1597,2021-05-28,0,4172
1598,2021-05-31,0,4030
1599,2021-06-01,0,4039
1600,2021-06-02,0,4055
1601,2021-06-03,0,4095
1602,2021-06-04,0,4152
1603,2021-06-07,0,4216
1604,2021-06-08,0,4163
1605,2021-06-09,0,4056
1606,2021-06-10,0,3961
1607,2021-06-11,0,3940
1608,2021-06-14,0,3810
1609,2021-06-15,0,3722
1610,2021-06-16,0,3692
1611,2021-06-17,0,3698
1612,2021-06-18,0,3728
1613,2021-06-21,0,3726
1614,2021-06-22,0,3726
1615,2021-06-23,0,3778
1616,2021-06-24,0,3796
1617,2021-06-25,0,3754
1618,2021-06-28,0,3864
1619,2021-06-29,0,3920
1620,2021-06-30,0,3996
1621,2021-06-01,0,4039
1622,2021-06-02,0,4055
1623,2021-06-03,0,4095
1624,2021-06-04,0,4152
1625,2021-06-07,0,4216
1626,2021-06-08,0,4163
1627,2021-06-09,0,4056
1628,2021-06-10,0,3961
1629,2021-06-11,0,3940
1630,2021-06-14,0,3810
1631,2021-06-15,0,3722
1632,2021-06-16,0,3692
1633,2021-06-17,0,3698
1634,2021-06-18,0,3728
1635,2021-06-21,0,3726
1636,2021-06-22,0,3726
1637,2021-06-23,0,3778
1638,2021-06-24,0,3796
1639,2021-06-25,0,3754
1640,2021-06-28,0,3864
1641,2021-06-29,0,3920
1642,2021-06-30,0,3996
1643,2021-07-01,0,4017
1644,2021-07-02,0,4065
1645,2021-07-05,0,4188
1646,2021-07-06,0,4218
1647,2021-07-07,0,4216
1648,2021-07-08,0,4263
1649,2021-07-09,0,4295
1650,2021-07-12,0,4473
1651,2021-07-13,0,4556
1652,2021-07-14,0,4594
1653,2021-07-15,0,4612
1654,2021-07-16,0,4661
1655,2021-07-19,0,4685
1656,2021-07-20,0,4671
1657,2021-07-21,0,4653
1658,2021-07-22,0,4652
1659,2021-07-23,0,4617
1660,2021-07-26,0,4731
1661,2021-07-27,0,4796
1662,2021-07-28,0,4785
1663,2021-07-29,0,4692
1664,2021-07-30,0,4613
1665,2021-08-02,0,4447
1666,2021-08-03,0,4408
1667,2021-08-04,0,4391
1668,2021-08-05,0,4470
1669,2021-08-06,0,4569
1670,2021-08-09,0,4684
1671,2021-08-10,0,4631
1672,2021-08-11,0,4663
1673,2021-08-12,0,4783
1674,2021-08-13,0,4929
1675,2021-08-17,0,5350
1676,2021-08-18,0,5514
1677,2021-08-19,0,5646
1678,2021-08-20,0,5748
1679,2021-08-23,0,5938
1680,2021-08-24,0,5967
1681,2021-08-25,0,6089
1682,2021-08-26,0,6209
1683,2021-08-27,0,6241
1684,2021-08-30,0,6246
1685,2021-08-31,0,6360
1686,2021-09-01,0,6584
1687,2021-09-02,0,6728
1688,2021-09-03,0,6934
1689,2021-09-06,0,7285
1690,2021-09-07,0,7238
1691,2021-09-08,0,7186
1692,2021-09-09,0,7146
1693,2021-09-10,0,7146
1694,2021-09-13,0,7394
1695,2021-09-14,0,7524
1696,2021-09-15,0,7644
1697,2021-09-16,0,7726
1698,2021-09-17,0,7875
1699,2021-09-23,0,7127
1700,2021-09-24,0,7134
1701,2021-09-27,0,6834
1702,2021-09-28,0,6574
1703,2021-09-29,0,6410
1704,2021-09-30,0,6405
1705,2021-10-01,0,6280
1706,2021-10-05,0,5879
1707,2021-10-06,0,5714
1708,2021-10-07,0,5493
1709,2021-10-08,0,5273
1710,2021-10-12,0,4908
1711,2021-10-13,0,4720
1712,2021-10-14,0,4655
1713,2021-10-15,0,4650
1714,2021-10-18,0,4688
1715,2021-10-19,0,4703
1716,2021-10-20,0,4695
1717,2021-10-21,0,4659
1718,2021-10-22,0,4633
1719,2021-10-25,0,4651
1720,2021-10-26,0,4640
1721,2021-10-27,0,4648
1722,2021-10-28,0,4695
1723,2021-10-29,0,4744
1724,2021-11-01,0,4905
1725,2021-11-02,0,4982
1726,2021-11-03,0,5110
1727,2021-11-04,0,5192
1728,2021-11-05,0,5230
1729,2021-11-08,0,5419
1730,2021-11-09,0,5424
1731,2021-11-10,0,5379
1732,2021-11-11,0,5293
1733,2021-11-12,0,5171
1734,2021-11-15,0,4793
1735,2021-11-16,0,4714
1736,2021-11-17,0,4647
1737,2021-11-18,0,4575
1738,2021-11-19,0,4465
1739,2021-11-22,0,4190
1740,2021-11-23,0,4083
1741,2021-11-24,0,3980
1742,2021-11-25,0,3888
1743,2021-11-26,0,3797
1744,2021-11-29,0,3548
1745,2021-11-30,0,3491
1746,2021-12-01,0,3417
1747,2021-12-02,0,3339
1748,2021-12-06,0,3206
1749,2021-12-07,0,3195
1750,2021-12-08,0,3169
1751,2021-12-09,0,3135
1752,2021-12-10,0,3111
1753,2021-12-13,0,3046
1754,2021-12-14,0,3038
1755,2021-12-15,0,3046
1756,2021-12-16,0,3044
1757,2021-12-17,0.3,3041
1758,2021-12-20,2.2,3133
1759,2021-12-21,0.4,3205
1760,2021-12-22,0,3306
1761,2021-12-23,0,3424
1762,2021-12-24,0,3560
1763,2021-12-27,0,3923
1764,2021-12-28,0,4062
1765,2021-12-29,0,4089
1766,2021-12-30,0,4182
1767,2021-12-31,0,4305
