,date,sun,price,date
0,2015-01-04,7.48,4807,2015-01-04
1,2015-01-05,7.04,4717,2015-01-05
2,2015-01-06,10.48,4667,2015-01-06
3,2015-01-07,9.97,4623,2015-01-07
4,2015-01-08,10.08,4504,2015-01-08
5,2015-01-11,9.57,4399,2015-01-11
6,2015-01-12,10.27,4449,2015-01-12
7,2015-01-13,8.18,4608,2015-01-13
8,2015-01-14,3.37,4809,2015-01-14
9,2015-01-15,6.62,5075,2015-01-15
10,2015-01-18,9.68,5658,2015-01-18
11,2015-01-19,5.19,5908,2015-01-19
12,2015-01-20,10.12,6112,2015-01-20
13,2015-01-21,3.51,6250,2015-01-21
14,2015-01-22,3.5,6413,2015-01-22
15,2015-01-25,3.04,6825,2015-01-25
16,2015-01-26,2.1,6859,2015-01-26
17,2015-01-27,11.16,6902,2015-01-27
18,2015-01-28,10.74,7070,2015-01-28
19,2015-01-29,4.54,7291,2015-01-29
20,2015-02-01,12.59,7823,2015-02-01
21,2015-02-02,10.5,7957,2015-02-02
22,2015-02-03,8.87,8092,2015-02-03
23,2015-02-04,7.58,8244,2015-02-04
24,2015-02-05,10.53,8481,2015-02-05
25,2015-02-08,12.47,8481,2015-02-08
26,2015-02-09,12.28,8461,2015-02-09
27,2015-02-10,10.75,8234,2015-02-10
28,2015-02-15,6.89,7272,2015-02-15
29,2015-02-16,1.3,7199,2015-02-16
30,2015-02-17,6.72,7190,2015-02-17
31,2015-02-18,3.63,7307,2015-02-18
32,2015-02-19,13.18,7300,2015-02-19
33,2015-02-22,10.06,7084,2015-02-22
34,2015-02-23,11.89,6930,2015-02-23
35,2015-02-24,13.83,6916,2015-02-24
36,2015-02-25,11,6977,2015-02-25
37,2015-02-26,14.37,6889,2015-02-26
38,2015-03-02,16.81,7027,2015-03-02
39,2015-03-03,6.8,6952,2015-03-03
40,2015-03-04,18.07,6856,2015-03-04
41,2015-03-05,15.81,6632,2015-03-05
42,2015-03-08,15.75,6098,2015-03-08
43,2015-03-09,16.52,5909,2015-03-09
44,2015-03-10,19.34,5720,2015-03-10
45,2015-03-11,13.97,5686,2015-03-11
46,2015-03-12,18.59,5676,2015-03-12
47,2015-03-15,16.79,5671,2015-03-15
48,2015-03-16,16.37,5748,2015-03-16
49,2015-03-17,11.93,5748,2015-03-17
50,2015-03-18,1.85,5665,2015-03-18
51,2015-03-19,18.94,5611,2015-03-19
52,2015-03-22,18.93,5436,2015-03-22
53,2015-03-23,20.82,5405,2015-03-23
54,2015-03-24,20.64,5455,2015-03-24
55,2015-03-25,21.15,5496,2015-03-25
56,2015-03-26,20.88,5448,2015-03-26
57,2015-03-29,15.05,5192,2015-03-29
58,2015-03-30,19.42,5114,2015-03-30
59,2015-03-31,2.54,5065,2015-03-31
60,2015-04-01,4.02,4987,2015-04-01
61,2015-04-02,17.08,4916,2015-04-02
62,2015-04-05,3.3,4725,2015-04-05
63,2015-04-06,4.66,4687,2015-04-06
64,2015-04-07,13.2,4626,2015-04-07
65,2015-04-08,14.66,4617,2015-04-08
66,2015-04-09,18.19,4608,2015-04-09
67,2015-04-12,10.5,4613,2015-04-12
68,2015-04-13,6.96,4598,2015-04-13
69,2015-04-14,7.55,4545,2015-04-14
70,2015-04-15,19.33,4482,2015-04-15
71,2015-04-16,10.07,4401,2015-04-16
72,2015-04-19,3.02,4206,2015-04-19
73,2015-04-20,5.09,4166,2015-04-20
74,2015-04-21,23.31,4143,2015-04-21
75,2015-04-22,19.42,4147,2015-04-22
76,2015-04-23,23.26,4172,2015-04-23
77,2015-04-26,23.54,4208,2015-04-26
78,2015-04-27,22.82,4247,2015-04-27
79,2015-04-28,13.64,4303,2015-04-28
80,2015-04-29,3.87,4350,2015-04-29
81,2015-04-30,20.57,4435,2015-04-30
82,2015-05-03,7.28,4709,2015-05-03
83,2015-05-04,24.49,4753,2015-05-04
84,2015-05-06,16.33,4694,2015-05-06
85,2015-05-07,22.36,4676,2015-05-07
86,2015-05-10,24.66,4720,2015-05-10
87,2015-05-11,14.23,4639,2015-05-11
88,2015-05-12,22.27,4519,2015-05-12
89,2015-05-13,25.25,4420,2015-05-13
90,2015-05-14,23.58,4348,2015-05-14
91,2015-05-17,24.88,4127,2015-05-17
92,2015-05-18,16.95,4100,2015-05-18
93,2015-05-20,20.2,4110,2015-05-20
94,2015-05-21,27.7,4121,2015-05-21
95,2015-05-24,27.5,4109,2015-05-24
96,2015-05-25,26.4,4122,2015-05-25
97,2015-05-26,27.43,4137,2015-05-26
98,2015-05-27,27.93,4162,2015-05-27
99,2015-05-28,24.73,4172,2015-05-28
100,2015-05-31,21.05,4030,2015-05-31
101,2015-06-01,23.69,4039,2015-06-01
102,2015-06-02,19.59,4055,2015-06-02
103,2015-06-03,26.47,4095,2015-06-03
104,2015-06-04,24.73,4152,2015-06-04
105,2015-06-07,25.28,4216,2015-06-07
106,2015-06-08,13.76,4163,2015-06-08
107,2015-06-09,22.08,4056,2015-06-09
108,2015-06-10,25.21,3961,2015-06-10
109,2015-06-11,9.49,3940,2015-06-11
110,2015-06-14,17.02,3810,2015-06-14
111,2015-06-15,18.45,3722,2015-06-15
112,2015-06-16,24.07,3692,2015-06-16
113,2015-06-17,12.39,3698,2015-06-17
114,2015-06-18,18.95,3728,2015-06-18
115,2015-06-21,21.16,3726,2015-06-21
116,2015-06-22,18.56,3726,2015-06-22
117,2015-06-23,24.23,3778,2015-06-23
118,2015-06-24,5.53,3796,2015-06-24
119,2015-06-25,9.88,3754,2015-06-25
120,2015-06-28,23.91,3864,2015-06-28
121,2015-06-29,25.18,3920,2015-06-29
122,2015-06-30,13.78,3996,2015-06-30
123,2015-07-01,20.41,3282,2015-07-01
124,2015-07-02,23,3333,2015-07-02
125,2015-07-03,23.45,3367,2015-07-03
126,2015-07-06,18.19,3473,2015-07-06
127,2015-07-07,5.52,3465,2015-07-07
128,2015-07-08,8.38,3483,2015-07-08
129,2015-07-09,9.13,3493,2015-07-09
130,2015-07-10,21.4,3557,2015-07-10
131,2015-07-13,5.5,3689,2015-07-13
132,2015-07-14,18.56,3680,2015-07-14
133,2015-07-15,15.07,3724,2015-07-15
134,2015-07-16,23.39,3840,2015-07-16
135,2015-07-17,19.43,3866,2015-07-17
136,2015-07-20,14.19,3953,2015-07-20
137,2015-07-21,11.5,3918,2015-07-21
138,2015-07-22,17.16,3837,2015-07-22
139,2015-07-23,8.87,3752,2015-07-23
140,2015-07-24,2.7,3734,2015-07-24
141,2015-07-27,9.16,3803,2015-07-27
142,2015-07-28,18.6,3792,2015-07-28
143,2015-07-29,7.93,3851,2015-07-29
144,2015-07-30,18.83,3839,2015-07-30
145,2015-07-31,23.03,3802,2015-07-31
146,2015-08-03,23.02,3891,2015-08-03
147,2015-08-04,22.72,3968,2015-08-04
148,2015-08-05,22.41,3947,2015-08-05
149,2015-08-06,21.31,3974,2015-08-06
150,2015-08-07,20.83,3857,2015-08-07
151,2015-08-10,11.22,3713,2015-08-10
152,2015-08-11,6.19,3701,2015-08-11
153,2015-08-12,20.19,3620,2015-08-12
154,2015-08-13,18,3566,2015-08-13
155,2015-08-17,22.74,3553,2015-08-17
156,2015-08-18,17.43,3541,2015-08-18
157,2015-08-19,12.31,3608,2015-08-19
158,2015-08-20,8.74,3607,2015-08-20
159,2015-08-21,12.82,3556,2015-08-21
160,2015-08-24,13.76,3681,2015-08-24
161,2015-08-25,3.32,3833,2015-08-25
162,2015-08-26,20.73,4028,2015-08-26
163,2015-08-27,14.75,4302,2015-08-27
164,2015-08-28,13.79,4493,2015-08-28
165,2015-08-31,20.15,4689,2015-08-31
166,2015-09-01,11.99,4668,2015-09-01
167,2015-09-02,11.5,4779,2015-09-02
168,2015-09-03,16,4990,2015-09-03
169,2015-09-04,16.78,5083,2015-09-04
170,2015-09-07,19.93,5454,2015-09-07
171,2015-09-08,22.42,5528,2015-09-08
172,2015-09-09,22.25,5443,2015-09-09
173,2015-09-10,20.87,5428,2015-09-10
174,2015-09-11,12.12,5516,2015-09-11
175,2015-09-14,17.83,5756,2015-09-14
176,2015-09-15,19.7,5583,2015-09-15
177,2015-09-16,13.01,5425,2015-09-16
178,2015-09-17,16.74,5287,2015-09-17
179,2015-09-18,18.87,5155,2015-09-18
180,2015-09-21,18.15,4982,2015-09-21
181,2015-09-22,19.58,4933,2015-09-22
182,2015-09-23,6.35,4893,2015-09-23
183,2015-09-24,9.14,4771,2015-09-24
184,2015-09-25,13.39,4585,2015-09-25
185,2015-09-30,10.44,4053,2015-09-30
186,2015-10-01,1.71,3940,2015-10-01
187,2015-10-02,18.07,3818,2015-10-02
188,2015-10-05,16.74,3736,2015-10-05
189,2015-10-06,16.16,3645,2015-10-06
190,2015-10-07,13.13,3736,2015-10-07
191,2015-10-08,14.17,3650,2015-10-08
192,2015-10-12,14.13,3722,2015-10-12
193,2015-10-13,16.07,3820,2015-10-13
194,2015-10-14,15.43,3809,2015-10-14
195,2015-10-15,12.79,3884,2015-10-15
196,2015-10-16,9.72,4058,2015-10-16
197,2015-10-19,12.31,4240,2015-10-19
198,2015-10-20,9.41,4233,2015-10-20
199,2015-10-21,11.51,4205,2015-10-21
200,2015-10-22,12.43,4197,2015-10-22
201,2015-10-23,9.28,4169,2015-10-23
202,2015-10-26,12.44,4159,2015-10-26
203,2015-10-27,5.29,4166,2015-10-27
204,2015-10-28,13.18,4231,2015-10-28
205,2015-10-29,13.26,4313,2015-10-29
206,2015-10-30,13.67,4413,2015-10-30
207,2015-11-02,11.92,4661,2015-11-02
208,2015-11-03,11.83,4765,2015-11-03
209,2015-11-04,12.44,4917,2015-11-04
210,2015-11-05,9.87,5031,2015-11-05
211,2015-11-06,8.93,5071,2015-11-06
212,2015-11-09,3.14,5008,2015-11-09
213,2015-11-10,6.41,5011,2015-11-10
214,2015-11-11,8.78,4950,2015-11-11
215,2015-11-12,9.05,4890,2015-11-12
216,2015-11-13,1.41,4884,2015-11-13
217,2015-11-16,3.45,4825,2015-11-16
218,2015-11-17,3.66,4828,2015-11-17
219,2015-11-18,1.26,4877,2015-11-18
220,2015-11-19,2.06,4915,2015-11-19
221,2015-11-20,5.06,4932,2015-11-20
222,2015-11-23,1.36,5072,2015-11-23
223,2015-11-24,3.97,5083,2015-11-24
224,2015-11-25,1.55,5037,2015-11-25
225,2015-11-26,4.62,4973,2015-11-26
226,2015-11-27,2.56,4972,2015-11-27
227,2015-11-30,6.82,5196,2015-11-30
228,2015-12-01,9.87,5185,2015-12-01
229,2015-12-02,0.97,5175,2015-12-02
230,2015-12-03,5.09,5178,2015-12-03
231,2015-12-07,8.16,5234,2015-12-07
232,2015-12-08,9.3,5160,2015-12-08
233,2015-12-09,6.95,5091,2015-12-09
234,2015-12-10,1.57,4969,2015-12-10
235,2015-12-11,4.17,4863,2015-12-11
236,2015-12-14,1.14,4779,2015-12-14
237,2015-12-15,4.69,4728,2015-12-15
238,2015-12-16,4.26,4664,2015-12-16
239,2015-12-17,10.06,4627,2015-12-17
240,2015-12-18,4.94,4636,2015-12-18
241,2015-12-21,3.28,4532,2015-12-21
242,2015-12-22,6.35,4544,2015-12-22
243,2015-12-23,1.43,4563,2015-12-23
244,2015-12-24,5.09,4647,2015-12-24
245,2015-12-28,9.31,4822,2015-12-28
246,2015-12-29,8.25,4860,2015-12-29
247,2015-12-30,8.58,5005,2015-12-30
248,2015-12-31,5.32,5105,2015-12-31
249,2016-01-04,7.85,5766,2016-01-04
250,2016-01-05,7.38,5873,2016-01-05
251,2016-01-06,6.26,6000,2016-01-06
252,2016-01-07,8.97,6050,2016-01-07
253,2016-01-08,9.72,5993,2016-01-08
254,2016-01-11,9.76,6050,2016-01-11
255,2016-01-12,10.2,6029,2016-01-12
256,2016-01-13,7.01,6032,2016-01-13
257,2016-01-14,10.21,5991,2016-01-14
258,2016-01-15,8.2,5975,2016-01-15
259,2016-01-18,4.71,5840,2016-01-18
260,2016-01-19,8.53,5775,2016-01-19
261,2016-01-20,8.27,5685,2016-01-20
262,2016-01-21,8.2,5688,2016-01-21
263,2016-01-22,10.86,5764,2016-01-22
264,2016-01-25,12.67,6339,2016-01-25
265,2016-01-26,7.75,6547,2016-01-26
266,2016-01-27,9.63,6701,2016-01-27
267,2016-01-28,3.36,7051,2016-01-28
268,2016-01-29,2.39,7537,2016-01-29
269,2016-02-01,12.83,7996,2016-02-01
270,2016-02-02,12.93,8031,2016-02-02
271,2016-02-03,11.88,8113,2016-02-03
272,2016-02-04,10.33,7986,2016-02-04
273,2016-02-05,11.74,7745,2016-02-05
274,2016-02-11,8.31,7714,2016-02-11
275,2016-02-12,1.74,7925,2016-02-12
276,2016-02-15,14.6,8584,2016-02-15
277,2016-02-16,7.81,8961,2016-02-16
278,2016-02-17,14.1,9216,2016-02-17
279,2016-02-18,10.76,9339,2016-02-18
280,2016-02-19,4,9321,2016-02-19
281,2016-02-22,9.2,9599,2016-02-22
282,2016-02-23,11.86,9594,2016-02-23
283,2016-02-24,15.26,9537,2016-02-24
284,2016-02-25,12.61,9508,2016-02-25
285,2016-02-26,9.12,9567,2016-02-26
286,2016-02-29,12.51,10452,2016-02-29
287,2016-03-02,16,9483,2016-03-02
288,2016-03-03,12.97,9485,2016-03-03
289,2016-03-04,4.19,9587,2016-03-04
290,2016-03-07,7.34,9499,2016-03-07
291,2016-03-08,5.6,9365,2016-03-08
292,2016-03-09,16.57,9249,2016-03-09
293,2016-03-10,18.56,9034,2016-03-10
294,2016-03-11,18.92,8741,2016-03-11
295,2016-03-14,12,7887,2016-03-14
296,2016-03-15,17.74,7764,2016-03-15
297,2016-03-16,16.78,7660,2016-03-16
298,2016-03-17,15.2,7380,2016-03-17
299,2016-03-18,6.34,7121,2016-03-18
300,2016-03-21,18.7,6524,2016-03-21
301,2016-03-22,19.15,6223,2016-03-22
302,2016-03-23,16.37,6175,2016-03-23
303,2016-03-24,19,5976,2016-03-24
304,2016-03-25,15.49,5747,2016-03-25
305,2016-03-28,20.49,5158,2016-03-28
306,2016-03-29,13.84,5078,2016-03-29
307,2016-03-30,19.73,4971,2016-03-30
308,2016-03-31,15.42,4852,2016-03-31
309,2016-04-01,20.57,4783,2016-04-01
310,2016-04-04,18.87,4764,2016-04-04
311,2016-04-05,22.5,4670,2016-04-05
312,2016-04-06,13.47,4455,2016-04-06
313,2016-04-07,11.29,4315,2016-04-07
314,2016-04-08,17.75,4283,2016-04-08
315,2016-04-11,22.27,4246,2016-04-11
316,2016-04-12,17.07,4225,2016-04-12
317,2016-04-14,14.93,4324,2016-04-14
318,2016-04-15,23.14,4407,2016-04-15
319,2016-04-18,21.23,4557,2016-04-18
320,2016-04-19,22.16,4573,2016-04-19
321,2016-04-20,8.52,4599,2016-04-20
322,2016-04-21,5.91,4625,2016-04-21
323,2016-04-22,20.32,4650,2016-04-22
324,2016-04-25,23.04,4685,2016-04-25
325,2016-04-26,22.17,4707,2016-04-26
326,2016-04-27,4.67,4753,2016-04-27
327,2016-04-28,17.06,4774,2016-04-28
328,2016-04-29,22.87,4814,2016-04-29
329,2016-05-02,19.99,4879,2016-05-02
330,2016-05-03,2.03,4930,2016-05-03
331,2016-05-04,26.56,4990,2016-05-04
332,2016-05-09,20.65,4849,2016-05-09
333,2016-05-10,3.14,4885,2016-05-10
334,2016-05-11,25.33,4883,2016-05-11
335,2016-05-12,26.06,4826,2016-05-12
336,2016-05-13,18.65,4721,2016-05-13
337,2016-05-16,25.44,4433,2016-05-16
338,2016-05-17,26.59,4357,2016-05-17
339,2016-05-18,26.64,4327,2016-05-18
340,2016-05-19,25.97,4260,2016-05-19
341,2016-05-20,26.17,4179,2016-05-20
342,2016-05-23,22.93,4288,2016-05-23
343,2016-05-24,6.62,4289,2016-05-24
344,2016-05-25,19.54,4269,2016-05-25
345,2016-05-26,17,4229,2016-05-26
346,2016-05-27,19.89,4190,2016-05-27
347,2016-05-30,26.06,3995,2016-05-30
348,2016-05-31,23.13,4013,2016-05-31
349,2016-06-01,26.12,4051,2016-06-01
350,2016-06-02,26.48,4012,2016-06-02
351,2016-06-03,23.59,3990,2016-06-03
352,2016-06-07,14.45,4004,2016-06-07
353,2016-06-08,19.04,3972,2016-06-08
354,2016-06-09,23.64,3926,2016-06-09
355,2016-06-10,23.93,3885,2016-06-10
356,2016-06-13,21.8,3652,2016-06-13
357,2016-06-14,21.62,3569,2016-06-14
358,2016-06-15,9.1,3506,2016-06-15
359,2016-06-16,14.87,3482,2016-06-16
360,2016-06-17,24.08,3530,2016-06-17
361,2016-06-20,21.04,3532,2016-06-20
362,2016-06-21,20.63,3533,2016-06-21
363,2016-06-22,16.11,3519,2016-06-22
364,2016-06-23,22.13,3489,2016-06-23
365,2016-06-24,6.84,3440,2016-06-24
366,2016-06-27,17.6,3296,2016-06-27
367,2016-06-28,20.73,3321,2016-06-28
368,2016-06-29,15.98,3376,2016-06-29
369,2016-06-30,13.54,3432,2016-06-30
370,2016-07-01,7.34,3450,2016-07-01
371,2016-07-04,3.42,3453,2016-07-04
372,2016-07-05,9.12,3475,2016-07-05
373,2016-07-06,13.67,3483,2016-07-06
374,2016-07-07,13.15,3462,2016-07-07
375,2016-07-08,20.61,3473,2016-07-08
376,2016-07-11,17.81,3619,2016-07-11
377,2016-07-12,10,3672,2016-07-12
378,2016-07-13,17.49,3745,2016-07-13
379,2016-07-14,12.87,3804,2016-07-14
380,2016-07-15,15.74,3886,2016-07-15
381,2016-07-18,14.38,3924,2016-07-18
382,2016-07-19,24.16,3982,2016-07-19
383,2016-07-20,23.62,3945,2016-07-20
384,2016-07-21,21.29,3850,2016-07-21
385,2016-07-22,25.29,3756,2016-07-22
386,2016-07-25,15.73,3678,2016-07-25
387,2016-07-26,21.02,3730,2016-07-26
388,2016-07-27,12.78,3768,2016-07-27
389,2016-07-28,22.15,3757,2016-07-28
390,2016-07-29,7.6,3823,2016-07-29
391,2016-08-01,17.31,3768,2016-08-01
392,2016-08-02,9.66,3768,2016-08-02
393,2016-08-03,14.4,3891,2016-08-03
394,2016-08-04,16.23,3968,2016-08-04
395,2016-08-05,20.34,3947,2016-08-05
396,2016-08-08,21.96,3724,2016-08-08
397,2016-08-09,18.01,3683,2016-08-09
398,2016-08-10,20.45,3706,2016-08-10
399,2016-08-11,22.35,3689,2016-08-11
400,2016-08-12,23.95,3607,2016-08-12
401,2016-08-16,18.83,3577,2016-08-16
402,2016-08-17,20.51,3524,2016-08-17
403,2016-08-18,17.93,3518,2016-08-18
404,2016-08-19,17.1,3608,2016-08-19
405,2016-08-22,22.46,3591,2016-08-22
406,2016-08-23,15.84,3611,2016-08-23
407,2016-08-24,21.43,3645,2016-08-24
408,2016-08-25,15.68,3726,2016-08-25
409,2016-08-26,3.4,3837,2016-08-26
410,2016-08-29,15.69,4400,2016-08-29
411,2016-08-30,5.17,4564,2016-08-30
412,2016-08-31,4.96,4635,2016-08-31
413,2016-09-01,16.75,4603,2016-09-01
414,2016-09-02,11.89,4673,2016-09-02
415,2016-09-05,12.9,4773,2016-09-05
416,2016-09-06,10.7,4829,2016-09-06
417,2016-09-07,10.81,4943,2016-09-07
418,2016-09-08,15.4,4988,2016-09-08
419,2016-09-09,14.54,4871,2016-09-09
420,2016-09-12,11.34,5165,2016-09-12
421,2016-09-13,17.37,5224,2016-09-13
422,2016-09-19,11.64,4106,2016-09-19
423,2016-09-20,19.91,3939,2016-09-20
424,2016-09-21,14.14,3806,2016-09-21
425,2016-09-22,16.54,3760,2016-09-22
426,2016-09-23,16.62,3699,2016-09-23
427,2016-09-26,8.62,3286,2016-09-26
428,2016-09-27,5.38,3197,2016-09-27
429,2016-09-28,12.91,3162,2016-09-28
430,2016-09-29,5.59,3133,2016-09-29
431,2016-09-30,4.09,3081,2016-09-30
432,2016-10-04,15.68,2883,2016-10-04
433,2016-10-05,6.56,2905,2016-10-05
434,2016-10-06,16.81,2967,2016-10-06
435,2016-10-07,12,3047,2016-10-07
436,2016-10-10,10.29,2955,2016-10-10
437,2016-10-11,11.01,2926,2016-10-11
438,2016-10-12,13.61,2992,2016-10-12
439,2016-10-13,11.01,3062,2016-10-13
440,2016-10-14,13.36,3103,2016-10-14
441,2016-10-17,12.81,3579,2016-10-17
442,2016-10-18,7.44,3638,2016-10-18
443,2016-10-19,11.98,3635,2016-10-19
444,2016-10-20,7.94,3634,2016-10-20
445,2016-10-21,5.32,3624,2016-10-21
446,2016-10-24,13.93,3576,2016-10-24
447,2016-10-25,4.83,3571,2016-10-25
448,2016-10-26,4.66,3565,2016-10-26
449,2016-10-27,6.87,3590,2016-10-27
450,2016-10-28,2.63,3662,2016-10-28
451,2016-10-31,1.95,3964,2016-10-31
452,2016-11-01,14.12,4077,2016-11-01
453,2016-11-02,13.23,4145,2016-11-02
454,2016-11-03,8.38,4185,2016-11-03
455,2016-11-04,10.93,4233,2016-11-04
456,2016-11-07,8.28,4258,2016-11-07
457,2016-11-08,11.19,4193,2016-11-08
458,2016-11-09,12.33,4148,2016-11-09
459,2016-11-10,4.81,4112,2016-11-10
460,2016-11-11,9.8,4087,2016-11-11
461,2016-11-14,8.45,4154,2016-11-14
462,2016-11-15,12.06,4151,2016-11-15
463,2016-11-16,8.77,4148,2016-11-16
464,2016-11-17,9.56,4206,2016-11-17
465,2016-11-18,5.35,4292,2016-11-18
466,2016-11-21,2.33,4360,2016-11-21
467,2016-11-22,5.1,4392,2016-11-22
468,2016-11-23,9.89,4409,2016-11-23
469,2016-11-24,11.17,4404,2016-11-24
470,2016-11-25,7.02,4372,2016-11-25
471,2016-11-28,9.75,4361,2016-11-28
472,2016-11-29,10.32,4474,2016-11-29
473,2016-11-30,4.6,4648,2016-11-30
474,2016-12-01,8.37,4717,2016-12-01
475,2016-12-05,5.88,4906,2016-12-05
476,2016-12-06,10.53,5005,2016-12-06
477,2016-12-07,5.56,5037,2016-12-07
478,2016-12-08,6.5,5000,2016-12-08
479,2016-12-09,6.73,4979,2016-12-09
480,2016-12-12,7.23,4817,2016-12-12
481,2016-12-13,6.93,4789,2016-12-13
482,2016-12-14,3.39,4781,2016-12-14
483,2016-12-15,9.13,4763,2016-12-15
484,2016-12-16,10.09,4771,2016-12-16
485,2016-12-19,3.47,5103,2016-12-19
486,2016-12-20,7.72,5049,2016-12-20
487,2016-12-21,5.42,5053,2016-12-21
488,2016-12-22,1.24,5165,2016-12-22
489,2016-12-23,2.34,5224,2016-12-23
490,2016-12-26,1.41,5359,2016-12-26
491,2016-12-27,6.27,5413,2016-12-27
492,2016-12-28,9.68,5327,2016-12-28
493,2016-12-29,10.1,5256,2016-12-29
494,2016-12-30,9.85,5265,2016-12-30
495,2017-01-02,5.87,5351,2017-01-02
496,2017-01-03,8.79,5606,2017-01-03
497,2017-01-04,6.89,5766,2017-01-04
498,2017-01-05,4.52,5873,2017-01-05
499,2017-01-06,9.34,6000,2017-01-06
500,2017-01-09,7.22,5967,2017-01-09
501,2017-01-10,7.6,5996,2017-01-10
502,2017-01-11,8.46,6050,2017-01-11
503,2017-01-12,3.12,6029,2017-01-12
504,2017-01-13,6.32,6032,2017-01-13
505,2017-01-16,11.64,5941,2017-01-16
506,2017-01-17,7.49,5931,2017-01-17
507,2017-01-18,6.79,5936,2017-01-18
508,2017-01-19,6.37,5982,2017-01-19
509,2017-01-20,2.77,6018,2017-01-20
510,2017-01-23,10.35,6215,2017-01-23
511,2017-01-24,12.28,6374,2017-01-24
512,2017-01-25,12.34,6647,2017-01-25
513,2017-01-26,10.91,6810,2017-01-26
514,2017-01-31,11.78,8288,2017-01-31
515,2017-02-01,12.26,8348,2017-02-01
516,2017-02-02,13.54,8547,2017-02-02
517,2017-02-03,11.42,8759,2017-02-03
518,2017-02-06,12.75,8472,2017-02-06
519,2017-02-07,10.14,8277,2017-02-07
520,2017-02-08,7.63,8093,2017-02-08
521,2017-02-09,10.83,8115,2017-02-09
522,2017-02-10,12.19,8238,2017-02-10
523,2017-02-13,11.68,8601,2017-02-13
524,2017-02-14,14.55,8732,2017-02-14
525,2017-02-15,12.98,8831,2017-02-15
526,2017-02-16,11.87,9098,2017-02-16
527,2017-02-17,10.48,9249,2017-02-17
528,2017-02-20,13.48,9277,2017-02-20
529,2017-02-21,15.32,9454,2017-02-21
530,2017-02-22,1.61,9608,2017-02-22
531,2017-02-23,15.2,9594,2017-02-23
532,2017-02-24,16.43,9537,2017-02-24
533,2017-02-27,15.67,9600,2017-02-27
534,2017-02-28,16.29,9526,2017-02-28
535,2017-03-02,12.21,9483,2017-03-02
536,2017-03-03,16.7,9485,2017-03-03
537,2017-03-06,18.32,9641,2017-03-06
538,2017-03-07,18.19,9499,2017-03-07
539,2017-03-08,12.97,9345,2017-03-08
540,2017-03-09,16.94,9199,2017-03-09
541,2017-03-10,18.54,9008,2017-03-10
542,2017-03-13,17.39,7759,2017-03-13
543,2017-03-14,18.78,7410,2017-03-14
544,2017-03-15,18.31,7206,2017-03-15
545,2017-03-16,16.84,7069,2017-03-16
546,2017-03-17,18.66,6947,2017-03-17
547,2017-03-20,6.56,6476,2017-03-20
548,2017-03-21,18.49,6277,2017-03-21
549,2017-03-22,16.94,6172,2017-03-22
550,2017-03-23,15.64,6175,2017-03-23
551,2017-03-24,14.96,5976,2017-03-24
552,2017-03-27,9.18,5386,2017-03-27
553,2017-03-28,14.34,5235,2017-03-28
554,2017-03-29,18.99,5149,2017-03-29
555,2017-03-30,19.25,5053,2017-03-30
556,2017-03-31,7.39,4946,2017-03-31
557,2017-04-03,21.31,4958,2017-04-03
558,2017-04-04,20.09,5020,2017-04-04
559,2017-04-05,4.23,4980,2017-04-05
560,2017-04-06,9.14,4830,2017-04-06
561,2017-04-07,20.2,4675,2017-04-07
562,2017-04-10,21.96,4512,2017-04-10
563,2017-04-11,18.31,4462,2017-04-11
564,2017-04-12,22.79,4405,2017-04-12
565,2017-04-13,21.36,4406,2017-04-13
566,2017-04-14,14.5,4469,2017-04-14
567,2017-04-17,3.38,4570,2017-04-17
568,2017-04-18,12.25,4624,2017-04-18
569,2017-04-19,24.06,4641,2017-04-19
570,2017-04-20,6.38,4636,2017-04-20
571,2017-04-21,20.62,4649,2017-04-21
572,2017-04-24,24.37,4739,2017-04-24
573,2017-04-25,17.67,4751,2017-04-25
574,2017-04-26,22.43,4780,2017-04-26
575,2017-04-27,25.66,4865,2017-04-27
576,2017-04-28,23.08,4948,2017-04-28
577,2017-05-02,21.65,5188,2017-05-02
578,2017-05-04,19.89,5468,2017-05-04
579,2017-05-08,15.25,5360,2017-05-08
580,2017-05-10,9.33,5277,2017-05-10
581,2017-05-11,13.06,5209,2017-05-11
582,2017-05-12,9.87,5081,2017-05-12
583,2017-05-15,25.57,4647,2017-05-15
584,2017-05-16,19.1,4546,2017-05-16
585,2017-05-17,24.11,4437,2017-05-17
586,2017-05-18,23.29,4383,2017-05-18
587,2017-05-19,26.23,4302,2017-05-19
588,2017-05-22,25.86,4255,2017-05-22
589,2017-05-23,16.12,4228,2017-05-23
590,2017-05-24,16,4183,2017-05-24
591,2017-05-25,25.99,4145,2017-05-25
592,2017-05-26,27.54,4108,2017-05-26
593,2017-05-29,24.58,3958,2017-05-29
594,2017-05-30,21.39,3876,2017-05-30
595,2017-05-31,20.01,3876,2017-05-31
596,2017-06-01,18.98,3878,2017-06-01
597,2017-06-02,27.08,3824,2017-06-02
598,2017-06-05,26.18,3758,2017-06-05
599,2017-06-07,2.98,3784,2017-06-07
600,2017-06-08,20.57,3796,2017-06-08
601,2017-06-09,22.25,3788,2017-06-09
602,2017-06-12,22.34,3661,2017-06-12
603,2017-06-13,20.82,3559,2017-06-13
604,2017-06-14,22.99,3506,2017-06-14
605,2017-06-15,25.66,3462,2017-06-15
606,2017-06-16,24.87,3485,2017-06-16
607,2017-06-19,24.42,3608,2017-06-19
608,2017-06-20,18.19,3633,2017-06-20
609,2017-06-21,20.45,3674,2017-06-21
610,2017-06-22,21.89,3666,2017-06-22
611,2017-06-23,25.84,3632,2017-06-23
612,2017-06-26,16.87,3471,2017-06-26
613,2017-06-27,15.44,3432,2017-06-27
614,2017-06-28,16.18,3439,2017-06-28
615,2017-06-29,20.04,3475,2017-06-29
616,2017-06-30,18.01,3492,2017-06-30
617,2017-07-03,5.89,3455,2017-07-03
618,2017-07-04,16.1,3473,2017-07-04
619,2017-07-05,17.4,3495,2017-07-05
620,2017-07-06,14.37,3489,2017-07-06
621,2017-07-07,8.47,3467,2017-07-07
622,2017-07-10,4.89,3595,2017-07-10
623,2017-07-11,18.07,3658,2017-07-11
624,2017-07-12,18.81,3697,2017-07-12
625,2017-07-13,22.48,3745,2017-07-13
626,2017-07-14,19.52,3804,2017-07-14
627,2017-07-17,7.01,3923,2017-07-17
628,2017-07-18,12.91,3924,2017-07-18
629,2017-07-19,16.45,3982,2017-07-19
630,2017-07-20,19.12,3913,2017-07-20
631,2017-07-21,18.16,3801,2017-07-21
632,2017-07-24,6.55,3619,2017-07-24
633,2017-07-25,17.87,3672,2017-07-25
634,2017-07-26,26.1,3730,2017-07-26
635,2017-07-27,21.15,3762,2017-07-27
636,2017-07-28,8.17,3757,2017-07-28
637,2017-07-31,2.67,3774,2017-07-31
638,2017-08-01,18.95,3688,2017-08-01
639,2017-08-02,16.07,3623,2017-08-02
640,2017-08-03,23.3,3590,2017-08-03
641,2017-08-04,21.11,3523,2017-08-04
642,2017-08-07,22.1,3688,2017-08-07
643,2017-08-08,14.7,3601,2017-08-08
644,2017-08-09,5.2,3464,2017-08-09
645,2017-08-10,10.93,3362,2017-08-10
646,2017-08-11,17.33,3486,2017-08-11
647,2017-08-14,4.37,3644,2017-08-14
648,2017-08-16,11.99,3706,2017-08-16
649,2017-08-17,17.12,3626,2017-08-17
650,2017-08-18,14.43,3574,2017-08-18
651,2017-08-21,8.02,3644,2017-08-21
652,2017-08-22,16.9,3677,2017-08-22
653,2017-08-23,16.59,3673,2017-08-23
654,2017-08-24,9.79,3692,2017-08-24
655,2017-08-25,20.18,3777,2017-08-25
656,2017-08-28,10.54,4389,2017-08-28
657,2017-08-29,21.31,4612,2017-08-29
658,2017-08-30,7.43,4812,2017-08-30
659,2017-08-31,21.96,4872,2017-08-31
660,2017-09-01,23.1,4851,2017-09-01
661,2017-09-04,19.45,5083,2017-09-04
662,2017-09-05,6.26,5092,2017-09-05
663,2017-09-06,4.71,5160,2017-09-06
664,2017-09-07,16.34,5252,2017-09-07
665,2017-09-08,14.03,5282,2017-09-08
666,2017-09-11,7.02,5376,2017-09-11
667,2017-09-12,16.94,5423,2017-09-12
668,2017-09-13,21.05,5547,2017-09-13
669,2017-09-14,20.52,5731,2017-09-14
670,2017-09-15,17.76,5740,2017-09-15
671,2017-09-18,18.17,5428,2017-09-18
672,2017-09-19,10.02,5343,2017-09-19
673,2017-09-20,20.25,5242,2017-09-20
674,2017-09-21,20.04,5063,2017-09-21
675,2017-09-22,17.99,4880,2017-09-22
676,2017-09-25,14.73,4367,2017-09-25
677,2017-09-26,16.82,4217,2017-09-26
678,2017-09-27,6.25,4050,2017-09-27
679,2017-09-28,18.01,3995,2017-09-28
680,2017-09-29,16.83,3913,2017-09-29
681,2017-10-10,9.56,2955,2017-10-10
682,2017-10-11,4.16,2926,2017-10-11
683,2017-10-12,2.78,2992,2017-10-12
684,2017-10-13,14.59,3062,2017-10-13
685,2017-10-16,9.67,3413,2017-10-16
686,2017-10-17,15.25,3579,2017-10-17
687,2017-10-18,5.59,3638,2017-10-18
688,2017-10-19,11.18,3624,2017-10-19
689,2017-10-20,14.99,3609,2017-10-20
690,2017-10-23,14.34,3547,2017-10-23
691,2017-10-24,13.19,3544,2017-10-24
692,2017-10-25,13.41,3567,2017-10-25
693,2017-10-26,11.2,3573,2017-10-26
694,2017-10-27,9.38,3633,2017-10-27
695,2017-10-30,14.12,3937,2017-10-30
696,2017-10-31,13.7,4077,2017-10-31
697,2017-11-01,10.18,4209,2017-11-01
698,2017-11-02,6.75,4305,2017-11-02
699,2017-11-03,5.25,4440,2017-11-03
700,2017-11-06,12.27,4652,2017-11-06
701,2017-11-07,11.07,4670,2017-11-07
702,2017-11-08,9.79,4724,2017-11-08
703,2017-11-09,11.97,4735,2017-11-09
704,2017-11-10,6.55,4775,2017-11-10
705,2017-11-13,5.62,5012,2017-11-13
706,2017-11-14,10.26,5083,2017-11-14
707,2017-11-15,8.8,5117,2017-11-15
708,2017-11-16,11.6,5110,2017-11-16
709,2017-11-17,5.5,5126,2017-11-17
710,2017-11-20,9.38,5128,2017-11-20
711,2017-11-21,10.46,5103,2017-11-21
712,2017-11-22,3.97,5083,2017-11-22
713,2017-11-23,5.92,5066,2017-11-23
714,2017-11-24,5.01,5054,2017-11-24
715,2017-11-27,10.1,5004,2017-11-27
716,2017-11-28,6.07,4991,2017-11-28
717,2017-11-29,9.05,4974,2017-11-29
718,2017-11-30,10.63,5006,2017-11-30
719,2017-12-04,9.34,4976,2017-12-04
720,2017-12-05,10.22,4981,2017-12-05
721,2017-12-06,7.34,4953,2017-12-06
722,2017-12-07,5.46,4935,2017-12-07
723,2017-12-08,9.92,4837,2017-12-08
724,2017-12-11,5.67,4558,2017-12-11
725,2017-12-12,10.3,4509,2017-12-12
726,2017-12-13,10.22,4481,2017-12-13
727,2017-12-14,7.67,4499,2017-12-14
728,2017-12-15,6.36,4569,2017-12-15
729,2017-12-18,8.52,5041,2017-12-18
730,2017-12-19,8.93,5149,2017-12-19
731,2017-12-20,8.22,5181,2017-12-20
732,2017-12-21,10.21,5257,2017-12-21
733,2017-12-22,6.82,5435,2017-12-22
734,2017-12-26,8.87,5820,2017-12-26
735,2017-12-27,10.18,5964,2017-12-27
736,2017-12-28,6.27,5951,2017-12-28
737,2017-12-29,3.47,5929,2017-12-29
738,2018-01-02,4.89,5875,2018-01-02
739,2018-01-03,10.02,6022,2018-01-03
740,2018-01-04,7.67,6048,2018-01-04
741,2018-01-05,9.09,5965,2018-01-05
742,2018-01-08,2.22,5881,2018-01-08
743,2018-01-09,5.03,5791,2018-01-09
744,2018-01-10,8.47,5727,2018-01-10
745,2018-01-11,9.01,5706,2018-01-11
746,2018-01-12,10.91,5727,2018-01-12
747,2018-01-15,8.89,5787,2018-01-15
748,2018-01-16,3.5,5829,2018-01-16
749,2018-01-17,2.94,5971,2018-01-17
750,2018-01-18,5.69,6157,2018-01-18
751,2018-01-19,9.29,6346,2018-01-19
752,2018-01-22,5.27,6843,2018-01-22
753,2018-01-23,11.22,6851,2018-01-23
754,2018-01-24,12.15,6962,2018-01-24
755,2018-01-25,10.98,7052,2018-01-25
756,2018-01-26,11.42,7129,2018-01-26
757,2018-01-29,12.04,7893,2018-01-29
758,2018-01-30,11.34,8337,2018-01-30
759,2018-01-31,7.51,8465,2018-01-31
760,2018-02-01,12.8,8442,2018-02-01
761,2018-02-02,11.53,8581,2018-02-02
762,2018-02-05,12.52,8656,2018-02-05
763,2018-02-06,11.46,8472,2018-02-06
764,2018-02-07,13.82,8277,2018-02-07
765,2018-02-08,12.53,8083,2018-02-08
766,2018-02-09,9.21,8033,2018-02-09
767,2018-02-12,10.08,8431,2018-02-12
768,2018-02-13,14.49,8600,2018-02-13
769,2018-02-14,8.63,8625,2018-02-14
770,2018-02-19,11.8,8117,2018-02-19
771,2018-02-20,12.19,8071,2018-02-20
772,2018-02-21,13.37,8216,2018-02-21
773,2018-02-22,13.82,8416,2018-02-22
774,2018-02-23,9.21,8491,2018-02-23
775,2018-02-26,16.45,8497,2018-02-26
776,2018-02-27,11.97,8571,2018-02-27
777,2018-02-28,1.77,8634,2018-02-28
778,2018-03-02,17.32,8563,2018-03-02
779,2018-03-05,7.61,8844,2018-03-05
780,2018-03-06,17.93,8716,2018-03-06
781,2018-03-07,10.82,8454,2018-03-07
782,2018-03-08,3.71,8134,2018-03-08
783,2018-03-09,6.68,7846,2018-03-09
784,2018-03-12,16.79,6819,2018-03-12
785,2018-03-13,16.95,6423,2018-03-13
786,2018-03-14,17.52,6073,2018-03-14
787,2018-03-15,1.89,5918,2018-03-15
788,2018-03-16,8.24,5862,2018-03-16
789,2018-03-19,3.16,5745,2018-03-19
790,2018-03-20,13.12,5750,2018-03-20
791,2018-03-21,5.67,5597,2018-03-21
792,2018-03-22,18.48,5472,2018-03-22
793,2018-03-23,19.51,5464,2018-03-23
794,2018-03-26,17.54,5109,2018-03-26
795,2018-03-27,18.6,5043,2018-03-27
796,2018-03-28,18.78,4965,2018-03-28
797,2018-03-29,9.16,4861,2018-03-29
798,2018-03-30,11.52,4798,2018-03-30
799,2018-04-02,21.37,4726,2018-04-02
800,2018-04-03,16.31,4657,2018-04-03
801,2018-04-04,2.77,4588,2018-04-04
802,2018-04-05,3.07,4556,2018-04-05
803,2018-04-06,17.48,4553,2018-04-06
804,2018-04-09,23.23,4385,2018-04-09
805,2018-04-10,20.09,4508,2018-04-10
806,2018-04-11,24.86,4589,2018-04-11
807,2018-04-12,24.98,4619,2018-04-12
808,2018-04-13,14.13,4723,2018-04-13
809,2018-04-16,24.61,4941,2018-04-16
810,2018-04-17,21.96,5000,2018-04-17
811,2018-04-18,26.02,5057,2018-04-18
812,2018-04-19,25.76,5068,2018-04-19
813,2018-04-20,24.22,5064,2018-04-20
814,2018-04-23,2.72,5088,2018-04-23
815,2018-04-24,7.21,5090,2018-04-24
816,2018-04-25,27.5,5076,2018-04-25
817,2018-04-26,23.17,5101,2018-04-26
818,2018-04-27,23.46,5142,2018-04-27
819,2018-04-30,22.44,5268,2018-04-30
820,2018-05-02,8.83,5319,2018-05-02
821,2018-05-03,22.61,5371,2018-05-03
822,2018-05-04,28.53,5450,2018-05-04
823,2018-05-08,19.24,5306,2018-05-08
824,2018-05-09,27.73,5269,2018-05-09
825,2018-05-10,25.9,5249,2018-05-10
826,2018-05-11,23.76,5168,2018-05-11
827,2018-05-14,24.83,4659,2018-05-14
828,2018-05-15,21.91,4547,2018-05-15
829,2018-05-16,4.03,4445,2018-05-16
830,2018-05-17,11.09,4333,2018-05-17
831,2018-05-18,5.38,4268,2018-05-18
832,2018-05-21,25.28,4135,2018-05-21
833,2018-05-23,29.88,4147,2018-05-23
834,2018-05-24,28.71,4174,2018-05-24
835,2018-05-25,25.76,4189,2018-05-25
836,2018-05-28,28.38,4103,2018-05-28
837,2018-05-29,19.27,4043,2018-05-29
838,2018-05-30,21.69,4021,2018-05-30
839,2018-05-31,29.05,4053,2018-05-31
840,2018-06-01,29.17,4066,2018-06-01
841,2018-06-04,22.73,3907,2018-06-04
842,2018-06-05,20.29,3948,2018-06-05
843,2018-06-07,25.44,3978,2018-06-07
844,2018-06-08,17.37,3998,2018-06-08
845,2018-06-11,12.7,3872,2018-06-11
846,2018-06-12,19.95,3775,2018-06-12
847,2018-06-14,20.51,3561,2018-06-14
848,2018-06-15,28.19,3545,2018-06-15
849,2018-06-18,24.42,3658,2018-06-18
850,2018-06-19,7.6,3659,2018-06-19
851,2018-06-20,22.34,3679,2018-06-20
852,2018-06-21,27.4,3720,2018-06-21
853,2018-06-22,27.34,3701,2018-06-22
854,2018-06-25,19.98,3617,2018-06-25
855,2018-06-26,1.26,3630,2018-06-26
856,2018-06-27,22.13,3623,2018-06-27
857,2018-06-28,6.45,3640,2018-06-28
858,2018-06-29,23.9,3652,2018-06-29
859,2018-07-02,7.83,3673,2018-07-02
860,2018-07-03,17.14,3623,2018-07-03
861,2018-07-04,16.45,3618,2018-07-04
862,2018-07-05,17.15,3631,2018-07-05
863,2018-07-06,10.08,3644,2018-07-06
864,2018-07-09,3.3,3694,2018-07-09
865,2018-07-10,14.67,3800,2018-07-10
866,2018-07-11,16.5,3915,2018-07-11
867,2018-07-12,21.79,3992,2018-07-12
868,2018-07-13,21.62,4049,2018-07-13
869,2018-07-16,25.65,4247,2018-07-16
870,2018-07-17,24.44,4244,2018-07-17
871,2018-07-18,22.67,4266,2018-07-18
872,2018-07-19,27.97,4307,2018-07-19
873,2018-07-20,27.18,4251,2018-07-20
874,2018-07-23,22.36,4069,2018-07-23
875,2018-07-24,25.97,4078,2018-07-24
876,2018-07-25,21.5,4135,2018-07-25
877,2018-07-26,23.84,4241,2018-07-26
878,2018-07-27,23.72,4326,2018-07-27
879,2018-07-30,23.24,4391,2018-07-30
880,2018-07-31,24.72,4450,2018-07-31
881,2018-08-01,26.59,4411,2018-08-01
882,2018-08-02,23.82,4343,2018-08-02
883,2018-08-03,27.45,4226,2018-08-03
884,2018-08-06,16.26,4042,2018-08-06
885,2018-08-07,18.95,3856,2018-08-07
886,2018-08-08,22.43,3635,2018-08-08
887,2018-08-09,18.54,3464,2018-08-09
888,2018-08-10,22.19,3362,2018-08-10
889,2018-08-13,21.17,3553,2018-08-13
890,2018-08-14,21.04,3577,2018-08-14
891,2018-08-16,18.49,3630,2018-08-16
892,2018-08-17,25.1,3660,2018-08-17
893,2018-08-20,19.54,3856,2018-08-20
894,2018-08-21,8.67,3904,2018-08-21
895,2018-08-22,24.14,3988,2018-08-22
896,2018-08-23,8.99,4040,2018-08-23
897,2018-08-24,5.71,4108,2018-08-24
898,2018-08-27,3.57,4584,2018-08-27
899,2018-08-28,8.49,4768,2018-08-28
900,2018-08-29,17.17,5020,2018-08-29
901,2018-08-30,13.78,5192,2018-08-30
902,2018-08-31,12.19,5221,2018-08-31
903,2018-09-03,11.67,5430,2018-09-03
904,2018-09-04,20.45,5525,2018-09-04
905,2018-09-05,21.19,5576,2018-09-05
906,2018-09-06,11.42,5666,2018-09-06
907,2018-09-07,13.42,5697,2018-09-07
908,2018-09-10,17.45,5724,2018-09-10
909,2018-09-11,18.09,5720,2018-09-11
910,2018-09-12,22.63,5676,2018-09-12
911,2018-09-13,6.31,5676,2018-09-13
912,2018-09-14,7.44,5758,2018-09-14
913,2018-09-17,21.07,5433,2018-09-17
914,2018-09-18,19.95,5238,2018-09-18
915,2018-09-19,8.06,5132,2018-09-19
916,2018-09-20,4.55,5091,2018-09-20
917,2018-09-21,4.44,5034,2018-09-21
918,2018-09-27,19.2,3977,2018-09-27
919,2018-09-28,8.85,3887,2018-09-28
920,2018-10-01,11.61,3501,2018-10-01
921,2018-10-02,19.29,3420,2018-10-02
922,2018-10-04,19.07,3392,2018-10-04
923,2018-10-05,3.19,3391,2018-10-05
924,2018-10-08,16.79,3353,2018-10-08
925,2018-10-10,15.59,3296,2018-10-10
926,2018-10-11,17.91,3176,2018-10-11
927,2018-10-12,18.11,3053,2018-10-12
928,2018-10-15,13.28,3031,2018-10-15
929,2018-10-16,8.1,3095,2018-10-16
930,2018-10-17,15.49,3133,2018-10-17
931,2018-10-18,14.93,3156,2018-10-18
932,2018-10-19,17.15,3189,2018-10-19
933,2018-10-22,10.53,3225,2018-10-22
934,2018-10-23,8.37,3197,2018-10-23
935,2018-10-24,14.33,3196,2018-10-24
936,2018-10-25,15.16,3187,2018-10-25
937,2018-10-26,1.49,3172,2018-10-26
938,2018-10-29,9.53,3376,2018-10-29
939,2018-10-30,14.99,3502,2018-10-30
940,2018-10-31,14.99,3653,2018-10-31
941,2018-11-01,14.75,3814,2018-11-01
942,2018-11-02,14.58,3959,2018-11-02
943,2018-11-05,10.94,4337,2018-11-05
944,2018-11-06,10.37,4376,2018-11-06
945,2018-11-07,2.46,4446,2018-11-07
946,2018-11-08,0.88,4526,2018-11-08
947,2018-11-09,7.25,4503,2018-11-09
948,2018-11-12,12.95,4593,2018-11-12
949,2018-11-13,10.51,4663,2018-11-13
950,2018-11-14,12.09,4678,2018-11-14
951,2018-11-15,10.46,4637,2018-11-15
952,2018-11-16,7.54,4602,2018-11-16
953,2018-11-19,9.08,4621,2018-11-19
954,2018-11-20,11.72,4577,2018-11-20
955,2018-11-21,2.24,4524,2018-11-21
956,2018-11-22,11.77,4472,2018-11-22
957,2018-11-23,11.31,4404,2018-11-23
958,2018-11-26,10.58,4236,2018-11-26
959,2018-11-27,9.12,4227,2018-11-27
960,2018-11-28,7.07,4181,2018-11-28
961,2018-11-29,6.52,4125,2018-11-29
962,2018-11-30,10.79,4115,2018-11-30
963,2018-12-03,1.99,3996,2018-12-03
964,2018-12-04,2.87,3980,2018-12-04
965,2018-12-05,7.42,3986,2018-12-05
966,2018-12-06,5.37,3980,2018-12-06
967,2018-12-10,10.93,3873,2018-12-10
968,2018-12-11,1.95,3898,2018-12-11
969,2018-12-12,10.88,3904,2018-12-12
970,2018-12-13,6.23,3887,2018-12-13
971,2018-12-14,10.66,3897,2018-12-14
972,2018-12-17,9.74,4223,2018-12-17
973,2018-12-18,8.28,4367,2018-12-18
974,2018-12-19,8.7,4447,2018-12-19
975,2018-12-20,7.09,4468,2018-12-20
976,2018-12-21,7.18,4533,2018-12-21
977,2018-12-24,10.6,4827,2018-12-24
978,2018-12-26,9.16,4832,2018-12-26
979,2018-12-27,10.85,4950,2018-12-27
980,2018-12-28,10.65,5007,2018-12-28
981,2018-12-31,10.62,4823,2018-12-31
982,2019-01-02,10.49,4839,2019-01-02
983,2019-01-03,11.02,4980,2019-01-03
984,2019-01-04,6.29,4998,2019-01-04
985,2019-01-07,9.35,5039,2019-01-07
986,2019-01-08,10.53,5065,2019-01-08
987,2019-01-09,9.45,5040,2019-01-09
988,2019-01-10,3.83,4980,2019-01-10
989,2019-01-11,8.55,4955,2019-01-11
990,2019-01-14,7.22,5069,2019-01-14
991,2019-01-15,4.51,5166,2019-01-15
992,2019-01-16,11.22,5335,2019-01-16
993,2019-01-17,5.67,5568,2019-01-17
994,2019-01-18,10.32,5913,2019-01-18
995,2019-01-21,9.83,6708,2019-01-21
996,2019-01-22,9.89,6843,2019-01-22
997,2019-01-23,10.96,6923,2019-01-23
998,2019-01-24,12.64,6960,2019-01-24
999,2019-01-25,12.1,6956,2019-01-25
1000,2019-01-28,11.8,7224,2019-01-28
1001,2019-01-29,13.21,7600,2019-01-29
1002,2019-01-30,11.02,7926,2019-01-30
1003,2019-01-31,5.3,8081,2019-01-31
1004,2019-02-01,12.09,8230,2019-02-01
1005,2019-02-07,12.06,8780,2019-02-07
1006,2019-02-08,13.61,8715,2019-02-08
1007,2019-02-11,15.48,8975,2019-02-11
1008,2019-02-12,11.89,9075,2019-02-12
1009,2019-02-13,13.97,9161,2019-02-13
1010,2019-02-14,14.7,9088,2019-02-14
1011,2019-02-15,5.21,8902,2019-02-15
1012,2019-02-18,10.43,8566,2019-02-18
1013,2019-02-19,1.57,8508,2019-02-19
1014,2019-02-20,8.14,8356,2019-02-20
1015,2019-02-21,14.05,8124,2019-02-21
1016,2019-02-22,11.97,7908,2019-02-22
1017,2019-02-25,15.77,7649,2019-02-25
1018,2019-02-26,16.95,7497,2019-02-26
1019,2019-02-27,5.98,7499,2019-02-27
1020,2019-02-28,13.75,7611,2019-02-28
1021,2019-03-04,14.6,7410,2019-03-04
1022,2019-03-05,10.6,7450,2019-03-05
1023,2019-03-06,14.03,7387,2019-03-06
1024,2019-03-07,11.48,7227,2019-03-07
1025,2019-03-08,19.54,7057,2019-03-08
1026,2019-03-11,8.52,6315,2019-03-11
1027,2019-03-12,5.46,6162,2019-03-12
1028,2019-03-13,17.54,5995,2019-03-13
1029,2019-03-14,16.11,5883,2019-03-14
1030,2019-03-15,13.65,5919,2019-03-15
1031,2019-03-18,16.28,5884,2019-03-18
1032,2019-03-19,18.06,5982,2019-03-19
1033,2019-03-20,5.32,6067,2019-03-20
1034,2019-03-21,7.86,5932,2019-03-21
1035,2019-03-22,22.36,5767,2019-03-22
1036,2019-03-25,16.7,5460,2019-03-25
1037,2019-03-26,21.04,5315,2019-03-26
1038,2019-03-27,16.77,5165,2019-03-27
1039,2019-03-28,18.04,5040,2019-03-28
1040,2019-03-29,20.79,4980,2019-03-29
1041,2019-04-01,17.14,4750,2019-04-01
1042,2019-04-02,24.47,4792,2019-04-02
1043,2019-04-03,24.37,4824,2019-04-03
1044,2019-04-04,24.3,4810,2019-04-04
1045,2019-04-05,16.23,4742,2019-04-05
1046,2019-04-08,22.77,4487,2019-04-08
1047,2019-04-09,8.31,4466,2019-04-09
1048,2019-04-10,6.84,4571,2019-04-10
1049,2019-04-11,16.14,4612,2019-04-11
1050,2019-04-12,24.94,4625,2019-04-12
1051,2019-04-15,25.05,4944,2019-04-15
1052,2019-04-16,23.14,4954,2019-04-16
1053,2019-04-17,25.55,5004,2019-04-17
1054,2019-04-18,14.89,5063,2019-04-18
1055,2019-04-19,11.64,5068,2019-04-19
1056,2019-04-22,26.31,5067,2019-04-22
1057,2019-04-23,10.02,5120,2019-04-23
1058,2019-04-24,11.43,5152,2019-04-24
1059,2019-04-25,3.74,5137,2019-04-25
1060,2019-04-26,4.8,5153,2019-04-26
1061,2019-04-29,7.96,5302,2019-04-29
1062,2019-04-30,21.52,5318,2019-04-30
1063,2019-05-02,28.27,5360,2019-05-02
1064,2019-05-03,27.77,5397,2019-05-03
1065,2019-05-07,29.26,5419,2019-05-07
1066,2019-05-08,25.01,5326,2019-05-08
1067,2019-05-09,27.04,5293,2019-05-09
1068,2019-05-10,28.05,5264,2019-05-10
1069,2019-05-13,18.45,4820,2019-05-13
1070,2019-05-14,27.09,4686,2019-05-14
1071,2019-05-15,23.26,4575,2019-05-15
1072,2019-05-16,26.22,4459,2019-05-16
1073,2019-05-17,16.15,4337,2019-05-17
1074,2019-05-20,21.6,4133,2019-05-20
1075,2019-05-21,30.7,4150,2019-05-21
1076,2019-05-22,29.94,4188,2019-05-22
1077,2019-05-23,29.47,4221,2019-05-23
1078,2019-05-24,28.46,4272,2019-05-24
1079,2019-05-27,3.15,4303,2019-05-27
1080,2019-05-28,25.04,4284,2019-05-28
1081,2019-05-29,30.2,4259,2019-05-29
1082,2019-05-30,19.69,4187,2019-05-30
1083,2019-05-31,26.04,4147,2019-05-31
1084,2019-06-03,28.45,3948,2019-06-03
1085,2019-06-04,27.95,3924,2019-06-04
1086,2019-06-05,27.31,3968,2019-06-05
1087,2019-06-07,6.46,3980,2019-06-07
1088,2019-06-10,16.45,3845,2019-06-10
1089,2019-06-11,24.11,3871,2019-06-11
1090,2019-06-12,27.04,3814,2019-06-12
1091,2019-06-13,28.73,3690,2019-06-13
1092,2019-06-14,12.93,3623,2019-06-14
1093,2019-06-17,26.46,3595,2019-06-17
1094,2019-06-18,14.71,3588,2019-06-18
1095,2019-06-19,13.19,3583,2019-06-19
1096,2019-06-20,22.18,3605,2019-06-20
1097,2019-06-21,23.95,3635,2019-06-21
1098,2019-06-24,28.6,3650,2019-06-24
1099,2019-06-25,30.31,3622,2019-06-25
1100,2019-06-26,8.64,3637,2019-06-26
1101,2019-06-27,13.97,3665,2019-06-27
1102,2019-06-28,21.19,3711,2019-06-28
1103,2019-07-01,16.15,3834,2019-07-01
1104,2019-07-02,25.95,3847,2019-07-02
1105,2019-07-03,19.71,3834,2019-07-03
1106,2019-07-04,28.01,3817,2019-07-04
1107,2019-07-05,29.12,3853,2019-07-05
1108,2019-07-08,21.21,3833,2019-07-08
1109,2019-07-09,24.23,3854,2019-07-09
1110,2019-07-10,7.69,3908,2019-07-10
1111,2019-07-11,5.88,4010,2019-07-11
1112,2019-07-12,11.96,4083,2019-07-12
1113,2019-07-15,14.18,4302,2019-07-15
1114,2019-07-16,18.54,4340,2019-07-16
1115,2019-07-17,17.71,4411,2019-07-17
1116,2019-07-18,21.37,4441,2019-07-18
1117,2019-07-19,15.89,4460,2019-07-19
1118,2019-07-22,19.74,4357,2019-07-22
1119,2019-07-23,23.13,4288,2019-07-23
1120,2019-07-24,8.83,4265,2019-07-24
1121,2019-07-25,2.48,4335,2019-07-25
1122,2019-07-26,6.62,4430,2019-07-26
1123,2019-07-29,24.84,4501,2019-07-29
1124,2019-07-30,20.37,4447,2019-07-30
1125,2019-07-31,17.16,4378,2019-07-31
1126,2019-08-01,20.52,4299,2019-08-01
1127,2019-08-02,26.96,4256,2019-08-02
1128,2019-08-05,17.16,4032,2019-08-05
1129,2019-08-06,17.73,4044,2019-08-06
1130,2019-08-07,22.31,4023,2019-08-07
1131,2019-08-08,13.62,3923,2019-08-08
1132,2019-08-09,23.26,3837,2019-08-09
1133,2019-08-12,12.5,4025,2019-08-12
1134,2019-08-13,23.99,4138,2019-08-13
1135,2019-08-14,21.01,4144,2019-08-14
1136,2019-08-16,17.83,4225,2019-08-16
1137,2019-08-19,20.69,4450,2019-08-19
1138,2019-08-20,23.28,4548,2019-08-20
1139,2019-08-21,20.52,4619,2019-08-21
1140,2019-08-22,13.04,4777,2019-08-22
1141,2019-08-23,16.78,4868,2019-08-23
1142,2019-08-26,24.77,5275,2019-08-26
1143,2019-08-27,9.35,5409,2019-08-27
1144,2019-08-28,16.1,5517,2019-08-28
1145,2019-08-29,9.25,5607,2019-08-29
1146,2019-08-30,20.35,5690,2019-08-30
1147,2019-09-02,11.38,5785,2019-09-02
1148,2019-09-03,6.16,5850,2019-09-03
1149,2019-09-04,9.54,5961,2019-09-04
1150,2019-09-05,8.76,6121,2019-09-05
1151,2019-09-06,10.18,6312,2019-09-06
1152,2019-09-09,6.14,6503,2019-09-09
1153,2019-09-10,16.96,6528,2019-09-10
1154,2019-09-11,5.62,6560,2019-09-11
1155,2019-09-16,21.03,6540,2019-09-16
1156,2019-09-17,23.2,6518,2019-09-17
1157,2019-09-18,22.95,6431,2019-09-18
1158,2019-09-19,21.55,6365,2019-09-19
1159,2019-09-20,10.43,6325,2019-09-20
1160,2019-09-23,12.72,5585,2019-09-23
1161,2019-09-24,20.37,5486,2019-09-24
1162,2019-09-25,15.72,5381,2019-09-25
1163,2019-09-26,12.71,5185,2019-09-26
1164,2019-09-27,19.2,4874,2019-09-27
1165,2019-09-30,19.81,4276,2019-09-30
1166,2019-10-01,9.03,4168,2019-10-01
1167,2019-10-02,1.78,4083,2019-10-02
1168,2019-10-04,14.41,3988,2019-10-04
1169,2019-10-07,3.1,3851,2019-10-07
1170,2019-10-08,15.47,3844,2019-10-08
1171,2019-10-10,8.01,3789,2019-10-10
1172,2019-10-11,16.46,3676,2019-10-11
1173,2019-10-14,12.89,3474,2019-10-14
1174,2019-10-15,17,3521,2019-10-15
1175,2019-10-16,16.15,3560,2019-10-16
1176,2019-10-17,11.23,3580,2019-10-17
1177,2019-10-18,8.85,3607,2019-10-18
1178,2019-10-21,16.18,3739,2019-10-21
1179,2019-10-22,15.75,3737,2019-10-22
1180,2019-10-23,6.65,3736,2019-10-23
1181,2019-10-24,13.23,3743,2019-10-24
1182,2019-10-25,13.27,3731,2019-10-25
1183,2019-10-28,14.82,3804,2019-10-28
1184,2019-10-29,9.8,3837,2019-10-29
1185,2019-10-30,15.3,3925,2019-10-30
1186,2019-10-31,14.4,4021,2019-10-31
1187,2019-11-01,12.1,4111,2019-11-01
1188,2019-11-04,14.82,4523,2019-11-04
1189,2019-11-05,11.6,4552,2019-11-05
1190,2019-11-06,12.01,4580,2019-11-06
1191,2019-11-07,12.56,4668,2019-11-07
1192,2019-11-08,14.02,4768,2019-11-08
1193,2019-11-11,4.94,4726,2019-11-11
1194,2019-11-12,10.63,4765,2019-11-12
1195,2019-11-13,2.52,4775,2019-11-13
1196,2019-11-14,13.46,4753,2019-11-14
1197,2019-11-15,9.07,4703,2019-11-15
1198,2019-11-18,6.15,4659,2019-11-18
1199,2019-11-19,8.18,4648,2019-11-19
1200,2019-11-20,12.56,4608,2019-11-20
1201,2019-11-21,10.03,4548,2019-11-21
1202,2019-11-22,12.06,4484,2019-11-22
1203,2019-11-25,5.34,4303,2019-11-25
1204,2019-11-26,10.26,4268,2019-11-26
1205,2019-11-27,7.63,4231,2019-11-27
1206,2019-11-28,10.01,4151,2019-11-28
1207,2019-11-29,11.6,4063,2019-11-29
1208,2019-12-02,10.17,3901,2019-12-02
1209,2019-12-03,5.26,3895,2019-12-03
1210,2019-12-04,10.72,3888,2019-12-04
1211,2019-12-05,10.68,3889,2019-12-05
1212,2019-12-09,7.55,3792,2019-12-09
1213,2019-12-10,5.98,3778,2019-12-10
1214,2019-12-11,3.1,3790,2019-12-11
1215,2019-12-12,10.8,3798,2019-12-12
1216,2019-12-13,8.6,3778,2019-12-13
1217,2019-12-16,9.09,3990,2019-12-16
1218,2019-12-17,0.89,4142,2019-12-17
1219,2019-12-18,5.01,4302,2019-12-18
1220,2019-12-19,10.25,4370,2019-12-19
1221,2019-12-20,8.88,4388,2019-12-20
1222,2019-12-23,5.67,4709,2019-12-23
1223,2019-12-24,6.53,4760,2019-12-24
1224,2019-12-26,1.19,4788,2019-12-26
1225,2019-12-27,10.06,4934,2019-12-27
1226,2019-12-30,2.09,4906,2019-12-30
1227,2019-12-31,11.09,4803,2019-12-31
1228,2020-01-02,2.16,4732,2020-01-02
1229,2020-01-03,7.86,4760,2020-01-03
1230,2020-01-06,1.65,4489,2020-01-06
1231,2020-01-07,0.62,4442,2020-01-07
1232,2020-01-08,1.48,4370,2020-01-08
1233,2020-01-09,8.35,4293,2020-01-09
1234,2020-01-10,10.52,4238,2020-01-10
1235,2020-01-13,9.35,4273,2020-01-13
1236,2020-01-14,9.51,4297,2020-01-14
1237,2020-01-15,11.22,4467,2020-01-15
1238,2020-01-16,10.38,4595,2020-01-16
1239,2020-01-17,9.77,4707,2020-01-17
1240,2020-01-20,9.68,5320,2020-01-20
1241,2020-01-21,12.34,5366,2020-01-21
1242,2020-01-22,1.99,5507,2020-01-22
1243,2020-01-23,11.27,5722,2020-01-23
1244,2020-01-28,7.19,6709,2020-01-28
1245,2020-01-29,7.98,7179,2020-01-29
1246,2020-01-30,10.18,7410,2020-01-30
1247,2020-01-31,6.59,7527,2020-01-31
1248,2020-02-03,13.64,8136,2020-02-03
1249,2020-02-04,13.85,8226,2020-02-04
1250,2020-02-05,14.93,8425,2020-02-05
1251,2020-02-06,11.85,8552,2020-02-06
1252,2020-02-07,10.56,8496,2020-02-07
1253,2020-02-10,13.68,8373,2020-02-10
1254,2020-02-11,14.02,8337,2020-02-11
1255,2020-02-12,1.58,8313,2020-02-12
1256,2020-02-13,7.17,8272,2020-02-13
1257,2020-02-14,8.89,8180,2020-02-14
1258,2020-02-17,9.92,7749,2020-02-17
1259,2020-02-18,16.96,7731,2020-02-18
1260,2020-02-19,13.89,7716,2020-02-19
1261,2020-02-20,14.57,7660,2020-02-20
1262,2020-02-21,11.27,7427,2020-02-21
1263,2020-02-24,16.07,6955,2020-02-24
1264,2020-02-25,0.81,6932,2020-02-25
1265,2020-02-26,14.44,6815,2020-02-26
1266,2020-02-27,13.77,6888,2020-02-27
1267,2020-02-28,2.92,7143,2020-02-28
1268,2020-03-02,18.44,7093,2020-03-02
1269,2020-03-03,14.98,7008,2020-03-03
1270,2020-03-04,16.59,6980,2020-03-04
1271,2020-03-05,19.62,7004,2020-03-05
1272,2020-03-06,19.12,6935,2020-03-06
1273,2020-03-09,12.94,6290,2020-03-09
1274,2020-03-10,2.02,6153,2020-03-10
1275,2020-03-11,21.1,6039,2020-03-11
1276,2020-03-12,20.04,5962,2020-03-12
1277,2020-03-13,14.19,5876,2020-03-13
1278,2020-03-16,21.54,5908,2020-03-16
1279,2020-03-17,4.65,5876,2020-03-17
1280,2020-03-18,20.48,5875,2020-03-18
1281,2020-03-19,13.89,5943,2020-03-19
1282,2020-03-20,21.36,5951,2020-03-20
1283,2020-03-23,21.87,5745,2020-03-23
1284,2020-03-24,21.62,5755,2020-03-24
1285,2020-03-25,21.84,5688,2020-03-25
1286,2020-03-26,10.26,5561,2020-03-26
1287,2020-03-27,7.29,5340,2020-03-27
1288,2020-03-30,23.71,4963,2020-03-30
1289,2020-03-31,22.18,4879,2020-03-31
1290,2020-04-01,17.95,4799,2020-04-01
1291,2020-04-02,20.25,4708,2020-04-02
1292,2020-04-03,24.03,4624,2020-04-03
1293,2020-04-06,24.34,4483,2020-04-06
1294,2020-04-07,20.52,4404,2020-04-07
1295,2020-04-08,25.92,4375,2020-04-08
1296,2020-04-09,23.38,4359,2020-04-09
1297,2020-04-10,20.73,4451,2020-04-10
1298,2020-04-13,25.9,4533,2020-04-13
1299,2020-04-14,26.28,4600,2020-04-14
1300,2020-04-16,24.2,4581,2020-04-16
1301,2020-04-17,12.96,4551,2020-04-17
1302,2020-04-20,10.03,4451,2020-04-20
1303,2020-04-21,25.3,4436,2020-04-21
1304,2020-04-22,18.04,4410,2020-04-22
1305,2020-04-23,23.47,4386,2020-04-23
1306,2020-04-24,27.09,4362,2020-04-24
1307,2020-04-27,23.19,4416,2020-04-27
1308,2020-04-28,27.18,4440,2020-04-28
1309,2020-04-29,26.82,4533,2020-04-29
1310,2020-05-04,20.54,5162,2020-05-04
1311,2020-05-06,25.9,5205,2020-05-06
1312,2020-05-07,28.01,5197,2020-05-07
1313,2020-05-08,24.07,5226,2020-05-08
1314,2020-05-11,24.97,5130,2020-05-11
1315,2020-05-12,22.38,4959,2020-05-12
1316,2020-05-13,29.12,4781,2020-05-13
1317,2020-05-14,23.55,4626,2020-05-14
1318,2020-05-15,3.62,4475,2020-05-15
1319,2020-05-18,19.11,4186,2020-05-18
1320,2020-05-19,12.09,4143,2020-05-19
1321,2020-05-20,28.14,4093,2020-05-20
1322,2020-05-21,25.7,4120,2020-05-21
1323,2020-05-22,22.64,4192,2020-05-22
1324,2020-05-25,11.8,4327,2020-05-25
1325,2020-05-26,23.35,4362,2020-05-26
1326,2020-05-27,28.48,4370,2020-05-27
1327,2020-05-28,25.04,4351,2020-05-28
1328,2020-05-29,28.11,4313,2020-05-29
1329,2020-06-01,29.24,4133,2020-06-01
1330,2020-06-01,29.24,4133,2020-06-01
1331,2020-06-02,12.53,4053,2020-06-02
1332,2020-06-02,12.53,4053,2020-06-02
1333,2020-06-03,22.58,3958,2020-06-03
1334,2020-06-03,22.58,3958,2020-06-03
1335,2020-06-04,27.19,3943,2020-06-04
1336,2020-06-04,27.19,3943,2020-06-04
1337,2020-06-05,23.09,3987,2020-06-05
1338,2020-06-05,23.09,3987,2020-06-05
1339,2020-06-08,27.75,4026,2020-06-08
1340,2020-06-08,27.75,4026,2020-06-08
1341,2020-06-09,28.46,3949,2020-06-09
1342,2020-06-09,28.46,3949,2020-06-09
1343,2020-06-10,24.28,3910,2020-06-10
1344,2020-06-10,24.28,3910,2020-06-10
1345,2020-06-11,24.82,3972,2020-06-11
1346,2020-06-11,24.82,3972,2020-06-11
1347,2020-06-12,9.14,3943,2020-06-12
1348,2020-06-12,9.14,3943,2020-06-12
1349,2020-06-15,27,3683,2020-06-15
1350,2020-06-15,27,3683,2020-06-15
1351,2020-06-16,25.74,3644,2020-06-16
1352,2020-06-16,25.74,3644,2020-06-16
1353,2020-06-17,19.18,3668,2020-06-17
1354,2020-06-17,19.18,3668,2020-06-17
1355,2020-06-18,10.44,3642,2020-06-18
1356,2020-06-18,10.44,3642,2020-06-18
1357,2020-06-19,26.4,3609,2020-06-19
1358,2020-06-19,26.4,3609,2020-06-19
1359,2020-06-22,27.71,3661,2020-06-22
1360,2020-06-22,27.71,3661,2020-06-22
1361,2020-06-23,20.18,3684,2020-06-23
1362,2020-06-23,20.18,3684,2020-06-23
1363,2020-06-24,5.12,3682,2020-06-24
1364,2020-06-24,5.12,3682,2020-06-24
1365,2020-06-25,4.94,3636,2020-06-25
1366,2020-06-25,4.94,3636,2020-06-25
1367,2020-06-26,22.39,3657,2020-06-26
1368,2020-06-26,22.39,3657,2020-06-26
1369,2020-06-29,10.36,3778,2020-06-29
1370,2020-06-29,10.36,3778,2020-06-29
1371,2020-06-30,4.91,3850,2020-06-30
1372,2020-06-30,4.91,3850,2020-06-30
1373,2020-07-01,11.87,3839,2020-07-01
1374,2020-07-02,24.79,3840,2020-07-02
1375,2020-07-03,11.93,3838,2020-07-03
1376,2020-07-06,22.76,3897,2020-07-06
1377,2020-07-07,15.47,3884,2020-07-07
1378,2020-07-08,23.09,3945,2020-07-08
1379,2020-07-09,27.61,4032,2020-07-09
1380,2020-07-10,14.95,4128,2020-07-10
1381,2020-07-13,3.87,4464,2020-07-13
1382,2020-07-14,8.8,4529,2020-07-14
1383,2020-07-15,14.61,4550,2020-07-15
1384,2020-07-16,19.7,4545,2020-07-16
1385,2020-07-17,26.17,4548,2020-07-17
1386,2020-07-20,9.03,4505,2020-07-20
1387,2020-07-21,22.51,4482,2020-07-21
1388,2020-07-22,5.27,4553,2020-07-22
1389,2020-07-23,3.71,4540,2020-07-23
1390,2020-07-24,10.46,4528,2020-07-24
1391,2020-07-27,10.5,4689,2020-07-27
1392,2020-07-28,9.26,4726,2020-07-28
1393,2020-07-29,5.04,4654,2020-07-29
1394,2020-07-30,7.52,4588,2020-07-30
1395,2020-07-31,17.01,4534,2020-07-31
1396,2020-08-03,4.44,4407,2020-08-03
1397,2020-08-04,16.67,4312,2020-08-04
1398,2020-08-05,10.21,4292,2020-08-05
1399,2020-08-06,4.1,4362,2020-08-06
1400,2020-08-07,4.81,4384,2020-08-07
1401,2020-08-10,9.37,4368,2020-08-10
1402,2020-08-11,6.31,4416,2020-08-11
1403,2020-08-12,12.08,4594,2020-08-12
1404,2020-08-13,20.81,4692,2020-08-13
1405,2020-08-14,17.54,4660,2020-08-14
1406,2020-08-18,24.48,5256,2020-08-18
1407,2020-08-19,24.97,5395,2020-08-19
1408,2020-08-20,25.15,5521,2020-08-20
1409,2020-08-21,24.46,5583,2020-08-21
1410,2020-08-24,24.76,5761,2020-08-24
1411,2020-08-25,25.22,5861,2020-08-25
1412,2020-08-26,14.63,5851,2020-08-26
1413,2020-08-27,14.26,5748,2020-08-27
1414,2020-08-28,19.31,5601,2020-08-28
1415,2020-08-31,20.08,5373,2020-08-31
1416,2020-09-01,23.34,5381,2020-09-01
1417,2020-09-02,4.46,5392,2020-09-02
1418,2020-09-03,18.43,5431,2020-09-03
1419,2020-09-04,20.46,5547,2020-09-04
1420,2020-09-07,3.52,6005,2020-09-07
1421,2020-09-08,20.14,6088,2020-09-08
1422,2020-09-09,17.87,6108,2020-09-09
1423,2020-09-10,16.87,6165,2020-09-10
1424,2020-09-11,9.64,6325,2020-09-11
1425,2020-09-14,20.93,6723,2020-09-14
1426,2020-09-15,21.15,6787,2020-09-15
1427,2020-09-16,6.77,6775,2020-09-16
1428,2020-09-17,7.29,6852,2020-09-17
1429,2020-09-18,18.45,6897,2020-09-18
1430,2020-09-21,16.69,6423,2020-09-21
1431,2020-09-22,16.87,6146,2020-09-22
1432,2020-09-23,12.9,5955,2020-09-23
1433,2020-09-24,15.98,5859,2020-09-24
1434,2020-09-25,18.75,5818,2020-09-25
1435,2020-09-28,20.2,5151,2020-09-28
1436,2020-09-29,15.72,4968,2020-09-29
1437,2020-10-05,16.51,4419,2020-10-05
1438,2020-10-06,19.57,4362,2020-10-06
1439,2020-10-07,17.53,4363,2020-10-07
1440,2020-10-08,19.31,4361,2020-10-08
1441,2020-10-12,12.19,4002,2020-10-12
1442,2020-10-13,12.53,3912,2020-10-13
1443,2020-10-14,9.77,3864,2020-10-14
1444,2020-10-15,14.47,3868,2020-10-15
1445,2020-10-16,7.59,3849,2020-10-16
1446,2020-10-19,15.85,3958,2020-10-19
1447,2020-10-20,15.89,3991,2020-10-20
1448,2020-10-21,4.71,4002,2020-10-21
1449,2020-10-22,7.11,3995,2020-10-22
1450,2020-10-23,16.61,3998,2020-10-23
1451,2020-10-26,13.93,3963,2020-10-26
1452,2020-10-27,13.76,3980,2020-10-27
1453,2020-10-28,13,4001,2020-10-28
1454,2020-10-29,14.46,3998,2020-10-29
1455,2020-10-30,14.55,4018,2020-10-30
1456,2020-11-02,13.52,4275,2020-11-02
1457,2020-11-03,10.86,4457,2020-11-03
1458,2020-11-04,15.07,4576,2020-11-04
1459,2020-11-05,12.52,4616,2020-11-05
1460,2020-11-06,3.6,4662,2020-11-06
1461,2020-11-09,13.77,4713,2020-11-09
1462,2020-11-10,13.47,4674,2020-11-10
1463,2020-11-11,13.14,4620,2020-11-11
1464,2020-11-12,12.97,4539,2020-11-12
1465,2020-11-13,10.9,4375,2020-11-13
1466,2020-11-16,10.61,4063,2020-11-16
1467,2020-11-17,6.35,4055,2020-11-17
1468,2020-11-18,4.14,4048,2020-11-18
1469,2020-11-19,1.53,4030,2020-11-19
1470,2020-11-20,1.38,3987,2020-11-20
1471,2020-11-23,11.22,3729,2020-11-23
1472,2020-11-24,7.92,3675,2020-11-24
1473,2020-11-25,11.42,3639,2020-11-25
1474,2020-11-26,10.14,3581,2020-11-26
1475,2020-11-27,4.19,3516,2020-11-27
1476,2020-11-30,11.05,3360,2020-11-30
1477,2020-12-01,11.14,3342,2020-12-01
1478,2020-12-02,9.55,3302,2020-12-02
1479,2020-12-03,10.68,3253,2020-12-03
1480,2020-12-07,3.47,3215,2020-12-07
1481,2020-12-08,10.97,3225,2020-12-08
1482,2020-12-09,9.32,3225,2020-12-09
1483,2020-12-10,5.05,3222,2020-12-10
1484,2020-12-11,6.15,3225,2020-12-11
1485,2020-12-14,11.38,3203,2020-12-14
1486,2020-12-15,11.14,3265,2020-12-15
1487,2020-12-16,11.31,3347,2020-12-16
1488,2020-12-17,10.97,3462,2020-12-17
1489,2020-12-18,4.57,3567,2020-12-18
1490,2020-12-21,8.64,3747,2020-12-21
1491,2020-12-22,7.78,3850,2020-12-22
1492,2020-12-23,5.34,3951,2020-12-23
1493,2020-12-24,9.38,4018,2020-12-24
1494,2020-12-28,8.28,4511,2020-12-28
1495,2020-12-29,2.58,4452,2020-12-29
1496,2020-12-30,4.46,4495,2020-12-30
1497,2020-12-31,11.06,4542,2020-12-31
1498,2021-01-04,8.46,4807,2021-01-04
1499,2021-01-05,10.21,4717,2021-01-05
1500,2021-01-06,11.01,4667,2021-01-06
1501,2021-01-07,7.3,4623,2021-01-07
1502,2021-01-08,11.44,4504,2021-01-08
1503,2021-01-11,4.26,4399,2021-01-11
1504,2021-01-12,9.52,4449,2021-01-12
1505,2021-01-13,9.64,4608,2021-01-13
1506,2021-01-14,10.78,4809,2021-01-14
1507,2021-01-15,3.56,5075,2021-01-15
1508,2021-01-18,4.03,5658,2021-01-18
1509,2021-01-19,12.48,5908,2021-01-19
1510,2021-01-20,11.92,6112,2021-01-20
1511,2021-01-21,5.84,6250,2021-01-21
1512,2021-01-22,3.81,6413,2021-01-22
1513,2021-01-25,9.52,6825,2021-01-25
1514,2021-01-26,2.15,6859,2021-01-26
1515,2021-01-27,11.72,6902,2021-01-27
1516,2021-01-28,4.36,7070,2021-01-28
1517,2021-01-29,13.35,7291,2021-01-29
1518,2021-02-01,6.42,7823,2021-02-01
1519,2021-02-02,13.97,7957,2021-02-02
1520,2021-02-03,14.15,8092,2021-02-03
1521,2021-02-04,15.02,8244,2021-02-04
1522,2021-02-05,11.1,8481,2021-02-05
1523,2021-02-08,15.28,8481,2021-02-08
1524,2021-02-09,15.19,8461,2021-02-09
1525,2021-02-10,8.89,8234,2021-02-10
1526,2021-02-15,11.02,7272,2021-02-15
1527,2021-02-16,9.18,7199,2021-02-16
1528,2021-02-17,10.35,7190,2021-02-17
1529,2021-02-18,15.18,7307,2021-02-18
1530,2021-02-19,16.09,7300,2021-02-19
1531,2021-02-22,15.09,7084,2021-02-22
1532,2021-02-23,16.54,6930,2021-02-23
1533,2021-02-24,13.8,6916,2021-02-24
1534,2021-02-25,4.55,6977,2021-02-25
1535,2021-02-26,16.27,6889,2021-02-26
1536,2021-03-02,5.84,7027,2021-03-02
1537,2021-03-03,15.35,6952,2021-03-03
1538,2021-03-04,6.28,6856,2021-03-04
1539,2021-03-05,18.12,6632,2021-03-05
1540,2021-03-08,18.95,6098,2021-03-08
1541,2021-03-09,14.02,5909,2021-03-09
1542,2021-03-10,19.61,5720,2021-03-10
1543,2021-03-11,17.77,5686,2021-03-11
1544,2021-03-12,3.69,5676,2021-03-12
1545,2021-03-15,16.28,5671,2021-03-15
1546,2021-03-16,21.12,5748,2021-03-16
1547,2021-03-17,20.77,5748,2021-03-17
1548,2021-03-18,19.43,5665,2021-03-18
1549,2021-03-19,17.62,5611,2021-03-19
1550,2021-03-22,20.02,5436,2021-03-22
1551,2021-03-23,20.98,5405,2021-03-23
1552,2021-03-24,19.37,5455,2021-03-24
1553,2021-03-25,21.87,5496,2021-03-25
1554,2021-03-26,18.04,5448,2021-03-26
1555,2021-03-29,19.67,5192,2021-03-29
1556,2021-03-30,23.79,5114,2021-03-30
1557,2021-03-31,23.62,5065,2021-03-31
1558,2021-04-01,17.89,4987,2021-04-01
1559,2021-04-02,17.79,4916,2021-04-02
1560,2021-04-05,25.61,4725,2021-04-05
1561,2021-04-06,22.65,4687,2021-04-06
1562,2021-04-07,24.7,4626,2021-04-07
1563,2021-04-08,25.31,4617,2021-04-08
1564,2021-04-09,21.62,4608,2021-04-09
1565,2021-04-12,5.74,4613,2021-04-12
1566,2021-04-13,20.61,4598,2021-04-13
1567,2021-04-14,26.79,4545,2021-04-14
1568,2021-04-15,23.92,4482,2021-04-15
1569,2021-04-16,5.71,4401,2021-04-16
1570,2021-04-19,26.57,4206,2021-04-19
1571,2021-04-20,24.42,4166,2021-04-20
1572,2021-04-21,24.25,4143,2021-04-21
1573,2021-04-22,20.19,4147,2021-04-22
1574,2021-04-23,11.26,4172,2021-04-23
1575,2021-04-26,26.8,4208,2021-04-26
1576,2021-04-27,11.52,4247,2021-04-27
1577,2021-04-28,14.71,4303,2021-04-28
1578,2021-04-29,21.04,4350,2021-04-29
1579,2021-04-30,14.94,4435,2021-04-30
1580,2021-05-03,27.81,4709,2021-05-03
1581,2021-05-04,9.89,4753,2021-05-04
1582,2021-05-06,21.89,4694,2021-05-06
1583,2021-05-07,15.6,4676,2021-05-07
1584,2021-05-10,3.18,4720,2021-05-10
1585,2021-05-11,19.26,4639,2021-05-11
1586,2021-05-12,28.11,4519,2021-05-12
1587,2021-05-13,28.01,4420,2021-05-13
1588,2021-05-14,23.16,4348,2021-05-14
1589,2021-05-17,4.65,4127,2021-05-17
1590,2021-05-18,20.71,4100,2021-05-18
1591,2021-05-20,5.3,4124,2021-05-20
1592,2021-05-21,4.69,4121,2021-05-21
1593,2021-05-24,24.54,4109,2021-05-24
1594,2021-05-25,21.75,4122,2021-05-25
1595,2021-05-26,14.02,4137,2021-05-26
1596,2021-05-27,10.25,4162,2021-05-27
1597,2021-05-28,6.84,4172,2021-05-28
1598,2021-05-31,14.16,4030,2021-05-31
1599,2021-06-01,23.5,4039,2021-06-01
1600,2021-06-01,23.5,4039,2021-06-01
1601,2021-06-02,25.65,4055,2021-06-02
1602,2021-06-02,25.65,4055,2021-06-02
1603,2021-06-03,4.67,4095,2021-06-03
1604,2021-06-03,4.67,4095,2021-06-03
1605,2021-06-04,28.52,4152,2021-06-04
1606,2021-06-04,28.52,4152,2021-06-04
1607,2021-06-07,18.53,4216,2021-06-07
1608,2021-06-07,18.53,4216,2021-06-07
1609,2021-06-08,25.48,4163,2021-06-08
1610,2021-06-08,25.48,4163,2021-06-08
1611,2021-06-09,28.01,4056,2021-06-09
1612,2021-06-09,28.01,4056,2021-06-09
1613,2021-06-10,20.16,3961,2021-06-10
1614,2021-06-10,20.16,3961,2021-06-10
1615,2021-06-11,18.77,3940,2021-06-11
1616,2021-06-11,18.77,3940,2021-06-11
1617,2021-06-14,19.23,3810,2021-06-14
1618,2021-06-14,19.23,3810,2021-06-14
1619,2021-06-15,9.97,3722,2021-06-15
1620,2021-06-15,9.97,3722,2021-06-15
1621,2021-06-16,20.7,3692,2021-06-16
1622,2021-06-16,20.7,3692,2021-06-16
1623,2021-06-17,12.49,3698,2021-06-17
1624,2021-06-17,12.49,3698,2021-06-17
1625,2021-06-18,9.03,3728,2021-06-18
1626,2021-06-18,9.03,3728,2021-06-18
1627,2021-06-21,28.67,3726,2021-06-21
1628,2021-06-21,28.67,3726,2021-06-21
1629,2021-06-22,20.63,3726,2021-06-22
1630,2021-06-22,20.63,3726,2021-06-22
1631,2021-06-23,8.99,3778,2021-06-23
1632,2021-06-23,8.99,3778,2021-06-23
1633,2021-06-24,21.5,3796,2021-06-24
1634,2021-06-24,21.5,3796,2021-06-24
1635,2021-06-25,26.15,3754,2021-06-25
1636,2021-06-25,26.15,3754,2021-06-25
1637,2021-06-28,19.57,3864,2021-06-28
1638,2021-06-28,19.57,3864,2021-06-28
1639,2021-06-29,21.66,3920,2021-06-29
1640,2021-06-29,21.66,3920,2021-06-29
1641,2021-06-30,17.14,3996,2021-06-30
1642,2021-06-30,17.14,3996,2021-06-30
1643,2021-07-01,22.58,4017,2021-07-01
1644,2021-07-02,22.4,4065,2021-07-02
1645,2021-07-05,13.5,4188,2021-07-05
1646,2021-07-06,12.22,4218,2021-07-06
1647,2021-07-07,10.67,4216,2021-07-07
1648,2021-07-08,18.46,4263,2021-07-08
1649,2021-07-09,19.49,4295,2021-07-09
1650,2021-07-12,20.34,4473,2021-07-12
1651,2021-07-13,23.91,4556,2021-07-13
1652,2021-07-14,24.41,4594,2021-07-14
1653,2021-07-15,21.1,4612,2021-07-15
1654,2021-07-16,19.62,4661,2021-07-16
1655,2021-07-19,18.82,4685,2021-07-19
1656,2021-07-20,12.88,4671,2021-07-20
1657,2021-07-21,29.14,4653,2021-07-21
1658,2021-07-22,28.76,4652,2021-07-22
1659,2021-07-23,30.24,4617,2021-07-23
1660,2021-07-26,28.99,4731,2021-07-26
1661,2021-07-27,24.97,4796,2021-07-27
1662,2021-07-28,22.13,4785,2021-07-28
1663,2021-07-29,22.27,4692,2021-07-29
1664,2021-07-30,27.4,4613,2021-07-30
1665,2021-08-02,10.1,4447,2021-08-02
1666,2021-08-03,16.99,4408,2021-08-03
1667,2021-08-04,27.52,4391,2021-08-04
1668,2021-08-05,24.58,4470,2021-08-05
1669,2021-08-06,20.18,4569,2021-08-06
1670,2021-08-09,25.89,4684,2021-08-09
1671,2021-08-10,18.77,4631,2021-08-10
1672,2021-08-11,19.62,4663,2021-08-11
1673,2021-08-12,15.77,4783,2021-08-12
1674,2021-08-13,11.98,4929,2021-08-13
1675,2021-08-17,20.96,5350,2021-08-17
1676,2021-08-18,19.58,5514,2021-08-18
1677,2021-08-19,18.24,5646,2021-08-19
1678,2021-08-20,22.15,5748,2021-08-20
1679,2021-08-23,3.63,5938,2021-08-23
1680,2021-08-24,6.52,5967,2021-08-24
1681,2021-08-25,4,6089,2021-08-25
1682,2021-08-26,13.55,6209,2021-08-26
1683,2021-08-27,3.62,6241,2021-08-27
1684,2021-08-30,8.41,6246,2021-08-30
1685,2021-08-31,8.3,6360,2021-08-31
1686,2021-09-01,5.43,6584,2021-09-01
1687,2021-09-02,14.57,6728,2021-09-02
1688,2021-09-03,19.62,6934,2021-09-03
1689,2021-09-06,8.82,7285,2021-09-06
1690,2021-09-07,3.66,7238,2021-09-07
1691,2021-09-08,12.26,7186,2021-09-08
1692,2021-09-09,20.2,7146,2021-09-09
1693,2021-09-10,15.74,7146,2021-09-10
1694,2021-09-13,19.45,7394,2021-09-13
1695,2021-09-14,12.65,7524,2021-09-14
1696,2021-09-15,21.93,7644,2021-09-15
1697,2021-09-16,19.07,7726,2021-09-16
1698,2021-09-17,7.21,7875,2021-09-17
1699,2021-09-23,18.1,7127,2021-09-23
1700,2021-09-24,17.68,7134,2021-09-24
1701,2021-09-27,17.36,6834,2021-09-27
1702,2021-09-28,10.04,6574,2021-09-28
1703,2021-09-29,3.62,6410,2021-09-29
1704,2021-09-30,18.83,6405,2021-09-30
1705,2021-10-01,17.37,6280,2021-10-01
1706,2021-10-05,17.5,5879,2021-10-05
1707,2021-10-06,9.56,5714,2021-10-06
1708,2021-10-07,4.41,5493,2021-10-07
1709,2021-10-08,4.6,5273,2021-10-08
1710,2021-10-12,4.23,4908,2021-10-12
1711,2021-10-13,14.23,4720,2021-10-13
1712,2021-10-14,16.06,4655,2021-10-14
1713,2021-10-15,4.94,4650,2021-10-15
1714,2021-10-18,17.37,4688,2021-10-18
1715,2021-10-19,9.97,4703,2021-10-19
1716,2021-10-20,16.79,4695,2021-10-20
1717,2021-10-21,15.39,4659,2021-10-21
1718,2021-10-22,14.73,4633,2021-10-22
1719,2021-10-25,15.18,4651,2021-10-25
1720,2021-10-26,13.68,4640,2021-10-26
1721,2021-10-27,13.81,4648,2021-10-27
1722,2021-10-28,16.06,4695,2021-10-28
1723,2021-10-29,14.8,4744,2021-10-29
1724,2021-11-01,10.39,4905,2021-11-01
1725,2021-11-02,9.97,4982,2021-11-02
1726,2021-11-03,13.18,5110,2021-11-03
1727,2021-11-04,12.76,5192,2021-11-04
1728,2021-11-05,9.97,5230,2021-11-05
1729,2021-11-08,3.9,5419,2021-11-08
1730,2021-11-09,7.65,5424,2021-11-09
1731,2021-11-10,2.09,5379,2021-11-10
1732,2021-11-11,7.96,5293,2021-11-11
1733,2021-11-12,8.78,5171,2021-11-12
1734,2021-11-15,11.26,4793,2021-11-15
1735,2021-11-16,11.89,4714,2021-11-16
1736,2021-11-17,12.47,4647,2021-11-17
1737,2021-11-18,9.47,4575,2021-11-18
1738,2021-11-19,7.57,4465,2021-11-19
1739,2021-11-22,6.9,4190,2021-11-22
1740,2021-11-23,6.28,4083,2021-11-23
1741,2021-11-24,11.32,3980,2021-11-24
1742,2021-11-25,10.73,3888,2021-11-25
1743,2021-11-26,11.43,3797,2021-11-26
1744,2021-11-29,9.39,3548,2021-11-29
1745,2021-11-30,1.12,3491,2021-11-30
1746,2021-12-01,11.19,3417,2021-12-01
1747,2021-12-02,10.92,3339,2021-12-02
1748,2021-12-06,10.57,3206,2021-12-06
1749,2021-12-07,9.6,3195,2021-12-07
1750,2021-12-08,10.84,3169,2021-12-08
1751,2021-12-09,6.03,3135,2021-12-09
1752,2021-12-10,2.31,3111,2021-12-10
1753,2021-12-13,11.33,3046,2021-12-13
1754,2021-12-14,4.92,3038,2021-12-14
1755,2021-12-15,3.5,3046,2021-12-15
1756,2021-12-16,5.26,3044,2021-12-16
1757,2021-12-17,6.96,3041,2021-12-17
1758,2021-12-20,7.75,3133,2021-12-20
1759,2021-12-21,8.02,3205,2021-12-21
1760,2021-12-22,10.43,3306,2021-12-22
1761,2021-12-23,9.3,3424,2021-12-23
1762,2021-12-24,3.95,3560,2021-12-24
1763,2021-12-27,8.32,3923,2021-12-27
1764,2021-12-28,2.88,4062,2021-12-28
1765,2021-12-29,4.84,4089,2021-12-29
1766,2021-12-30,7.46,4182,2021-12-30
1767,2021-12-31,11.1,4305,2021-12-31
