,date,uga,price
0,2015-01-04,52.125,4807.0
1,2015-01-05,50.98,4717.0
2,2015-01-06,48.08,4667.0
3,2015-01-07,46.6,4623.0
4,2015-01-08,47.5,4504.0
5,2015-01-11,46.54,4399.0
6,2015-01-12,45.67,4449.0
7,2015-01-13,43.3,4608.0
8,2015-01-14,42.55,4809.0
9,2015-01-15,44.48,5075.0
10,2015-01-18,44.98,5658.0
11,2015-01-19,46.04,5908.0
12,2015-01-20,44.82,6112.0
13,2015-01-21,44.75,6250.0
14,2015-01-22,44.65,6413.0
15,2015-01-25,44.285,6825.0
16,2015-01-26,44.15,6859.0
17,2015-01-27,43.63,6902.0
18,2015-01-28,44.83,7070.0
19,2015-01-29,44.63,7291.0
20,2015-02-01,47.2,7823.0
21,2015-02-02,48.81,7957.0
22,2015-02-03,52.62,8092.0
23,2015-02-04,54.72,8244.0
24,2015-02-05,51.41,8481.0
25,2015-02-08,54.8,8481.0
26,2015-02-09,55.37,8461.0
27,2015-02-10,55.83,8234.0
28,2015-02-15,58.265,7272.0
29,2015-02-16,58.83,7199.0
30,2015-02-17,58.89,7190.0
31,2015-02-18,59.32,7307.0
32,2015-02-19,58.305,7300.0
33,2015-02-22,58.305,7084.0
34,2015-02-23,57.29,6930.0
35,2015-02-24,56.06,6916.0
36,2015-02-25,55.84,6977.0
37,2015-02-26,58.42,6889.0
38,2015-03-02,59.58,7027.0
39,2015-03-03,57.15,6952.0
40,2015-03-04,57.8,6856.0
41,2015-03-05,57.35,6632.0
42,2015-03-08,55.38,6098.0
43,2015-03-09,56.58,5909.0
44,2015-03-10,55.48,5720.0
45,2015-03-11,53.5,5686.0
46,2015-03-12,55.4,5676.0
47,2015-03-15,53.1,5671.0
48,2015-03-16,52.75,5748.0
49,2015-03-17,51.64,5748.0
50,2015-03-18,51.24,5665.0
51,2015-03-19,53.4,5611.0
52,2015-03-22,52.375,5436.0
53,2015-03-23,52.87,5405.0
54,2015-03-24,53.4,5455.0
55,2015-03-25,52.69,5496.0
56,2015-03-26,53.99,5448.0
57,2015-03-29,54.6,5192.0
58,2015-03-30,53.95,5114.0
59,2015-03-31,53.84,5065.0
60,2015-04-01,52.83,4987.0
61,2015-04-02,54.63,4916.0
62,2015-04-05,54.82,4725.0
63,2015-04-06,53.95,4687.0
64,2015-04-07,55.01,4626.0
65,2015-04-08,55.92,4617.0
66,2015-04-09,53.31,4608.0
67,2015-04-12,55.55,4613.0
68,2015-04-13,56.58,4598.0
69,2015-04-14,56.32,4545.0
70,2015-04-15,56.82,4482.0
71,2015-04-16,58.66,4401.0
72,2015-04-19,58.62,4206.0
73,2015-04-20,59.34,4166.0
74,2015-04-21,59.25,4143.0
75,2015-04-22,58.03,4147.0
76,2015-04-23,58.6,4172.0
77,2015-04-26,61.54,4208.0
78,2015-04-27,62.0,4247.0
79,2015-04-28,61.62,4303.0
80,2015-04-29,61.65,4350.0
81,2015-04-30,62.69,4435.0
82,2015-05-03,62.985,4709.0
83,2015-05-04,63.03,4753.0
84,2015-05-06,64.79,4694.0
85,2015-05-07,65.06,4676.0
86,2015-05-10,63.585,4720.0
87,2015-05-11,62.84,4639.0
88,2015-05-12,62.4,4519.0
89,2015-05-13,64.21,4420.0
90,2015-05-14,63.61,4348.0
91,2015-05-17,62.62,4127.0
92,2015-05-18,63.58,4100.0
93,2015-05-20,61.75,4124.0
94,2015-05-21,62.68,4121.0
95,2015-05-24,63.07,4109.0
96,2015-05-25,62.98,4122.0
97,2015-05-26,63.07,4137.0
98,2015-05-27,62.11,4162.0
99,2015-05-28,60.64,4172.0
100,2015-05-31,61.705,4030.0
101,2015-06-01,61.705,4039.0
102,2015-06-02,62.49,4055.0
103,2015-06-03,62.3,4095.0
104,2015-06-04,60.71,4152.0
105,2015-06-07,60.845,4216.0
106,2015-06-08,60.23,4163.0
107,2015-06-09,59.64,4056.0
108,2015-06-10,62.66,3961.0
109,2015-06-11,63.44,3940.0
110,2015-06-14,61.44,3810.0
111,2015-06-15,61.29,3722.0
112,2015-06-16,60.46,3692.0
113,2015-06-17,60.81,3698.0
114,2015-06-18,60.98,3728.0
115,2015-06-21,60.52,3726.0
116,2015-06-22,59.82,3726.0
117,2015-06-23,60.11,3778.0
118,2015-06-24,61.09,3796.0
119,2015-06-25,60.26,3754.0
120,2015-06-28,59.785,3864.0
121,2015-06-29,59.36,3920.0
122,2015-06-30,59.56,3996.0
123,2015-07-01,60.93,3282.0
124,2015-07-02,59.51,3333.0
125,2015-07-03,59.45,3367.0
126,2015-07-06,57.93,3473.0
127,2015-07-07,55.16,3465.0
128,2015-07-08,54.98,3483.0
129,2015-07-09,56.69,3493.0
130,2015-07-10,58.19,3557.0
131,2015-07-13,57.75,3689.0
132,2015-07-14,56.25,3680.0
133,2015-07-15,56.93,3724.0
134,2015-07-16,55.75,3840.0
135,2015-07-17,62.365,3866.0
136,2015-07-20,55.4,3953.0
137,2015-07-21,54.68,3918.0
138,2015-07-22,55.03,3837.0
139,2015-07-23,54.22,3752.0
140,2015-07-24,53.45,3734.0
141,2015-07-27,52.87,3803.0
142,2015-07-28,51.85,3792.0
143,2015-07-29,51.86,3851.0
144,2015-07-30,52.53,3839.0
145,2015-07-31,52.07,3802.0
146,2015-08-03,51.11,3891.0
147,2015-08-04,50.13,3968.0
148,2015-08-05,50.09,3947.0
149,2015-08-06,49.71,3974.0
150,2015-08-07,50.15,3857.0
151,2015-08-10,50.15,3713.0
152,2015-08-11,50.59,3701.0
153,2015-08-12,49.37,3620.0
154,2015-08-13,49.87,3566.0
155,2015-08-17,48.53,3553.0
156,2015-08-18,48.22,3541.0
157,2015-08-19,48.27,3608.0
158,2015-08-20,46.73,3607.0
159,2015-08-21,46.23,3556.0
160,2015-08-24,44.4,3681.0
161,2015-08-25,42.66,3833.0
162,2015-08-26,42.94,4028.0
163,2015-08-27,43.57,4302.0
164,2015-08-28,46.84,4493.0
165,2015-08-31,48.72,4689.0
166,2015-09-01,49.98,4668.0
167,2015-09-02,46.16,4779.0
168,2015-09-03,47.01,4990.0
169,2015-09-04,47.19,5083.0
170,2015-09-07,46.6,5454.0
171,2015-09-08,45.93,5528.0
172,2015-09-09,47.55,5443.0
173,2015-09-10,45.75,5428.0
174,2015-09-11,51.1,5516.0
175,2015-09-14,45.47,5756.0
176,2015-09-15,43.87,5583.0
177,2015-09-16,44.08,5425.0
178,2015-09-17,46.78,5287.0
179,2015-09-18,45.99,5155.0
180,2015-09-21,44.58,4982.0
181,2015-09-22,45.0,4933.0
182,2015-09-23,45.13,4893.0
183,2015-09-24,51.1,4771.0
184,2015-09-25,44.98,4585.0
185,2015-09-30,44.31,4053.0
186,2015-10-01,45.92,3940.0
187,2015-10-02,45.38,3818.0
188,2015-10-05,45.91,3736.0
189,2015-10-06,46.48,3645.0
190,2015-10-07,48.97,3736.0
191,2015-10-08,48.41,3650.0
192,2015-10-12,49.61,3722.0
193,2015-10-13,47.08,3820.0
194,2015-10-14,46.52,3809.0
195,2015-10-15,46.44,3884.0
196,2015-10-16,46.58,4058.0
197,2015-10-19,46.22,4240.0
198,2015-10-20,44.61,4233.0
199,2015-10-21,44.43,4205.0
200,2015-10-22,43.71,4197.0
201,2015-10-23,43.9,4169.0
202,2015-10-26,43.48,4159.0
203,2015-10-27,43.01,4166.0
204,2015-10-28,43.11,4231.0
205,2015-10-29,44.45,4313.0
206,2015-10-30,43.94,4413.0
207,2015-11-02,44.55,4661.0
208,2015-11-03,43.89,4765.0
209,2015-11-04,45.45,4917.0
210,2015-11-05,43.7,5031.0
211,2015-11-06,43.16,5071.0
212,2015-11-09,42.88,5008.0
213,2015-11-10,51.1,5011.0
214,2015-11-11,42.59,4950.0
215,2015-11-12,41.68,4890.0
216,2015-11-13,40.77,4884.0
217,2015-11-16,40.35,4825.0
218,2015-11-17,40.39,4828.0
219,2015-11-18,39.64,4877.0
220,2015-11-19,40.13,4915.0
221,2015-11-20,40.07,4932.0
222,2015-11-23,39.57,5072.0
223,2015-11-24,40.7,5083.0
224,2015-11-25,41.4,5037.0
225,2015-11-26,40.94,4973.0
226,2015-11-27,40.37,4972.0
227,2015-11-30,39.87,5196.0
228,2015-12-01,39.8,5185.0
229,2015-12-02,39.75,5175.0
230,2015-12-03,38.29,5178.0
231,2015-12-07,38.35,5234.0
232,2015-12-08,36.91,5160.0
233,2015-12-09,36.49,5091.0
234,2015-12-10,36.51,4969.0
235,2015-12-11,36.2,4863.0
236,2015-12-14,34.64,4779.0
237,2015-12-15,33.82,4728.0
238,2015-12-16,34.24,4664.0
239,2015-12-17,32.86,4627.0
240,2015-12-18,32.98,4636.0
241,2015-12-21,31.98,4532.0
242,2015-12-22,32.0,4544.0
243,2015-12-23,31.82,4563.0
244,2015-12-24,32.83,4647.0
245,2015-12-28,32.61,4822.0
246,2015-12-29,32.11,4860.0
247,2015-12-30,32.74,5005.0
248,2015-12-31,32.19,5105.0
249,2016-01-04,32.54,5766.0
250,2016-01-05,31.66,5873.0
251,2016-01-06,30.76,6000.0
252,2016-01-07,27.96,6050.0
253,2016-01-08,29.11,5993.0
254,2016-01-11,28.07,6050.0
255,2016-01-12,26.44,6029.0
256,2016-01-13,26.49,6032.0
257,2016-01-14,26.04,5991.0
258,2016-01-15,26.22,5975.0
259,2016-01-18,24.65,5840.0
260,2016-01-19,24.72,5775.0
261,2016-01-20,23.36,5685.0
262,2016-01-21,22.83,5688.0
263,2016-01-22,23.88,5764.0
264,2016-01-25,26.1,6339.0
265,2016-01-26,24.84,6547.0
266,2016-01-27,26.11,6701.0
267,2016-01-28,27.08,7051.0
268,2016-01-29,28.37,7537.0
269,2016-02-01,29.01,7996.0
270,2016-02-02,28.08,8031.0
271,2016-02-03,27.52,8113.0
272,2016-02-04,29.51,7986.0
273,2016-02-05,29.22,7745.0
274,2016-02-11,26.08,7714.0
275,2016-02-12,26.86,7925.0
276,2016-02-15,29.22,8584.0
277,2016-02-16,30.66,8961.0
278,2016-02-17,28.31,9216.0
279,2016-02-18,30.25,9339.0
280,2016-02-19,30.07,9321.0
281,2016-02-22,29.33,9599.0
282,2016-02-23,29.69,9594.0
283,2016-02-24,28.57,9537.0
284,2016-02-25,29.46,9508.0
285,2016-02-26,30.43,9567.0
286,2016-02-29,29.99,10452.0
287,2016-03-02,31.95,9483.0
288,2016-03-03,32.04,9485.0
289,2016-03-04,32.17,9587.0
290,2016-03-07,34.39,9499.0
291,2016-03-08,35.56,9365.0
292,2016-03-09,35.03,9249.0
293,2016-03-10,36.25,9034.0
294,2016-03-11,36.37,8741.0
295,2016-03-14,35.69,7887.0
296,2016-03-15,34.66,7764.0
297,2016-03-16,34.8,7660.0
298,2016-03-17,36.67,7380.0
299,2016-03-18,37.42,7121.0
300,2016-03-21,37.14,6524.0
301,2016-03-22,37.43,6223.0
302,2016-03-23,37.14,6175.0
303,2016-03-24,36.04,5976.0
304,2016-03-25,36.87,5747.0
305,2016-03-28,36.31,5158.0
306,2016-03-29,36.17,5078.0
307,2016-03-30,35.45,4971.0
308,2016-03-31,35.05,4852.0
309,2016-04-01,36.22,4783.0
310,2016-04-04,34.84,4764.0
311,2016-04-05,33.83,4670.0
312,2016-04-06,34.69,4455.0
313,2016-04-07,36.48,4315.0
314,2016-04-08,36.71,4283.0
315,2016-04-11,37.79,4246.0
316,2016-04-12,38.67,4225.0
317,2016-04-14,39.66,4324.0
318,2016-04-15,39.37,4407.0
319,2016-04-18,37.73,4557.0
320,2016-04-19,39.17,4573.0
321,2016-04-20,39.03,4599.0
322,2016-04-21,41.7,4625.0
323,2016-04-22,41.01,4650.0
324,2016-04-25,40.86,4685.0
325,2016-04-26,40.83,4707.0
326,2016-04-27,42.59,4753.0
327,2016-04-28,43.22,4774.0
328,2016-04-29,44.26,4814.0
329,2016-05-02,43.355,4879.0
330,2016-05-03,43.03,4930.0
331,2016-05-04,42.05,4990.0
332,2016-05-09,42.84,4849.0
333,2016-05-10,41.23,4885.0
334,2016-05-11,42.18,4883.0
335,2016-05-12,44.65,4826.0
336,2016-05-13,44.39,4721.0
337,2016-05-16,45.35,4433.0
338,2016-05-17,45.68,4357.0
339,2016-05-18,45.76,4327.0
340,2016-05-19,44.75,4260.0
341,2016-05-20,45.65,4179.0
342,2016-05-23,44.87,4288.0
343,2016-05-24,44.55,4289.0
344,2016-05-25,45.27,4269.0
345,2016-05-26,45.74,4229.0
346,2016-05-27,45.31,4190.0
347,2016-05-30,45.54,3995.0
348,2016-05-31,45.9,4013.0
349,2016-06-01,45.44,4051.0
350,2016-06-02,46.17,4012.0
351,2016-06-03,46.28,3990.0
352,2016-06-07,46.82,4004.0
353,2016-06-08,47.99,3972.0
354,2016-06-09,48.98,3926.0
355,2016-06-10,48.23,3885.0
356,2016-06-13,47.06,3652.0
357,2016-06-14,46.3,3569.0
358,2016-06-15,46.09,3506.0
359,2016-06-16,44.93,3482.0
360,2016-06-17,44.48,3530.0
361,2016-06-20,46.53,3532.0
362,2016-06-21,46.4,3533.0
363,2016-06-22,47.12,3519.0
364,2016-06-23,46.48,3489.0
365,2016-06-24,45.47,3440.0
366,2016-06-27,45.11,3296.0
367,2016-06-28,44.55,3321.0
368,2016-06-29,45.73,3376.0
369,2016-06-30,46.46,3432.0
370,2016-07-01,45.19,3450.0
371,2016-07-04,46.97,3453.0
372,2016-07-05,45.01,3475.0
373,2016-07-06,45.0,3483.0
374,2016-07-07,44.99,3462.0
375,2016-07-08,42.5,3473.0
376,2016-07-11,41.97,3619.0
377,2016-07-12,42.58,3672.0
378,2016-07-13,43.41,3745.0
379,2016-07-14,42.31,3804.0
380,2016-07-15,42.59,3886.0
381,2016-07-18,43.38,3924.0
382,2016-07-19,42.21,3982.0
383,2016-07-20,42.24,3945.0
384,2016-07-21,42.73,3850.0
385,2016-07-22,41.63,3756.0
386,2016-07-25,41.38,3678.0
387,2016-07-26,40.37,3730.0
388,2016-07-27,40.59,3768.0
389,2016-07-28,39.88,3757.0
390,2016-07-29,38.64,3823.0
391,2016-08-01,40.04,3768.0
392,2016-08-02,38.85,3768.0
393,2016-08-03,38.54,3891.0
394,2016-08-04,39.99,3968.0
395,2016-08-05,41.22,3947.0
396,2016-08-08,41.59,3724.0
397,2016-08-09,42.055,3683.0
398,2016-08-10,41.34,3706.0
399,2016-08-11,40.49,3689.0
400,2016-08-12,42.89,3607.0
401,2016-08-16,45.74,3577.0
402,2016-08-17,45.85,3524.0
403,2016-08-18,46.65,3518.0
404,2016-08-19,47.26,3608.0
405,2016-08-22,46.85,3591.0
406,2016-08-23,45.38,3611.0
407,2016-08-24,45.96,3645.0
408,2016-08-25,45.59,3726.0
409,2016-08-26,44.62,3837.0
410,2016-08-29,45.82,4400.0
411,2016-08-30,46.16,4564.0
412,2016-08-31,44.79,4635.0
413,2016-09-01,42.98,4603.0
414,2016-09-02,41.71,4673.0
415,2016-09-05,44.28,4773.0
416,2016-09-06,43.4,4829.0
417,2016-09-07,43.67,4943.0
418,2016-09-08,44.83,4988.0
419,2016-09-09,45.45,4871.0
420,2016-09-12,43.745,5165.0
421,2016-09-13,43.69,5224.0
422,2016-09-19,42.43,4106.0
423,2016-09-20,41.99,3939.0
424,2016-09-21,43.08,3806.0
425,2016-09-22,43.58,3760.0
426,2016-09-23,43.39,3699.0
427,2016-09-26,42.15,3286.0
428,2016-09-27,43.13,3197.0
429,2016-09-28,42.37,3162.0
430,2016-09-29,44.65,3133.0
431,2016-09-30,45.11,3081.0
432,2016-10-04,47.83,2883.0
433,2016-10-05,48.83,2905.0
434,2016-10-06,48.77,2967.0
435,2016-10-07,50.07,3047.0
436,2016-10-10,48.9,2955.0
437,2016-10-11,50.01,2926.0
438,2016-10-12,50.03,2992.0
439,2016-10-13,49.07,3062.0
440,2016-10-14,49.88,3103.0
441,2016-10-17,49.12,3579.0
442,2016-10-18,49.23,3638.0
443,2016-10-19,49.67,3635.0
444,2016-10-20,49.66,3634.0
445,2016-10-21,48.82,3624.0
446,2016-10-24,49.48,3576.0
447,2016-10-25,49.2,3571.0
448,2016-10-26,47.91,3565.0
449,2016-10-27,48.16,3590.0
450,2016-10-28,48.4,3662.0
451,2016-10-31,47.44,3964.0
452,2016-11-01,45.42,4077.0
453,2016-11-02,44.08,4145.0
454,2016-11-03,43.52,4185.0
455,2016-11-04,42.84,4233.0
456,2016-11-07,42.69,4258.0
457,2016-11-08,42.87,4193.0
458,2016-11-09,42.57,4148.0
459,2016-11-10,43.67,4112.0
460,2016-11-11,43.7,4087.0
461,2016-11-14,41.95,4154.0
462,2016-11-15,41.97,4151.0
463,2016-11-16,43.45,4148.0
464,2016-11-17,43.47,4206.0
465,2016-11-18,42.8,4292.0
466,2016-11-21,44.47,4360.0
467,2016-11-22,46.08,4392.0
468,2016-11-23,46.07,4409.0
469,2016-11-24,45.67,4404.0
470,2016-11-25,45.97,4372.0
471,2016-11-28,43.76,4361.0
472,2016-11-29,44.65,4474.0
473,2016-11-30,44.12,4648.0
474,2016-12-01,49.02,4717.0
475,2016-12-05,51.64,4906.0
476,2016-12-06,51.65,5005.0
477,2016-12-07,50.35,5037.0
478,2016-12-08,50.3,5000.0
479,2016-12-09,51.32,4979.0
480,2016-12-12,54.18,4817.0
481,2016-12-13,52.85,4789.0
482,2016-12-14,52.69,4781.0
483,2016-12-15,51.65,4763.0
484,2016-12-16,51.69,4771.0
485,2016-12-19,52.86,5103.0
486,2016-12-20,52.09,5049.0
487,2016-12-21,52.87,5053.0
488,2016-12-22,51.78,5165.0
489,2016-12-23,52.21,5224.0
490,2016-12-26,53.055,5359.0
491,2016-12-27,52.72,5413.0
492,2016-12-28,53.73,5327.0
493,2016-12-29,53.9,5256.0
494,2016-12-30,53.83,5265.0
495,2017-01-02,54.65,5351.0
496,2017-01-03,54.65,5606.0
497,2017-01-04,53.99,5766.0
498,2017-01-05,54.28,5873.0
499,2017-01-06,54.25,6000.0
500,2017-01-09,54.35,5967.0
501,2017-01-10,53.14,5996.0
502,2017-01-11,52.22,6050.0
503,2017-01-12,53.45,6029.0
504,2017-01-13,54.3,6032.0
505,2017-01-16,53.29,5941.0
506,2017-01-17,53.88,5931.0
507,2017-01-18,53.84,5936.0
508,2017-01-19,53.03,5982.0
509,2017-01-20,52.91,6018.0
510,2017-01-23,53.52,6215.0
511,2017-01-24,53.98,6374.0
512,2017-01-25,53.47,6647.0
513,2017-01-26,53.86,6810.0
514,2017-01-31,53.22,8288.0
515,2017-02-01,54.94,8348.0
516,2017-02-02,55.45,8547.0
517,2017-02-03,54.265,8759.0
518,2017-02-06,55.31,8472.0
519,2017-02-07,54.17,8277.0
520,2017-02-08,53.35,8093.0
521,2017-02-09,53.79,8115.0
522,2017-02-10,53.78,8238.0
523,2017-02-13,54.76,8601.0
524,2017-02-14,54.14,8732.0
525,2017-02-15,54.0,8831.0
526,2017-02-16,53.95,9098.0
527,2017-02-17,54.06,9249.0
528,2017-02-20,54.46,9277.0
529,2017-02-21,54.64,9454.0
530,2017-02-22,54.68,9608.0
531,2017-02-23,54.75,9594.0
532,2017-02-24,54.7,9537.0
533,2017-02-27,55.18,9600.0
534,2017-02-28,53.565,9526.0
535,2017-03-02,54.85,9483.0
536,2017-03-03,53.68,9485.0
537,2017-03-06,53.85,9641.0
538,2017-03-07,54.44,9499.0
539,2017-03-08,54.02,9345.0
540,2017-03-09,52.52,9199.0
541,2017-03-10,51.16,9008.0
542,2017-03-13,50.04,7759.0
543,2017-03-14,49.82,7410.0
544,2017-03-15,50.01,7206.0
545,2017-03-16,50.64,7069.0
546,2017-03-17,50.13,6947.0
547,2017-03-20,50.05,6476.0
548,2017-03-21,50.42,6277.0
549,2017-03-22,49.02,6172.0
550,2017-03-23,49.17,6175.0
551,2017-03-24,48.97,5976.0
552,2017-03-27,48.84,5386.0
553,2017-03-28,49.23,5235.0
554,2017-03-29,50.14,5149.0
555,2017-03-30,50.71,5053.0
556,2017-03-31,50.78,4946.0
557,2017-04-03,51.67,4958.0
558,2017-04-04,51.1,5020.0
559,2017-04-05,52.99,4980.0
560,2017-04-06,52.64,4830.0
561,2017-04-07,53.94,4675.0
562,2017-04-10,53.88,4512.0
563,2017-04-11,54.33,4462.0
564,2017-04-12,54.61,4405.0
565,2017-04-13,54.16,4406.0
566,2017-04-14,53.91,4469.0
567,2017-04-17,53.49,4570.0
568,2017-04-18,53.12,4624.0
569,2017-04-19,53.04,4641.0
570,2017-04-20,51.46,4636.0
571,2017-04-21,51.36,4649.0
572,2017-04-24,50.94,4739.0
573,2017-04-25,50.13,4751.0
574,2017-04-26,50.57,4780.0
575,2017-04-27,50.02,4865.0
576,2017-04-28,50.16,4948.0
577,2017-05-02,53.565,5188.0
578,2017-05-04,48.825,5468.0
579,2017-05-08,48.805,5360.0
580,2017-05-10,49.01,5277.0
581,2017-05-11,49.64,5209.0
582,2017-05-12,49.46,5081.0
583,2017-05-15,50.82,4647.0
584,2017-05-16,51.09,4546.0
585,2017-05-17,50.42,4437.0
586,2017-05-18,51.0,4383.0
587,2017-05-19,51.96,4302.0
588,2017-05-22,52.79,4255.0
589,2017-05-23,52.31,4228.0
590,2017-05-24,53.1,4183.0
591,2017-05-25,52.78,4145.0
592,2017-05-26,50.42,4108.0
593,2017-05-29,50.65,3958.0
594,2017-05-30,50.48,3876.0
595,2017-05-31,50.09,3876.0
596,2017-06-01,50.16,3878.0
597,2017-06-02,48.34,3824.0
598,2017-06-05,48.77,3758.0
599,2017-06-07,48.42,3784.0
600,2017-06-08,47.07,3796.0
601,2017-06-09,46.46,3788.0
602,2017-06-12,47.02,3661.0
603,2017-06-13,47.3,3559.0
604,2017-06-14,46.84,3506.0
605,2017-06-15,45.37,3462.0
606,2017-06-16,45.88,3485.0
607,2017-06-19,45.68,3608.0
608,2017-06-20,45.62,3633.0
609,2017-06-21,44.32,3674.0
610,2017-06-22,43.5,3666.0
611,2017-06-23,44.17,3632.0
612,2017-06-26,45.265,3471.0
613,2017-06-27,45.03,3432.0
614,2017-06-28,45.3,3439.0
615,2017-06-29,46.36,3475.0
616,2017-06-30,46.47,3492.0
617,2017-07-03,47.62,3455.0
618,2017-07-04,48.43,3473.0
619,2017-07-05,48.34,3495.0
620,2017-07-06,47.07,3489.0
621,2017-07-07,46.05,3467.0
622,2017-07-10,45.24,3595.0
623,2017-07-11,45.27,3658.0
624,2017-07-12,46.82,3697.0
625,2017-07-13,46.1,3745.0
626,2017-07-14,46.99,3804.0
627,2017-07-17,47.65,3923.0
628,2017-07-18,47.2,3924.0
629,2017-07-19,47.41,3982.0
630,2017-07-20,48.33,3913.0
631,2017-07-21,48.17,3801.0
632,2017-07-24,46.51,3619.0
633,2017-07-25,47.3,3672.0
634,2017-07-26,49.05,3730.0
635,2017-07-27,49.35,3762.0
636,2017-07-28,49.72,3757.0
637,2017-07-31,50.38,3774.0
638,2017-08-01,51.22,3688.0
639,2017-08-02,50.29,3623.0
640,2017-08-03,50.83,3590.0
641,2017-08-04,50.36,3523.0
642,2017-08-07,50.8,3688.0
643,2017-08-08,51.24,3601.0
644,2017-08-09,51.43,3464.0
645,2017-08-10,51.62,3362.0
646,2017-08-11,49.86,3486.0
647,2017-08-14,50.36,3644.0
648,2017-08-16,49.53,3706.0
649,2017-08-17,48.65,3626.0
650,2017-08-18,49.26,3574.0
651,2017-08-21,50.72,3644.0
652,2017-08-22,49.97,3677.0
653,2017-08-23,49.93,3673.0
654,2017-08-24,50.55,3692.0
655,2017-08-25,50.56,3777.0
656,2017-08-28,50.55,4389.0
657,2017-08-29,50.1,4612.0
658,2017-08-30,49.93,4812.0
659,2017-08-31,49.26,4872.0
660,2017-09-01,50.35,4851.0
661,2017-09-04,50.6,5083.0
662,2017-09-05,51.02,5092.0
663,2017-09-06,52.14,5160.0
664,2017-09-07,52.99,5252.0
665,2017-09-08,53.18,5282.0
666,2017-09-11,52.14,5376.0
667,2017-09-12,52.17,5423.0
668,2017-09-13,52.87,5547.0
669,2017-09-14,53.57,5731.0
670,2017-09-15,53.64,5740.0
671,2017-09-18,54.19,5428.0
672,2017-09-19,54.07,5343.0
673,2017-09-20,53.93,5242.0
674,2017-09-21,54.65,5063.0
675,2017-09-22,54.66,4880.0
676,2017-09-25,54.83,4367.0
677,2017-09-26,56.15,4217.0
678,2017-09-27,55.65,4050.0
679,2017-09-28,55.55,3995.0
680,2017-09-29,55.19,3913.0
681,2017-10-10,54.08,2955.0
682,2017-10-11,54.78,2926.0
683,2017-10-12,54.97,2992.0
684,2017-10-13,55.4,3062.0
685,2017-10-16,55.98,3413.0
686,2017-10-17,56.33,3579.0
687,2017-10-18,55.92,3638.0
688,2017-10-19,55.51,3624.0
689,2017-10-20,55.13,3609.0
690,2017-10-23,55.85,3547.0
691,2017-10-24,55.28,3544.0
692,2017-10-25,56.2,3567.0
693,2017-10-26,56.21,3573.0
694,2017-10-27,57.0,3633.0
695,2017-10-30,58.33,3937.0
696,2017-10-31,58.32,4077.0
697,2017-11-01,59.61,4209.0
698,2017-11-02,58.58,4305.0
699,2017-11-03,58.93,4440.0
700,2017-11-06,60.58,4652.0
701,2017-11-07,62.39,4670.0
702,2017-11-08,61.8,4724.0
703,2017-11-09,61.61,4735.0
704,2017-11-10,62.06,4775.0
705,2017-11-13,61.63,5012.0
706,2017-11-14,61.25,5083.0
707,2017-11-15,60.04,5117.0
708,2017-11-16,60.29,5110.0
709,2017-11-17,59.66,5126.0
710,2017-11-20,60.68,5128.0
711,2017-11-21,60.48,5103.0
712,2017-11-22,61.12,5083.0
713,2017-11-23,61.13,5066.0
714,2017-11-24,61.62,5054.0
715,2017-11-27,61.5,5004.0
716,2017-11-28,61.25,4991.0
717,2017-11-29,60.97,4974.0
718,2017-11-30,60.82,5006.0
719,2017-12-04,60.99,4976.0
720,2017-12-05,60.22,4981.0
721,2017-12-06,60.72,4953.0
722,2017-12-07,59.43,4935.0
723,2017-12-08,60.26,4837.0
724,2017-12-11,60.96,4558.0
725,2017-12-12,62.52,4509.0
726,2017-12-13,61.33,4481.0
727,2017-12-14,60.23,4499.0
728,2017-12-15,61.18,4569.0
729,2017-12-18,61.28,5041.0
730,2017-12-19,61.4,5149.0
731,2017-12-20,61.6,5181.0
732,2017-12-21,62.17,5257.0
733,2017-12-22,62.37,5435.0
734,2017-12-26,62.61,5820.0
735,2017-12-27,63.94,5964.0
736,2017-12-28,63.85,5951.0
737,2017-12-29,64.33,5929.0
738,2018-01-02,64.37,5875.0
739,2018-01-03,64.15,6022.0
740,2018-01-04,65.35,6048.0
741,2018-01-05,65.33,5965.0
742,2018-01-08,65.04,5881.0
743,2018-01-09,65.51,5791.0
744,2018-01-10,66.59,5727.0
745,2018-01-11,66.5,5706.0
746,2018-01-12,66.29,5727.0
747,2018-01-15,67.03,5787.0
748,2018-01-16,67.09,5829.0
749,2018-01-17,66.27,5971.0
750,2018-01-18,66.42,6157.0
751,2018-01-19,65.95,6346.0
752,2018-01-22,66.09,6843.0
753,2018-01-23,66.49,6851.0
754,2018-01-24,66.86,6962.0
755,2018-01-25,67.98,7052.0
756,2018-01-26,67.4,7129.0
757,2018-01-29,67.55,7893.0
758,2018-01-30,66.38,8337.0
759,2018-01-31,65.77,8465.0
760,2018-02-01,66.12,8442.0
761,2018-02-02,67.02,8581.0
762,2018-02-05,65.07,8656.0
763,2018-02-06,64.25,8472.0
764,2018-02-07,64.05,8277.0
765,2018-02-08,62.26,8083.0
766,2018-02-09,61.12,8033.0
767,2018-02-12,60.29,8431.0
768,2018-02-13,59.84,8600.0
769,2018-02-14,59.4,8625.0
770,2018-02-19,61.77,8117.0
771,2018-02-20,62.05,8071.0
772,2018-02-21,61.3,8216.0
773,2018-02-22,61.6,8416.0
774,2018-02-23,62.77,8491.0
775,2018-02-26,63.9,8497.0
776,2018-02-27,64.02,8571.0
777,2018-02-28,63.22,8634.0
778,2018-03-02,60.28,8563.0
779,2018-03-05,61.32,8844.0
780,2018-03-06,62.04,8716.0
781,2018-03-07,61.61,8454.0
782,2018-03-08,60.8,8134.0
783,2018-03-09,60.28,7846.0
784,2018-03-12,61.71,6819.0
785,2018-03-13,61.25,6423.0
786,2018-03-14,61.23,6073.0
787,2018-03-15,61.45,5918.0
788,2018-03-16,61.74,5862.0
789,2018-03-19,62.48,5745.0
790,2018-03-20,62.98,5750.0
791,2018-03-21,63.89,5597.0
792,2018-03-22,65.44,5472.0
793,2018-03-23,65.33,5464.0
794,2018-03-26,65.97,5109.0
795,2018-03-27,65.83,5043.0
796,2018-03-28,65.24,4965.0
797,2018-03-29,65.33,4861.0
798,2018-03-30,61.72,4798.0
799,2018-04-02,66.79,4726.0
800,2018-04-03,65.16,4657.0
801,2018-04-04,64.7,4588.0
802,2018-04-05,65.38,4556.0
803,2018-04-06,65.37,4553.0
804,2018-04-09,64.7,4385.0
805,2018-04-10,66.51,4508.0
806,2018-04-11,67.58,4589.0
807,2018-04-12,68.63,4619.0
808,2018-04-13,69.04,4723.0
809,2018-04-16,68.18,4941.0
810,2018-04-17,68.23,5000.0
811,2018-04-18,68.81,5057.0
812,2018-04-19,70.75,5068.0
813,2018-04-20,70.42,5064.0
814,2018-04-23,70.29,5088.0
815,2018-04-24,71.24,5090.0
816,2018-04-25,70.36,5076.0
817,2018-04-26,70.63,5101.0
818,2018-04-27,70.88,5142.0
819,2018-04-30,70.05,5268.0
820,2018-05-02,70.25,5319.0
821,2018-05-03,70.54,5371.0
822,2018-05-04,70.47,5450.0
823,2018-05-08,72.48,5306.0
824,2018-05-09,73.93,5269.0
825,2018-05-10,74.73,5249.0
826,2018-05-11,74.46,5168.0
827,2018-05-14,73.77,4659.0
828,2018-05-15,75.3,4547.0
829,2018-05-16,75.1,4445.0
830,2018-05-17,76.67,4333.0
831,2018-05-18,77.06,4268.0
832,2018-05-21,76.43,4135.0
833,2018-05-23,76.65,4147.0
834,2018-05-24,77.03,4174.0
835,2018-05-25,75.78,4189.0
836,2018-05-28,73.24,4103.0
837,2018-05-29,70.34,4043.0
838,2018-05-30,73.53,4021.0
839,2018-05-31,75.45,4053.0
840,2018-06-01,75.11,4066.0
841,2018-06-04,74.4,3907.0
842,2018-06-05,73.61,3948.0
843,2018-06-07,73.58,3978.0
844,2018-06-08,74.87,3998.0
845,2018-06-11,74.36,3872.0
846,2018-06-12,74.75,3775.0
847,2018-06-14,74.31,3561.0
848,2018-06-15,70.34,3545.0
849,2018-06-18,70.97,3658.0
850,2018-06-19,72.07,3659.0
851,2018-06-20,72.65,3679.0
852,2018-06-21,71.25,3720.0
853,2018-06-22,71.77,3701.0
854,2018-06-25,72.81,3617.0
855,2018-06-26,73.03,3630.0
856,2018-06-27,74.36,3623.0
857,2018-06-28,75.19,3640.0
858,2018-06-29,75.86,3652.0
859,2018-07-02,75.57,3673.0
860,2018-07-03,74.77,3623.0
861,2018-07-04,75.07,3618.0
862,2018-07-05,74.92,3631.0
863,2018-07-06,74.18,3644.0
864,2018-07-09,74.67,3694.0
865,2018-07-10,76.0,3800.0
866,2018-07-11,74.75,3915.0
867,2018-07-12,72.56,3992.0
868,2018-07-13,71.65,4049.0
869,2018-07-16,72.95,4247.0
870,2018-07-17,70.36,4244.0
871,2018-07-18,69.68,4266.0
872,2018-07-19,70.41,4307.0
873,2018-07-20,71.52,4251.0
874,2018-07-23,71.5,4069.0
875,2018-07-24,71.59,4078.0
876,2018-07-25,72.49,4135.0
877,2018-07-26,73.41,4241.0
878,2018-07-27,73.42,4326.0
879,2018-07-30,73.38,4391.0
880,2018-07-31,73.69,4450.0
881,2018-08-01,72.42,4411.0
882,2018-08-02,71.14,4343.0
883,2018-08-03,71.93,4226.0
884,2018-08-06,72.11,4042.0
885,2018-08-07,72.65,3856.0
886,2018-08-08,73.28,3635.0
887,2018-08-09,70.34,3464.0
888,2018-08-10,70.55,3362.0
889,2018-08-13,71.25,3553.0
890,2018-08-14,71.79,3577.0
891,2018-08-16,69.6,3630.0
892,2018-08-17,70.38,3660.0
893,2018-08-20,70.81,3856.0
894,2018-08-21,71.11,3904.0
895,2018-08-22,72.405,3988.0
896,2018-08-23,73.14,4040.0
897,2018-08-24,74.0,4108.0
898,2018-08-27,74.41,4584.0
899,2018-08-28,75.02,4768.0
900,2018-08-29,74.34,5020.0
901,2018-08-30,75.76,5192.0
902,2018-08-31,75.85,5221.0
903,2018-09-03,76.18,5430.0
904,2018-09-04,76.88,5525.0
905,2018-09-05,75.83,5576.0
906,2018-09-06,75.31,5666.0
907,2018-09-07,74.73,5697.0
908,2018-09-10,75.83,5724.0
909,2018-09-11,76.22,5720.0
910,2018-09-12,77.45,5676.0
911,2018-09-13,77.2,5676.0
912,2018-09-14,76.31,5758.0
913,2018-09-17,76.43,5433.0
914,2018-09-18,75.85,5238.0
915,2018-09-19,77.02,5132.0
916,2018-09-20,77.53,5091.0
917,2018-09-21,77.35,5034.0
918,2018-09-27,80.36,3977.0
919,2018-09-28,80.03,3887.0
920,2018-10-01,80.83,3501.0
921,2018-10-02,82.88,3420.0
922,2018-10-04,84.44,3392.0
923,2018-10-05,83.2,3391.0
924,2018-10-08,81.61,3353.0
925,2018-10-10,83.04,3296.0
926,2018-10-11,80.66,3176.0
927,2018-10-12,79.36,3053.0
928,2018-10-15,79.3,3031.0
929,2018-10-16,78.83,3095.0
930,2018-10-17,80.23,3133.0
931,2018-10-18,78.43,3156.0
932,2018-10-19,77.88,3189.0
933,2018-10-22,78.78,3225.0
934,2018-10-23,77.83,3197.0
935,2018-10-24,74.42,3196.0
936,2018-10-25,74.96,3187.0
937,2018-10-26,75.42,3172.0
938,2018-10-29,76.01,3376.0
939,2018-10-30,76.18,3502.0
940,2018-10-31,75.66,3653.0
941,2018-11-01,73.38,3814.0
942,2018-11-02,71.67,3959.0
943,2018-11-05,71.2,4337.0
944,2018-11-06,70.34,4376.0
945,2018-11-07,70.64,4446.0
946,2018-11-08,71.54,4526.0
947,2018-11-09,69.36,4503.0
948,2018-11-12,70.59,4593.0
949,2018-11-13,68.48,4663.0
950,2018-11-14,64.46,4678.0
951,2018-11-15,65.39,4637.0
952,2018-11-16,66.49,4602.0
953,2018-11-19,66.17,4621.0
954,2018-11-20,65.51,4577.0
955,2018-11-21,62.65,4524.0
956,2018-11-22,62.44,4472.0
957,2018-11-23,61.08,4404.0
958,2018-11-26,59.13,4236.0
959,2018-11-27,59.07,4227.0
960,2018-11-28,60.18,4181.0
961,2018-11-29,58.3,4125.0
962,2018-11-30,59.02,4115.0
963,2018-12-03,61.19,3996.0
964,2018-12-04,61.54,3980.0
965,2018-12-05,59.81,3986.0
966,2018-12-06,59.85,3980.0
967,2018-12-10,60.22,3873.0
968,2018-12-11,58.37,3898.0
969,2018-12-12,59.23,3904.0
970,2018-12-13,58.81,3887.0
971,2018-12-14,59.67,3897.0
972,2018-12-17,58.92,4223.0
973,2018-12-18,57.21,4367.0
974,2018-12-19,55.05,4447.0
975,2018-12-20,54.47,4468.0
976,2018-12-21,53.51,4533.0
977,2018-12-24,51.515,4827.0
978,2018-12-26,49.52,4832.0
979,2018-12-27,53.07,4950.0
980,2018-12-28,52.86,5007.0
981,2018-12-31,53.07,4823.0
982,2019-01-02,51.86,4839.0
983,2019-01-03,53.2,4980.0
984,2019-01-04,55.59,4998.0
985,2019-01-07,56.79,5039.0
986,2019-01-08,56.18,5065.0
987,2019-01-09,58.07,5040.0
988,2019-01-10,59.6,4980.0
989,2019-01-11,61.16,4955.0
990,2019-01-14,58.92,5069.0
991,2019-01-15,58.63,5166.0
992,2019-01-16,60.15,5335.0
993,2019-01-17,60.03,5568.0
994,2019-01-18,61.12,5913.0
995,2019-01-21,61.88,6708.0
996,2019-01-22,61.43,6843.0
997,2019-01-23,61.23,6923.0
998,2019-01-24,60.41,6960.0
999,2019-01-25,61.16,6956.0
1000,2019-01-28,60.32,7224.0
1001,2019-01-29,59.44,7600.0
1002,2019-01-30,60.93,7926.0
1003,2019-01-31,61.82,8081.0
1004,2019-02-01,60.87,8230.0
1005,2019-02-07,62.51,8780.0
1006,2019-02-08,61.62,8715.0
1007,2019-02-11,62.02,8975.0
1008,2019-02-12,62.23,9075.0
1009,2019-02-13,63.34,9161.0
1010,2019-02-14,65.32,9088.0
1011,2019-02-15,65.12,8902.0
1012,2019-02-18,66.73,8566.0
1013,2019-02-19,66.48,8508.0
1014,2019-02-20,66.38,8356.0
1015,2019-02-21,67.12,8124.0
1016,2019-02-22,67.22,7908.0
1017,2019-02-25,66.84,7649.0
1018,2019-02-26,64.56,7497.0
1019,2019-02-27,65.3,7499.0
1020,2019-02-28,65.98,7611.0
1021,2019-03-04,65.36,7410.0
1022,2019-03-05,65.73,7450.0
1023,2019-03-06,65.85,7387.0
1024,2019-03-07,66.47,7227.0
1025,2019-03-08,65.77,7057.0
1026,2019-03-11,66.81,6315.0
1027,2019-03-12,67.15,6162.0
1028,2019-03-13,67.22,5995.0
1029,2019-03-14,68.17,5883.0
1030,2019-03-15,67.71,5919.0
1031,2019-03-18,67.32,5884.0
1032,2019-03-19,67.63,5982.0
1033,2019-03-20,67.67,6067.0
1034,2019-03-21,68.23,5932.0
1035,2019-03-22,67.46,5767.0
1036,2019-03-25,66.34,5460.0
1037,2019-03-26,67.17,5315.0
1038,2019-03-27,67.37,5165.0
1039,2019-03-28,66.56,5040.0
1040,2019-03-29,67.23,4980.0
1041,2019-04-01,68.23,4750.0
1042,2019-04-02,68.81,4792.0
1043,2019-04-03,69.43,4824.0
1044,2019-04-04,68.67,4810.0
1045,2019-04-05,68.82,4742.0
1046,2019-04-08,70.29,4487.0
1047,2019-04-09,70.53,4466.0
1048,2019-04-10,70.08,4571.0
1049,2019-04-11,70.52,4612.0
1050,2019-04-12,70.1,4625.0
1051,2019-04-15,70.32,4944.0
1052,2019-04-16,70.21,4954.0
1053,2019-04-17,71.33,5004.0
1054,2019-04-18,71.07,5063.0
1055,2019-04-19,71.5,5068.0
1056,2019-04-22,73.36,5067.0
1057,2019-04-23,73.77,5120.0
1058,2019-04-24,73.67,5152.0
1059,2019-04-25,74.46,5137.0
1060,2019-04-26,73.45,5153.0
1061,2019-04-29,71.09,5302.0
1062,2019-04-30,71.63,5318.0
1063,2019-05-02,71.43,5360.0
1064,2019-05-03,69.93,5397.0
1065,2019-05-07,70.29,5419.0
1066,2019-05-08,69.28,5326.0
1067,2019-05-09,69.09,5293.0
1068,2019-05-10,70.1,5264.0
1069,2019-05-13,70.97,4820.0
1070,2019-05-14,69.7,4686.0
1071,2019-05-15,70.46,4575.0
1072,2019-05-16,72.04,4459.0
1073,2019-05-17,72.46,4337.0
1074,2019-05-20,71.0,4133.0
1075,2019-05-21,71.64,4150.0
1076,2019-05-22,71.23,4188.0
1077,2019-05-23,69.22,4221.0
1078,2019-05-24,66.73,4272.0
1079,2019-05-27,66.88,4303.0
1080,2019-05-28,68.31,4284.0
1081,2019-05-29,67.13,4259.0
1082,2019-05-30,67.12,4187.0
1083,2019-05-31,63.83,4147.0
1084,2019-06-03,60.17,3948.0
1085,2019-06-04,60.03,3924.0
1086,2019-06-05,60.685,3968.0
1087,2019-06-07,61.2,3980.0
1088,2019-06-10,61.92,3845.0
1089,2019-06-11,61.28,3871.0
1090,2019-06-12,59.9,3814.0
1091,2019-06-13,60.28,3690.0
1092,2019-06-14,59.9,3623.0
1093,2019-06-17,60.74,3595.0
1094,2019-06-18,59.92,3588.0
1095,2019-06-19,61.22,3583.0
1096,2019-06-20,62.61,3605.0
1097,2019-06-21,64.22,3635.0
1098,2019-06-24,64.02,3650.0
1099,2019-06-25,63.38,3622.0
1100,2019-06-26,64.29,3637.0
1101,2019-06-27,64.42,3665.0
1102,2019-06-28,64.88,3711.0
1103,2019-07-01,64.92,3834.0
1104,2019-07-02,63.43,3847.0
1105,2019-07-03,60.62,3834.0
1106,2019-07-04,61.75,3817.0
1107,2019-07-05,61.62,3853.0
1108,2019-07-08,63.32,3833.0
1109,2019-07-09,62.63,3854.0
1110,2019-07-10,63.9,3908.0
1111,2019-07-11,65.95,4010.0
1112,2019-07-12,65.88,4083.0
1113,2019-07-15,65.22,4302.0
1114,2019-07-16,64.58,4340.0
1115,2019-07-17,63.23,4411.0
1116,2019-07-18,62.14,4441.0
1117,2019-07-19,61.55,4460.0
1118,2019-07-22,62.74,4357.0
1119,2019-07-23,62.11,4288.0
1120,2019-07-24,63.21,4265.0
1121,2019-07-25,63.03,4335.0
1122,2019-07-26,62.83,4430.0
1123,2019-07-29,62.53,4501.0
1124,2019-07-30,63.63,4447.0
1125,2019-07-31,64.57,4378.0
1126,2019-08-01,63.05,4299.0
1127,2019-08-02,60.33,4256.0
1128,2019-08-05,59.68,4032.0
1129,2019-08-06,58.75,4044.0
1130,2019-08-07,57.89,4023.0
1131,2019-08-08,56.83,3923.0
1132,2019-08-09,57.0,3837.0
1133,2019-08-12,57.8125,4025.0
1134,2019-08-13,57.76,4138.0
1135,2019-08-14,59.66,4144.0
1136,2019-08-16,58.2,4225.0
1137,2019-08-19,58.4,4450.0
1138,2019-08-20,59.24,4548.0
1139,2019-08-21,60.09,4619.0
1140,2019-08-22,60.29,4777.0
1141,2019-08-23,59.43,4868.0
1142,2019-08-26,58.59,5275.0
1143,2019-08-27,58.07,5409.0
1144,2019-08-28,58.99,5517.0
1145,2019-08-29,59.32,5607.0
1146,2019-08-30,59.62,5690.0
1147,2019-09-02,57.62,5785.0
1148,2019-09-03,56.48,5850.0
1149,2019-09-04,56.72,5961.0
1150,2019-09-05,58.53,6121.0
1151,2019-09-06,59.23,6312.0
1152,2019-09-09,60.12,6503.0
1153,2019-09-10,60.89,6528.0
1154,2019-09-11,60.89,6560.0
1155,2019-09-16,63.88,6540.0
1156,2019-09-17,67.53,6518.0
1157,2019-09-18,63.3,6431.0
1158,2019-09-19,63.23,6365.0
1159,2019-09-20,64.28,6325.0
1160,2019-09-23,63.59,5585.0
1161,2019-09-24,63.46,5486.0
1162,2019-09-25,61.57,5381.0
1163,2019-09-26,61.73,5185.0
1164,2019-09-27,62.07,4874.0
1165,2019-09-30,60.94,4276.0
1166,2019-10-01,59.22,4168.0
1167,2019-10-02,58.67,4083.0
1168,2019-10-04,57.84,3988.0
1169,2019-10-07,58.24,3851.0
1170,2019-10-08,58.03,3844.0
1171,2019-10-10,57.77,3789.0
1172,2019-10-11,60.44,3676.0
1173,2019-10-14,60.03,3474.0
1174,2019-10-15,59.42,3521.0
1175,2019-10-16,58.8,3560.0
1176,2019-10-17,59.23,3580.0
1177,2019-10-18,59.7,3607.0
1178,2019-10-21,59.38,3739.0
1179,2019-10-22,58.95,3737.0
1180,2019-10-23,59.67,3736.0
1181,2019-10-24,61.04,3743.0
1182,2019-10-25,61.46,3731.0
1183,2019-10-28,61.06,3804.0
1184,2019-10-29,61.0,3837.0
1185,2019-10-30,61.32,3925.0
1186,2019-10-31,61.1,4021.0
1187,2019-11-01,58.72,4111.0
1188,2019-11-04,60.74,4523.0
1189,2019-11-05,61.34,4552.0
1190,2019-11-06,61.49,4580.0
1191,2019-11-07,61.13,4668.0
1192,2019-11-08,60.88,4768.0
1193,2019-11-11,61.15,4726.0
1194,2019-11-12,62.16,4765.0
1195,2019-11-13,61.48,4775.0
1196,2019-11-14,62.47,4753.0
1197,2019-11-15,61.93,4703.0
1198,2019-11-18,62.84,4659.0
1199,2019-11-19,61.86,4648.0
1200,2019-11-20,60.45,4608.0
1201,2019-11-21,62.13,4548.0
1202,2019-11-22,63.74,4484.0
1203,2019-11-25,63.43,4303.0
1204,2019-11-26,63.1,4268.0
1205,2019-11-27,63.69,4231.0
1206,2019-11-28,63.33,4151.0
1207,2019-11-29,63.83,4063.0
1208,2019-12-02,60.83,3901.0
1209,2019-12-03,60.98,3895.0
1210,2019-12-04,61.11,3888.0
1211,2019-12-05,62.73,3889.0
1212,2019-12-09,63.74,3792.0
1213,2019-12-10,63.84,3778.0
1214,2019-12-11,63.78,3790.0
1215,2019-12-12,64.01,3798.0
1216,2019-12-13,64.92,3778.0
1217,2019-12-16,65.54,3990.0
1218,2019-12-17,65.62,4142.0
1219,2019-12-18,66.14,4302.0
1220,2019-12-19,66.48,4370.0
1221,2019-12-20,66.87,4388.0
1222,2019-12-23,66.21,4709.0
1223,2019-12-24,66.77,4760.0
1224,2019-12-26,67.88,4788.0
1225,2019-12-27,67.81,4934.0
1226,2019-12-30,67.81,4906.0
1227,2019-12-31,67.27,4803.0
1228,2020-01-02,65.69,4732.0
1229,2020-01-03,67.79,4760.0
1230,2020-01-06,69.65,4489.0
1231,2020-01-07,68.34,4442.0
1232,2020-01-08,69.24,4370.0
1233,2020-01-09,66.17,4293.0
1234,2020-01-10,65.93,4238.0
1235,2020-01-13,65.68,4273.0
1236,2020-01-14,64.78,4297.0
1237,2020-01-15,64.61,4467.0
1238,2020-01-16,64.74,4595.0
1239,2020-01-17,65.1,4707.0
1240,2020-01-20,65.24,5320.0
1241,2020-01-21,64.27,5366.0
1242,2020-01-22,64.26,5507.0
1243,2020-01-23,62.77,5722.0
1244,2020-01-28,58.57,6709.0
1245,2020-01-29,59.37,7179.0
1246,2020-01-30,57.76,7410.0
1247,2020-01-31,58.45,7527.0
1248,2020-02-03,55.23,8136.0
1249,2020-02-04,53.99,8226.0
1250,2020-02-05,53.57,8425.0
1251,2020-02-06,55.18,8552.0
1252,2020-02-07,54.37,8496.0
1253,2020-02-10,53.33,8373.0
1254,2020-02-11,53.03,8337.0
1255,2020-02-12,54.23,8313.0
1256,2020-02-13,54.54,8272.0
1257,2020-02-14,55.23,8180.0
1258,2020-02-17,55.98,7749.0
1259,2020-02-18,55.11,7731.0
1260,2020-02-19,56.39,7716.0
1261,2020-02-20,56.92,7660.0
1262,2020-02-21,56.41,7427.0
1263,2020-02-24,54.64,6955.0
1264,2020-02-25,54.48,6932.0
1265,2020-02-26,52.28,6815.0
1266,2020-02-27,50.62,6888.0
1267,2020-02-28,49.05,7143.0
1268,2020-03-02,50.58,7093.0
1269,2020-03-03,51.72,7008.0
1270,2020-03-04,50.81,6980.0
1271,2020-03-05,50.78,7004.0
1272,2020-03-06,48.58,6935.0
1273,2020-03-09,32.87,6290.0
1274,2020-03-10,34.18,6153.0
1275,2020-03-11,34.58,6039.0
1276,2020-03-12,32.69,5962.0
1277,2020-03-13,33.93,5876.0
1278,2020-03-16,31.49,5908.0
1279,2020-03-17,30.83,5876.0
1280,2020-03-18,28.26,5875.0
1281,2020-03-19,25.82,5943.0
1282,2020-03-20,28.67,5951.0
1283,2020-03-23,24.6,5745.0
1284,2020-03-24,26.64,5755.0
1285,2020-03-25,27.05,5688.0
1286,2020-03-26,25.74,5561.0
1287,2020-03-27,25.04,5340.0
1288,2020-03-30,23.24,4963.0
1289,2020-03-31,23.43,4879.0
1290,2020-04-01,21.23,4799.0
1291,2020-04-02,21.55,4708.0
1292,2020-04-03,24.51,4624.0
1293,2020-04-06,24.87,4483.0
1294,2020-04-07,24.88,4404.0
1295,2020-04-08,23.52,4375.0
1296,2020-04-09,23.32,4359.0
1297,2020-04-10,22.76,4451.0
1298,2020-04-13,22.31,4533.0
1299,2020-04-14,21.66,4600.0
1300,2020-04-16,19.72,4581.0
1301,2020-04-17,20.61,4551.0
1302,2020-04-20,20.78,4451.0
1303,2020-04-21,17.37,4436.0
1304,2020-04-22,13.52,4410.0
1305,2020-04-23,18.13,4386.0
1306,2020-04-24,18.17,4362.0
1307,2020-04-27,17.97,4416.0
1308,2020-04-28,16.63,4440.0
1309,2020-04-29,17.12,4533.0
1310,2020-05-04,24.33,5162.0
1311,2020-05-06,26.88,5205.0
1312,2020-05-07,26.0,5197.0
1313,2020-05-08,25.92,5226.0
1314,2020-05-11,26.72,5130.0
1315,2020-05-12,26.93,4959.0
1316,2020-05-13,26.84,4781.0
1317,2020-05-14,29.83,4626.0
1318,2020-05-15,31.94,4475.0
1319,2020-05-18,32.9,4186.0
1320,2020-05-19,33.18,4143.0
1321,2020-05-20,32.95,4093.0
1322,2020-05-21,34.1,4120.0
1323,2020-05-22,32.62,4192.0
1324,2020-05-25,34.04,4327.0
1325,2020-05-26,34.81,4362.0
1326,2020-05-27,34.48,4370.0
1327,2020-05-28,33.17,4351.0
1328,2020-05-29,34.86,4313.0
1329,2020-06-01,37.97,4133.0
1330,2020-06-01,37.97,4133.0
1331,2020-06-02,38.93,4053.0
1332,2020-06-02,38.93,4053.0
1333,2020-06-03,39.87,3958.0
1334,2020-06-03,39.87,3958.0
1335,2020-06-04,38.82,3943.0
1336,2020-06-04,38.82,3943.0
1337,2020-06-05,40.63,3987.0
1338,2020-06-05,40.63,3987.0
1339,2020-06-08,42.94,4026.0
1340,2020-06-08,42.94,4026.0
1341,2020-06-09,40.85,3949.0
1342,2020-06-09,40.85,3949.0
1343,2020-06-10,40.91,3910.0
1344,2020-06-10,40.91,3910.0
1345,2020-06-11,40.6,3972.0
1346,2020-06-11,40.6,3972.0
1347,2020-06-12,38.42,3943.0
1348,2020-06-12,38.42,3943.0
1349,2020-06-15,38.35,3683.0
1350,2020-06-15,38.35,3683.0
1351,2020-06-16,40.29,3644.0
1352,2020-06-16,40.29,3644.0
1353,2020-06-17,41.46,3668.0
1354,2020-06-17,41.46,3668.0
1355,2020-06-18,41.09,3642.0
1356,2020-06-18,41.09,3642.0
1357,2020-06-19,42.95,3609.0
1358,2020-06-19,42.95,3609.0
1359,2020-06-22,42.32,3661.0
1360,2020-06-22,42.32,3661.0
1361,2020-06-23,43.39,3684.0
1362,2020-06-23,43.39,3684.0
1363,2020-06-24,42.49,3682.0
1364,2020-06-24,42.49,3682.0
1365,2020-06-25,40.58,3636.0
1366,2020-06-25,40.58,3636.0
1367,2020-06-26,42.02,3657.0
1368,2020-06-26,42.02,3657.0
1369,2020-06-29,40.63,3778.0
1370,2020-06-29,40.63,3778.0
1371,2020-06-30,42.07,3850.0
1372,2020-06-30,42.07,3850.0
1373,2020-07-01,42.7,3839.0
1374,2020-07-02,42.85,3840.0
1375,2020-07-03,42.68,3838.0
1376,2020-07-06,43.66,3897.0
1377,2020-07-07,42.9,3884.0
1378,2020-07-08,43.34,3945.0
1379,2020-07-09,43.63,4032.0
1380,2020-07-10,43.2,4128.0
1381,2020-07-13,43.38,4464.0
1382,2020-07-14,42.78,4529.0
1383,2020-07-15,44.18,4550.0
1384,2020-07-16,43.37,4545.0
1385,2020-07-17,42.86,4548.0
1386,2020-07-20,42.72,4505.0
1387,2020-07-21,43.87,4482.0
1388,2020-07-22,44.12,4553.0
1389,2020-07-23,44.42,4540.0
1390,2020-07-24,43.11,4528.0
1391,2020-07-27,43.13,4689.0
1392,2020-07-28,43.12,4726.0
1393,2020-07-29,43.27,4654.0
1394,2020-07-30,43.14,4588.0
1395,2020-07-31,43.1,4534.0
1396,2020-08-03,42.48,4407.0
1397,2020-08-04,42.97,4312.0
1398,2020-08-05,43.76,4292.0
1399,2020-08-06,43.71,4362.0
1400,2020-08-07,43.88,4384.0
1401,2020-08-10,42.865,4368.0
1402,2020-08-11,44.12,4416.0
1403,2020-08-12,43.63,4594.0
1404,2020-08-13,44.18,4692.0
1405,2020-08-14,43.44,4660.0
1406,2020-08-18,44.46,5256.0
1407,2020-08-19,43.8,5395.0
1408,2020-08-20,43.89,5521.0
1409,2020-08-21,43.96,5583.0
1410,2020-08-24,43.78,5761.0
1411,2020-08-25,44.34,5861.0
1412,2020-08-26,44.83,5851.0
1413,2020-08-27,45.01,5748.0
1414,2020-08-28,44.12,5601.0
1415,2020-08-31,45.93,5373.0
1416,2020-09-01,45.11,5381.0
1417,2020-09-02,45.3,5392.0
1418,2020-09-03,43.43,5431.0
1419,2020-09-04,43.78,5547.0
1420,2020-09-07,41.42,6005.0
1421,2020-09-08,40.68,6088.0
1422,2020-09-09,39.49,6108.0
1423,2020-09-10,39.74,6165.0
1424,2020-09-11,39.27,6325.0
1425,2020-09-14,38.89,6723.0
1426,2020-09-15,39.24,6787.0
1427,2020-09-16,41.21,6775.0
1428,2020-09-17,41.67,6852.0
1429,2020-09-18,43.02,6897.0
1430,2020-09-21,41.63,6423.0
1431,2020-09-22,41.14,6146.0
1432,2020-09-23,41.38,5955.0
1433,2020-09-24,41.21,5859.0
1434,2020-09-25,41.98,5818.0
1435,2020-09-28,41.41,5151.0
1436,2020-09-29,41.87,4968.0
1437,2020-10-05,39.27,4419.0
1438,2020-10-06,40.55,4362.0
1439,2020-10-07,41.24,4363.0
1440,2020-10-08,41.46,4361.0
1441,2020-10-12,41.28,4002.0
1442,2020-10-13,41.19,3912.0
1443,2020-10-14,41.62,3864.0
1444,2020-10-15,42.01,3868.0
1445,2020-10-16,41.88,3849.0
1446,2020-10-19,41.77,3958.0
1447,2020-10-20,41.58,3991.0
1448,2020-10-21,41.71,4002.0
1449,2020-10-22,41.36,3995.0
1450,2020-10-23,41.67,3998.0
1451,2020-10-26,39.84,3963.0
1452,2020-10-27,39.9,3980.0
1453,2020-10-28,39.27,4001.0
1454,2020-10-29,38.26,3998.0
1455,2020-10-30,37.18,4018.0
1456,2020-11-02,36.3,4275.0
1457,2020-11-03,39.52,4457.0
1458,2020-11-04,39.76,4576.0
1459,2020-11-05,40.69,4616.0
1460,2020-11-06,40.57,4662.0
1461,2020-11-09,40.34,4713.0
1462,2020-11-10,42.49,4674.0
1463,2020-11-11,44.44,4620.0
1464,2020-11-12,43.95,4539.0
1465,2020-11-13,43.15,4375.0
1466,2020-11-16,43.74,4063.0
1467,2020-11-17,43.87,4055.0
1468,2020-11-18,43.78,4048.0
1469,2020-11-19,44.0,4030.0
1470,2020-11-20,44.19,3987.0
1471,2020-11-23,45.61,3729.0
1472,2020-11-24,45.86,3675.0
1473,2020-11-25,47.87,3639.0
1474,2020-11-26,47.49,3581.0
1475,2020-11-27,47.13,3516.0
1476,2020-11-30,47.02,3360.0
1477,2020-12-01,47.59,3342.0
1478,2020-12-02,47.08,3302.0
1479,2020-12-03,48.06,3253.0
1480,2020-12-07,48.29,3215.0
1481,2020-12-08,48.3,3225.0
1482,2020-12-09,49.14,3225.0
1483,2020-12-10,49.03,3222.0
1484,2020-12-11,50.47,3225.0
1485,2020-12-14,50.65,3203.0
1486,2020-12-15,50.17,3265.0
1487,2020-12-16,50.85,3347.0
1488,2020-12-17,51.46,3462.0
1489,2020-12-18,51.11,3567.0
1490,2020-12-21,50.26,3747.0
1491,2020-12-22,49.75,3850.0
1492,2020-12-23,49.61,3951.0
1493,2020-12-24,51.28,4018.0
1494,2020-12-28,51.07,4511.0
1495,2020-12-29,50.97,4452.0
1496,2020-12-30,51.05,4495.0
1497,2020-12-31,51.14,4542.0
1498,2021-01-04,52.49,4807.0
1499,2021-01-05,50.5,4717.0
1500,2021-01-06,53.51,4667.0
1501,2021-01-07,54.52,4623.0
1502,2021-01-08,54.58,4504.0
1503,2021-01-11,55.33,4399.0
1504,2021-01-12,55.71,4449.0
1505,2021-01-13,56.44,4608.0
1506,2021-01-14,55.7,4809.0
1507,2021-01-15,55.39,5075.0
1508,2021-01-18,54.19,5658.0
1509,2021-01-19,55.19,5908.0
1510,2021-01-20,56.24,6112.0
1511,2021-01-21,55.49,6250.0
1512,2021-01-22,55.2,6413.0
1513,2021-01-25,55.41,6825.0
1514,2021-01-26,55.32,6859.0
1515,2021-01-27,55.74,6902.0
1516,2021-01-28,54.77,7070.0
1517,2021-01-29,54.65,7291.0
1518,2021-02-01,55.0,7823.0
1519,2021-02-02,56.77,7957.0
1520,2021-02-03,57.64,8092.0
1521,2021-02-04,58.36,8244.0
1522,2021-02-05,58.94,8481.0
1523,2021-02-08,59.8,8481.0
1524,2021-02-09,60.49,8461.0
1525,2021-02-10,60.39,8234.0
1526,2021-02-15,62.48,7272.0
1527,2021-02-16,62.3,7199.0
1528,2021-02-17,62.8,7190.0
1529,2021-02-18,63.26,7307.0
1530,2021-02-19,60.83,7300.0
1531,2021-02-22,61.28,7084.0
1532,2021-02-23,63.54,6930.0
1533,2021-02-24,62.89,6916.0
1534,2021-02-25,65.39,6977.0
1535,2021-02-26,64.29,6889.0
1536,2021-03-02,61.41,7027.0
1537,2021-03-03,61.44,6952.0
1538,2021-03-04,63.11,6856.0
1539,2021-03-05,66.37,6632.0
1540,2021-03-08,68.32,6098.0
1541,2021-03-09,66.4,5909.0
1542,2021-03-10,65.3,5720.0
1543,2021-03-11,66.82,5686.0
1544,2021-03-12,67.9,5676.0
1545,2021-03-15,68.25,5671.0
1546,2021-03-16,66.46,5748.0
1547,2021-03-17,66.57,5748.0
1548,2021-03-18,65.29,5665.0
1549,2021-03-19,62.2,5611.0
1550,2021-03-22,63.18,5436.0
1551,2021-03-23,63.0,5405.0
1552,2021-03-24,60.98,5455.0
1553,2021-03-25,62.43,5496.0
1554,2021-03-26,62.07,5448.0
1555,2021-03-29,63.11,5192.0
1556,2021-03-30,63.9,5114.0
1557,2021-03-31,63.36,5065.0
1558,2021-04-01,61.51,4987.0
1559,2021-04-02,61.6,4916.0
1560,2021-04-05,61.91,4725.0
1561,2021-04-06,61.34,4687.0
1562,2021-04-07,60.88,4626.0
1563,2021-04-08,61.24,4617.0
1564,2021-04-09,60.94,4608.0
1565,2021-04-12,61.1,4613.0
1566,2021-04-13,61.58,4598.0
1567,2021-04-14,62.56,4545.0
1568,2021-04-15,64.17,4482.0
1569,2021-04-16,65.12,4401.0
1570,2021-04-19,64.83,4206.0
1571,2021-04-20,65.74,4166.0
1572,2021-04-21,63.71,4143.0
1573,2021-04-22,62.25,4147.0
1574,2021-04-23,62.93,4172.0
1575,2021-04-26,62.37,4208.0
1576,2021-04-27,63.27,4247.0
1577,2021-04-28,63.57,4303.0
1578,2021-04-29,65.1,4350.0
1579,2021-04-30,65.27,4435.0
1580,2021-05-03,64.38,4709.0
1581,2021-05-04,65.83,4753.0
1582,2021-05-06,67.17,4694.0
1583,2021-05-07,65.9,4676.0
1584,2021-05-10,66.74,4720.0
1585,2021-05-11,65.54,4639.0
1586,2021-05-12,66.56,4519.0
1587,2021-05-13,65.37,4420.0
1588,2021-05-14,65.26,4348.0
1589,2021-05-17,67.17,4127.0
1590,2021-05-18,68.41,4100.0
1591,2021-05-20,65.03,4124.0
1592,2021-05-21,63.25,4121.0
1593,2021-05-24,66.26,4109.0
1594,2021-05-25,67.37,4122.0
1595,2021-05-26,66.835,4137.0
1596,2021-05-27,66.41,4162.0
1597,2021-05-28,67.41,4172.0
1598,2021-05-31,67.94,4030.0
1599,2021-06-01,69.1,4039.0
1600,2021-06-01,69.1,4039.0
1601,2021-06-02,69.21,4055.0
1602,2021-06-02,69.21,4055.0
1603,2021-06-03,69.97,4095.0
1604,2021-06-03,69.97,4095.0
1605,2021-06-04,70.1,4152.0
1606,2021-06-04,70.1,4152.0
1607,2021-06-07,70.03,4216.0
1608,2021-06-07,70.03,4216.0
1609,2021-06-08,69.34,4163.0
1610,2021-06-08,69.34,4163.0
1611,2021-06-09,71.14,4056.0
1612,2021-06-09,71.14,4056.0
1613,2021-06-10,70.71,3961.0
1614,2021-06-10,70.71,3961.0
1615,2021-06-11,71.18,3940.0
1616,2021-06-11,71.18,3940.0
1617,2021-06-14,72.01,3810.0
1618,2021-06-14,72.01,3810.0
1619,2021-06-15,71.79,3722.0
1620,2021-06-15,71.79,3722.0
1621,2021-06-16,72.78,3692.0
1622,2021-06-16,72.78,3692.0
1623,2021-06-17,72.35,3698.0
1624,2021-06-17,72.35,3698.0
1625,2021-06-18,70.98,3728.0
1626,2021-06-18,70.98,3728.0
1627,2021-06-21,71.79,3726.0
1628,2021-06-21,71.79,3726.0
1629,2021-06-22,72.52,3726.0
1630,2021-06-22,72.52,3726.0
1631,2021-06-23,73.43,3778.0
1632,2021-06-23,73.43,3778.0
1633,2021-06-24,73.73,3796.0
1634,2021-06-24,73.73,3796.0
1635,2021-06-25,73.46,3754.0
1636,2021-06-25,73.46,3754.0
1637,2021-06-28,73.88,3864.0
1638,2021-06-28,73.88,3864.0
1639,2021-06-29,72.85,3920.0
1640,2021-06-29,72.85,3920.0
1641,2021-06-30,72.87,3996.0
1642,2021-06-30,72.87,3996.0
1643,2021-07-01,73.85,4017.0
1644,2021-07-02,74.09,4065.0
1645,2021-07-05,74.68,4188.0
1646,2021-07-06,75.88,4218.0
1647,2021-07-07,73.29,4216.0
1648,2021-07-08,70.63,4263.0
1649,2021-07-09,73.03,4295.0
1650,2021-07-12,73.54,4473.0
1651,2021-07-13,74.36,4556.0
1652,2021-07-14,74.72,4594.0
1653,2021-07-15,72.23,4612.0
1654,2021-07-16,72.18,4661.0
1655,2021-07-19,71.68,4685.0
1656,2021-07-20,71.565,4671.0
1657,2021-07-21,68.67,4653.0
1658,2021-07-22,71.43,4652.0
1659,2021-07-23,72.25,4617.0
1660,2021-07-26,71.59,4731.0
1661,2021-07-27,73.02,4796.0
1662,2021-07-28,72.82,4785.0
1663,2021-07-29,73.68,4692.0
1664,2021-07-30,73.9,4613.0
1665,2021-08-02,73.28,4447.0
1666,2021-08-03,71.88,4408.0
1667,2021-08-04,71.37,4391.0
1668,2021-08-05,68.8,4470.0
1669,2021-08-06,70.72,4569.0
1670,2021-08-09,69.935,4684.0
1671,2021-08-10,68.91,4631.0
1672,2021-08-11,69.77,4663.0
1673,2021-08-12,70.52,4783.0
1674,2021-08-13,70.03,4929.0
1675,2021-08-17,68.45,5350.0
1676,2021-08-18,68.58,5514.0
1677,2021-08-19,65.35,5646.0
1678,2021-08-20,65.37,5748.0
1679,2021-08-23,66.09,5938.0
1680,2021-08-24,68.7,5967.0
1681,2021-08-25,69.69,6089.0
1682,2021-08-26,70.11,6209.0
1683,2021-08-27,70.76,6241.0
1684,2021-08-30,71.13,6246.0
1685,2021-08-31,71.19,6360.0
1686,2021-09-01,70.43,6584.0
1687,2021-09-02,69.74,6728.0
1688,2021-09-03,71.26,6934.0
1689,2021-09-06,69.99,7285.0
1690,2021-09-07,70.35,7238.0
1691,2021-09-08,69.78,7186.0
1692,2021-09-09,70.65,7146.0
1693,2021-09-10,70.85,7146.0
1694,2021-09-13,71.73,7394.0
1695,2021-09-14,72.29,7524.0
1696,2021-09-15,72.26,7644.0
1697,2021-09-16,73.09,7726.0
1698,2021-09-17,73.06,7875.0
1699,2021-09-23,74.11,7127.0
1700,2021-09-24,74.77,7134.0
1701,2021-09-27,76.17,6834.0
1702,2021-09-28,77.34,6574.0
1703,2021-09-29,75.7,6410.0
1704,2021-09-30,75.92,6405.0
1705,2021-10-01,75.68,6280.0
1706,2021-10-05,79.57,5879.0
1707,2021-10-06,80.55,5714.0
1708,2021-10-07,77.41,5493.0
1709,2021-10-08,81.23,5273.0
1710,2021-10-12,82.07,4908.0
1711,2021-10-13,81.43,4720.0
1712,2021-10-14,82.28,4655.0
1713,2021-10-15,82.99,4650.0
1714,2021-10-18,83.89,4688.0
1715,2021-10-19,83.03,4703.0
1716,2021-10-20,82.56,4695.0
1717,2021-10-21,83.12,4659.0
1718,2021-10-22,82.57,4633.0
1719,2021-10-25,84.37,4651.0
1720,2021-10-26,83.94,4640.0
1721,2021-10-27,83.46,4648.0
1722,2021-10-28,81.91,4695.0
1723,2021-10-29,82.57,4744.0
1724,2021-11-01,81.99,4905.0
1725,2021-11-02,83.31,4982.0
1726,2021-11-03,81.89,5110.0
1727,2021-11-04,81.555,5192.0
1728,2021-11-05,79.48,5230.0
1729,2021-11-08,81.99,5419.0
1730,2021-11-09,82.24,5424.0
1731,2021-11-10,83.97,5379.0
1732,2021-11-11,81.83,5293.0
1733,2021-11-12,81.57,5171.0
1734,2021-11-15,80.89,4793.0
1735,2021-11-16,81.96,4714.0
1736,2021-11-17,81.01,4647.0
1737,2021-11-18,78.66,4575.0
1738,2021-11-19,80.89,4465.0
1739,2021-11-22,78.42,4190.0
1740,2021-11-23,78.47,4083.0
1741,2021-11-24,81.86,3980.0
1742,2021-11-25,81.44,3888.0
1743,2021-11-26,77.38,3797.0
1744,2021-11-29,75.17,3548.0
1745,2021-11-30,71.88,3491.0
1746,2021-12-01,71.13,3417.0
1747,2021-12-02,69.13,3339.0
1748,2021-12-06,70.12,3206.0
1749,2021-12-07,73.22,3195.0
1750,2021-12-08,73.83,3169.0
1751,2021-12-09,74.48,3135.0
1752,2021-12-10,72.73,3111.0
1753,2021-12-13,74.11,3046.0
1754,2021-12-14,73.39,3038.0
1755,2021-12-15,72.01,3046.0
1756,2021-12-16,73.37,3044.0
1757,2021-12-17,73.36,3041.0
1758,2021-12-20,70.11,3133.0
1759,2021-12-21,70.56,3205.0
1760,2021-12-22,72.56,3306.0
1761,2021-12-23,73.54,3424.0
1762,2021-12-24,74.37,3560.0
1763,2021-12-27,76.12,3923.0
1764,2021-12-28,76.47,4062.0
1765,2021-12-29,76.91,4089.0
1766,2021-12-30,77.24,4182.0
1767,2021-12-31,77.12,4305.0
