date,snow,price
2015-01-02,0,380
2015-01-05,0.6,380
2015-01-06,1.1,380
2015-01-07,0,380
2015-01-08,0,380
2015-01-09,0,380
2015-01-12,0,380
2015-01-13,0,380
2015-01-14,0,380
2015-01-15,0.2,380
2015-01-16,0.1,380
2015-01-19,1.9,380
2015-01-20,0,380
2015-01-21,0,380
2015-01-22,0,380
2015-01-23,0,380
2015-01-26,0,380
2015-01-27,0,380
2015-01-28,0,380
2015-01-29,0,380
2015-01-30,0,380
2015-02-02,0,390
2015-02-03,0,390
2015-02-04,0,390
2015-02-05,0,390
2015-02-06,0,390
2015-02-09,0,400
2015-02-10,0,400
2015-02-11,0,410
2015-02-12,0,440
2015-02-13,0,440
2015-02-16,0,440
2015-02-17,0,440
2015-02-23,0,410
2015-02-24,0,410
2015-02-25,0,440
2015-02-26,0,440
2015-02-27,0,440
2015-03-02,0,450
2015-03-03,0,450
2015-03-04,0,470
2015-03-05,0,470
2015-03-06,0,470
2015-03-09,0,470
2015-03-10,0,470
2015-03-11,0,470
2015-03-12,0,480
2015-03-13,0,480
2015-03-16,0,480
2015-03-17,0,480
2015-03-18,0,490
2015-03-19,0,500
2015-03-20,0,490
2015-03-23,0,510
2015-03-24,0,510
2015-03-25,0,510
2015-03-26,0,510
2015-03-27,0,510
2015-03-30,0,500
2015-03-31,0,500
2015-04-01,0,490
2015-04-02,0,500
2015-04-03,0,500
2015-04-06,0,500
2015-04-07,0,500
2015-04-08,0,500
2015-04-09,0,480
2015-04-10,0,480
2015-04-13,0,480
2015-04-14,0,480
2015-04-15,0,480
2015-04-16,0,480
2015-04-17,0,480
2015-04-20,0,480
2015-04-21,0,490
2015-04-22,0,490
2015-04-23,0,510
2015-04-24,0,510
2015-04-27,0,530
2015-04-28,0,530
2015-04-29,0,540
2015-04-30,0,550
2015-05-04,0,590
2015-05-06,0,670
2015-05-07,0,690
2015-05-08,0,690
2015-05-11,0,710
2015-05-12,0,735
2015-05-13,0,735
2015-05-14,0,735
2015-05-15,0,735
2015-05-18,0,1070
2015-05-19,0,1110
2015-05-20,0,1110
2015-05-21,0,1130
2015-05-22,0,1110
2015-05-26,0,1110
2015-05-27,0,1100
2015-05-28,0,1080
2015-05-29,0,1050
2015-06-01,0,900
2015-06-02,0,900
2015-06-03,0,860
2015-06-04,0,760
2015-06-05,0,760
2015-06-08,0,740
2015-06-09,0,750
2015-06-10,0,760
2015-06-11,0,810
2015-06-12,0,800
2015-06-15,0,760
2015-06-16,0,710
2015-06-17,0,710
2015-06-18,0,670
2015-06-19,0,670
2015-06-22,0,680
2015-06-23,0,690
2015-06-24,0,700
2015-06-25,0,700
2015-06-26,0,700
2015-06-29,0,700
2015-06-30,0,700
2015-07-01,0,700
2015-07-02,0,700
2015-07-03,0,700
2015-07-06,0,700
2015-07-07,0,700
2015-07-08,0,700
2015-07-09,0,700
2015-07-10,0,700
2015-07-13,0,700
2015-07-14,0,700
2015-07-15,0,700
2015-07-16,0,640
2015-07-17,0,630
2015-07-20,0,630
2015-07-21,0,610
2015-07-22,0,590
2015-07-23,0,590
2015-07-24,0,580
2015-07-27,0,580
2015-07-28,0,570
2015-07-29,0,570
2015-07-30,0,570
2015-07-31,0,570
2015-08-03,0,570
2015-08-04,0,570
2015-08-05,0,570
2015-08-06,0,580
2015-08-07,0,610
2015-08-10,0,655
2015-08-11,0,690
2015-08-12,0,690
2015-08-13,0,706
2015-08-17,0,750
2015-08-18,0,700
2015-08-19,0,680
2015-08-20,0,690
2015-08-21,0,690
2015-08-24,0,690
2015-08-25,0,690
2015-08-26,0,740
2015-08-27,0,710
2015-08-28,0,680
2015-08-31,0,680
2015-09-01,0,660
2015-09-02,0,660
2015-09-03,0,570
2015-09-04,0,580
2015-09-07,0,610
2015-09-08,0,600
2015-09-09,0,590
2015-09-10,0,590
2015-09-11,0,580
2015-09-14,0,580
2015-09-15,0,580
2015-09-16,0,580
2015-09-17,0,590
2015-09-18,0,600
2015-09-21,0,580
2015-09-22,0,610
2015-09-23,0,640
2015-09-24,0,700
2015-09-25,0,660
2015-09-30,0,660
2015-10-01,0,630
2015-10-02,0,610
2015-10-05,0,520
2015-10-06,0,520
2015-10-07,0,490
2015-10-08,0,490
2015-10-12,0,460
2015-10-13,0,450
2015-10-14,0,420
2015-10-15,0,400
2015-10-16,0,400
2015-10-19,0,400
2015-10-20,0,390
2015-10-21,0,390
2015-10-22,0,390
2015-10-23,0,390
2015-10-26,0,390
2015-10-27,0,390
2015-10-28,0,390
2015-10-29,0,390
2015-10-30,0,380
2015-11-02,0,385
2015-11-03,0,385
2015-11-04,0,390
2015-11-05,0,390
2015-11-06,0,390
2015-11-09,0,405
2015-11-10,0,410
2015-11-11,0,430
2015-11-12,0,410
2015-11-13,0,430
2015-11-16,0,400
2015-11-17,0,420
2015-11-18,0,410
2015-11-19,0,430
2015-11-20,0,510
2015-11-23,0,510
2015-11-24,0,510
2015-11-25,0,520
2015-11-26,0,520
2015-11-27,0,550
2015-11-30,0,530
2015-12-01,0,510
2015-12-02,0,490
2015-12-03,0,490
2015-12-07,0,440
2015-12-08,0,440
2015-12-09,0,440
2015-12-10,0,440
2015-12-11,0,400
2015-12-14,0,400
2015-12-15,0,420
2015-12-16,0,420
2015-12-17,0,420
2015-12-18,0,420
2015-12-21,0,410
2015-12-22,0,420
2015-12-23,0,410
2015-12-24,0,410
2015-12-28,0,430
2015-12-29,0,430
2015-12-30,0,430
2015-12-31,0,430
2016-01-04,0,440
2016-01-05,0,450
2016-01-06,0,450
2016-01-07,0,455
2016-01-08,0,455
2016-01-11,0,470
2016-01-12,0,470
2016-01-13,0,470
2016-01-14,0,480
2016-01-15,0,480
2016-01-18,0,510
2016-01-19,0,530
2016-01-20,0,570
2016-01-21,0,580
2016-01-22,0,630
2016-01-25,0,690
2016-01-26,0,670
2016-01-27,0,740
2016-01-28,0,740
2016-01-29,6,760
2016-02-01,8,710
2016-02-02,0,700
2016-02-03,0,710
2016-02-04,0,710
2016-02-05,17.2,720
2016-02-11,0,700
2016-02-12,0,700
2016-02-15,0,760
2016-02-16,0,800
2016-02-17,0,840
2016-02-18,0,880
2016-02-19,0,900
2016-02-22,0,880
2016-02-23,0,940
2016-02-24,13.5,960
2016-02-25,0,920
2016-02-26,10,980
2016-03-02,0,1110
2016-03-03,0,1100
2016-03-04,0,1100
2016-03-07,0,1160
2016-03-08,0,1180
2016-03-09,6.5,1180
2016-03-10,0,1180
2016-03-11,0,1180
2016-03-14,0,1160
2016-03-15,0,1160
2016-03-16,0,1180
2016-03-17,0,1180
2016-03-18,0,1200
2016-03-21,0,1200
2016-03-22,0,1220
2016-03-23,0,1220
2016-03-24,0,1200
2016-03-25,0,1220
2016-03-28,0,1320
2016-03-29,0,1320
2016-03-30,0,1320
2016-03-31,0,1320
2016-04-01,0,1440
2016-04-04,0,1460
2016-04-05,0,1500
2016-04-06,0,1520
2016-04-07,0,1560
2016-04-08,0,1560
2016-04-11,0,1560
2016-04-12,0,1540
2016-04-14,0,1520
2016-04-15,0,1500
2016-04-18,0,1520
2016-04-19,0,1480
2016-04-20,0,1480
2016-04-21,0,1489
2016-04-22,0,1500
2016-04-25,0,1520
2016-04-26,0,1520
2016-04-27,0,1460
2016-04-28,0,1520
2016-04-29,0,1510
2016-05-02,0,1400
2016-05-03,0,1360
2016-05-04,0,1260
2016-05-09,0,1140
2016-05-10,0,1140
2016-05-11,0,1140
2016-05-12,0,1100
2016-05-13,0,1080
2016-05-16,0,1200
2016-05-17,0,1220
2016-05-18,0,1160
2016-05-19,0,1180
2016-05-20,0,1200
2016-05-23,0,1140
2016-05-24,0,1140
2016-05-25,0,1140
2016-05-26,0,1100
2016-05-27,0,1060
2016-05-30,0,880
2016-05-31,0,820
2016-06-01,0,780
2016-06-02,0,760
2016-06-03,0,740
2016-06-07,0,700
2016-06-08,0,680
2016-06-09,0,650
2016-06-10,0,560
2016-06-13,0,580
2016-06-14,0,560
2016-06-15,0,500
2016-06-16,0,500
2016-06-17,0,540
2016-06-20,0,600
2016-06-21,0,650
2016-06-22,0,610
2016-06-23,0,650
2016-06-24,0,660
2016-06-27,0,640
2016-06-28,0,620
2016-06-29,0,570
2016-06-30,0,570
2016-07-01,0,570
2016-07-04,0,570
2016-07-05,0,620
2016-07-06,0,650
2016-07-07,0,720
2016-07-08,0,720
2016-07-11,0,700
2016-07-12,0,740
2016-07-13,0,840
2016-07-14,0,840
2016-07-15,0,840
2016-07-18,0,840
2016-07-19,0,820
2016-07-20,0,790
2016-07-21,0,760
2016-07-22,0,770
2016-07-25,0,770
2016-07-26,0,780
2016-07-27,0,780
2016-07-28,0,810
2016-07-29,0,830
2016-08-01,0,1060
2016-08-02,0,1140
2016-08-03,0,1160
2016-08-04,0,1120
2016-08-05,0,1180
2016-08-08,0,1120
2016-08-09,0,1180
2016-08-10,0,1280
2016-08-11,0,1320
2016-08-12,0,1340
2016-08-16,0,1380
2016-08-17,0,1520
2016-08-18,0,1520
2016-08-19,0,1560
2016-08-22,0,1780
2016-08-23,0,1820
2016-08-24,0,1820
2016-08-25,0,1840
2016-08-26,0,1920
2016-08-29,0,2000
2016-08-30,0,2160
2016-08-31,0,2300
2016-09-01,0,2380
2016-09-02,0,2340
2016-09-05,0,2300
2016-09-06,0,2260
2016-09-07,0,2220
2016-09-08,0,2300
2016-09-09,0,2140
2016-09-12,0,2100
2016-09-13,0,2300
2016-09-19,0,1980
2016-09-20,0,2020
2016-09-21,0,2040
2016-09-22,0,2000
2016-09-23,0,1960
2016-09-26,0,1980
2016-09-27,0,1980
2016-09-28,0,1960
2016-09-29,0,1860
2016-09-30,0,1860
2016-10-04,0,1780
2016-10-05,0,1660
2016-10-06,0,1600
2016-10-07,0,1480
2016-10-10,0,1260
2016-10-11,0,1160
2016-10-12,0,1040
2016-10-13,0,960
2016-10-14,0,1000
2016-10-17,0,1000
2016-10-18,0,1000
2016-10-19,0,940
2016-10-20,0,880
2016-10-21,0,880
2016-10-24,0,800
2016-10-25,0,800
2016-10-26,0,800
2016-10-27,0,740
2016-10-28,0,740
2016-10-31,0,740
2016-11-01,0,710
2016-11-02,0,700
2016-11-03,0,700
2016-11-04,0,690
2016-11-07,0,660
2016-11-08,0,680
2016-11-09,0,740
2016-11-10,0,720
2016-11-11,0,740
2016-11-14,0,740
2016-11-15,0,740
2016-11-16,0,800
2016-11-17,0,820
2016-11-18,0,980
2016-11-21,0,1020
2016-11-22,0,1000
2016-11-23,0,1020
2016-11-24,0,1040
2016-11-25,0,1040
2016-11-28,0,1040
2016-11-29,0,1040
2016-11-30,0,1020
2016-12-01,0,1040
2016-12-05,0,1020
2016-12-06,0,1000
2016-12-07,0,940
2016-12-08,0,940
2016-12-09,0,880
2016-12-12,0,920
2016-12-13,13,900
2016-12-14,0,880
2016-12-15,0,880
2016-12-16,0,960
2016-12-19,0,920
2016-12-20,0,900
2016-12-21,0,950
2016-12-22,0,930
2016-12-23,0,900
2016-12-26,0,920
2016-12-27,18.5,920
2016-12-28,0,920
2016-12-29,0,920
2016-12-30,0,900
2017-01-02,0,960
2017-01-03,0,1000
2017-01-04,0,1040
2017-01-05,0,980
2017-01-06,0,940
2017-01-09,0,940
2017-01-10,0,940
2017-01-11,0,1000
2017-01-12,0,1000
2017-01-13,0,1000
2017-01-16,0,1040
2017-01-17,0,1020
2017-01-18,0,1000
2017-01-19,0,980
2017-01-20,31.3,980
2017-01-23,0,1080
2017-01-24,0,1080
2017-01-25,0,1080
2017-01-26,0,1080
2017-01-31,20.2,1080
2017-02-01,0,1020
2017-02-02,0,1040
2017-02-03,0,1020
2017-02-06,0,1020
2017-02-07,0,1020
2017-02-08,0,1020
2017-02-09,0,1020
2017-02-10,0,1020
2017-02-13,0,1020
2017-02-14,0,960
2017-02-15,0,960
2017-02-16,0,960
2017-02-17,0,900
2017-02-20,0,1030
2017-02-21,0,1060
2017-02-22,0,1020
2017-02-23,0,1020
2017-02-24,0,1020
2017-02-27,0,1000
2017-02-28,0,1000
2017-03-02,0,1000
2017-03-03,0,960
2017-03-06,0,960
2017-03-07,0,960
2017-03-08,0,960
2017-03-09,0,960
2017-03-10,0,960
2017-03-13,0,930
2017-03-14,3.8,930
2017-03-15,0,930
2017-03-16,0,950
2017-03-17,0,950
2017-03-20,0,950
2017-03-21,0,950
2017-03-22,0,930
2017-03-23,0,890
2017-03-24,0,930
2017-03-27,0,990
2017-03-28,0,950
2017-03-29,0,930
2017-03-30,0,930
2017-03-31,0,930
2017-04-03,0,930
2017-04-04,0,930
2017-04-05,0,910
2017-04-06,0,870
2017-04-07,0,850
2017-04-10,0,800
2017-04-11,0,840
2017-04-12,0,750
2017-04-13,0,740
2017-04-14,0,740
2017-04-17,0,720
2017-04-18,0,720
2017-04-19,0,740
2017-04-20,0,740
2017-04-21,0,740
2017-04-24,0,740
2017-04-25,0,710
2017-04-26,0,700
2017-04-27,0,700
2017-04-28,0,680
2017-05-02,0,535
2017-05-04,0,550
2017-05-08,0,565
2017-05-10,0,565
2017-05-11,0,400
2017-05-12,0,400
2017-05-15,0,370
2017-05-16,0,380
2017-05-17,0,380
2017-05-18,0,370
2017-05-19,0,390
2017-05-22,0,430
2017-05-23,0,430
2017-05-24,0,430
2017-05-25,0,430
2017-05-26,0,430
2017-05-29,0,350
2017-05-30,0,390
2017-05-31,0,370
2017-06-01,0,360
2017-06-02,0,390
2017-06-05,0,430
2017-06-07,0,520
2017-06-08,0,520
2017-06-09,0,530
2017-06-12,0,470
2017-06-13,0,450
2017-06-14,0,450
2017-06-15,0,440
2017-06-16,0,430
2017-06-19,0,470
2017-06-20,0,470
2017-06-21,0,470
2017-06-22,0,530
2017-06-23,0,580
2017-06-26,0,550
2017-06-27,0,560
2017-06-28,0,560
2017-06-29,0,560
2017-06-30,0,540
2017-07-03,0,600
2017-07-04,0,610
2017-07-05,0,630
2017-07-06,0,580
2017-07-07,0,560
2017-07-10,0,624
2017-07-11,0,670
2017-07-12,0,780
2017-07-13,0,790
2017-07-14,0,790
2017-07-17,0,890
2017-07-18,0,910
2017-07-19,0,910
2017-07-20,0,930
2017-07-21,0,890
2017-07-24,0,1020
2017-07-25,0,1020
2017-07-26,0,1130
2017-07-27,0,1130
2017-07-28,0,1090
2017-07-31,0,1210
2017-08-01,0,1195
2017-08-02,0,1220
2017-08-03,0,1260
2017-08-04,0,1245
2017-08-07,0,1260
2017-08-08,0,1255
2017-08-09,0,1290
2017-08-10,0,1370
2017-08-11,0,1420
2017-08-14,0,1620
2017-08-16,0,1560
2017-08-17,0,1570
2017-08-18,0,1630
2017-08-21,0,1670
2017-08-22,0,1720
2017-08-23,0,1820
2017-08-24,0,1720
2017-08-25,0,1760
2017-08-28,0,1760
2017-08-29,0,1720
2017-08-30,0,1740
2017-08-31,0,1660
2017-09-01,0,1840
2017-09-04,0,2000
2017-09-05,0,2060
2017-09-06,0,2040
2017-09-07,0,2020
2017-09-08,0,1920
2017-09-11,0,1840
2017-09-12,0,1800
2017-09-13,0,1780
2017-09-14,0,1740
2017-09-15,0,1720
2017-09-18,0,1740
2017-09-19,0,1680
2017-09-20,0,1700
2017-09-21,0,1620
2017-09-22,0,1680
2017-09-25,0,1620
2017-09-26,0,1520
2017-09-27,0,1480
2017-09-28,0,1360
2017-09-29,0,1420
2017-10-10,0,1300
2017-10-11,0,1280
2017-10-12,0,1020
2017-10-13,0,840
2017-10-16,0,740
2017-10-17,0,660
2017-10-18,0,640
2017-10-19,0,580
2017-10-20,0,540
2017-10-23,0,570
2017-10-24,0,570
2017-10-25,0,570
2017-10-26,0,570
2017-10-27,0,570
2017-10-30,0,576
2017-10-31,0,576
2017-11-01,0,540
2017-11-02,0,536
2017-11-03,0,546
2017-11-06,0,540
2017-11-07,0,546
2017-11-08,0,596
2017-11-09,0,600
2017-11-10,0,620
2017-11-13,0,620
2017-11-14,0,600
2017-11-15,0,600
2017-11-16,0,616
2017-11-17,0,644
2017-11-20,0,624
2017-11-21,0,650
2017-11-22,0,656
2017-11-23,0,700
2017-11-24,0,720
2017-11-27,0,620
2017-11-28,0,596
2017-11-29,0,596
2017-11-30,0,596
2017-12-04,0,584
2017-12-05,0,550
2017-12-06,0,546
2017-12-07,0,550
2017-12-08,0,622
2017-12-11,0,642
2017-12-12,0,642
2017-12-13,0,642
2017-12-14,0,660
2017-12-15,0,666
2017-12-18,0,686
2017-12-19,0,690
2017-12-20,0,700
2017-12-21,0,704
2017-12-22,0,704
2017-12-26,0,690
2017-12-27,0,696
2017-12-28,0,690
2017-12-29,0,680
2018-01-02,0,685
2018-01-03,0,683
2018-01-04,0,685
2018-01-05,0,685
2018-01-08,0,700
2018-01-09,0,700
2018-01-10,0,700
2018-01-11,0,700
2018-01-12,0,696
2018-01-15,0,680
2018-01-16,0,700
2018-01-17,0,640
2018-01-18,0,626
2018-01-19,0,630
2018-01-22,5.1,636
2018-01-23,0,650
2018-01-24,0,646
2018-01-25,0,640
2018-01-26,0,640
2018-01-29,0,690
2018-01-30,0,780
2018-01-31,0,830
2018-02-01,0,836
2018-02-02,0,910
2018-02-05,0,1000
2018-02-06,0,1060
2018-02-07,0,1090
2018-02-08,0,1050
2018-02-09,0,1020
2018-02-12,0,930
2018-02-13,0,910
2018-02-14,0,880
2018-02-19,0,820
2018-02-20,0,840
2018-02-21,0,840
2018-02-22,0,820
2018-02-23,0.6,820
2018-02-26,0,850
2018-02-27,0,860
2018-02-28,1,860
2018-03-02,1,860
2018-03-05,8,860
2018-03-06,0,880
2018-03-07,0,880
2018-03-08,3.5,870
2018-03-09,0,870
2018-03-12,0,920
2018-03-13,0,860
2018-03-14,0,890
2018-03-15,0,880
2018-03-16,0,830
2018-03-19,0,830
2018-03-20,0,820
2018-03-21,0,840
2018-03-22,0,900
2018-03-23,0,920
2018-03-26,0,920
2018-03-27,0,910
2018-03-28,0,890
2018-03-29,0,860
2018-03-30,0,850
2018-04-02,0,850
2018-04-03,0,850
2018-04-04,0,820
2018-04-05,0,830
2018-04-06,0,790
2018-04-09,0,800
2018-04-10,0,830
2018-04-11,0,830
2018-04-12,0,840
2018-04-13,0,820
2018-04-16,0,830
2018-04-17,0,840
2018-04-18,0,810
2018-04-19,0,800
2018-04-20,0,800
2018-04-23,0,820
2018-04-24,0,820
2018-04-25,0,820
2018-04-26,0,790
2018-04-27,0,780
2018-04-30,0,800
2018-05-02,0,800
2018-05-03,0,780
2018-05-04,0,790
2018-05-08,0,720
2018-05-09,0,705
2018-05-10,0,705
2018-05-11,0,670
2018-05-14,0,663
2018-05-15,0,678
2018-05-16,0,678
2018-05-17,0,678
2018-05-18,0,675
2018-05-21,0,600
2018-05-23,0,540
2018-05-24,0,530
2018-05-25,0,530
2018-05-28,0,520
2018-05-29,0,520
2018-05-30,0,520
2018-05-31,0,510
2018-06-01,0,510
2018-06-04,0,490
2018-06-05,0,490
2018-06-07,0,490
2018-06-08,0,490
2018-06-11,0,500
2018-06-12,0,490
2018-06-14,0,550
2018-06-15,0,560
2018-06-18,0,600
2018-06-19,0,600
2018-06-20,0,590
2018-06-21,0,580
2018-06-22,0,590
2018-06-25,0,640
2018-06-26,0,650
2018-06-27,0,690
2018-06-28,0,707
2018-06-29,0,667
2018-07-02,0,687
2018-07-03,0,693
2018-07-04,0,680
2018-07-05,0,670
2018-07-06,0,660
2018-07-09,0,720
2018-07-10,0,730
2018-07-11,0,860
2018-07-12,0,880
2018-07-13,0,920
2018-07-16,0,1021
2018-07-17,0,951
2018-07-18,0,1000
2018-07-19,0,1060
2018-07-20,0,1080
2018-07-23,0,1240
2018-07-24,0,1320
2018-07-25,0,1340
2018-07-26,0,1472
2018-07-27,0,1620
2018-07-30,0,1580
2018-07-31,0,1700
2018-08-01,0,1600
2018-08-02,0,1560
2018-08-03,0,1480
2018-08-06,0,1520
2018-08-07,0,1560
2018-08-08,0,1560
2018-08-09,0,1500
2018-08-10,0,1520
2018-08-13,0,1500
2018-08-14,0,1540
2018-08-16,0,1700
2018-08-17,0,1840
2018-08-20,0,1980
2018-08-21,0,2040
2018-08-22,0,2100
2018-08-23,0,2280
2018-08-24,0,2500
2018-08-27,0,2360
2018-08-28,0,2460
2018-08-29,0,2300
2018-08-30,0,2180
2018-08-31,0,2020
2018-09-03,0,1940
2018-09-04,0,1700
2018-09-05,0,1640
2018-09-06,0,1620
2018-09-07,0,1540
2018-09-10,0,1520
2018-09-11,0,1580
2018-09-12,0,1600
2018-09-13,0,1560
2018-09-14,0,1500
2018-09-17,0,1480
2018-09-18,0,1440
2018-09-19,0,1440
2018-09-20,0,1380
2018-09-21,0,1400
2018-09-27,0,1260
2018-09-28,0,1180
2018-10-01,0,1100
2018-10-02,0,1020
2018-10-04,0,870
2018-10-05,0,910
2018-10-08,0,1000
2018-10-10,0,900
2018-10-11,0,840
2018-10-12,0,810
2018-10-15,0,807
2018-10-16,0,827
2018-10-17,0,810
2018-10-18,0,790
2018-10-19,0,810
2018-10-22,0,820
2018-10-23,0,780
2018-10-24,0,780
2018-10-25,0,780
2018-10-26,0,780
2018-10-29,0,790
2018-10-30,0,780
2018-10-31,0,780
2018-11-01,0,780
2018-11-02,0,790
2018-11-05,0,810
2018-11-06,0,830
2018-11-07,0,810
2018-11-08,0,820
2018-11-09,0,820
2018-11-12,0,760
2018-11-13,0,760
2018-11-14,0,780
2018-11-15,0,780
2018-11-16,0,720
2018-11-19,0,740
2018-11-20,0,720
2018-11-21,0,720
2018-11-22,0,700
2018-11-23,0,750
2018-11-26,0,700
2018-11-27,0,640
2018-11-28,0,660
2018-11-29,0,660
2018-11-30,0,680
2018-12-03,0,663
2018-12-04,0,650
2018-12-05,0,657
2018-12-06,0,670
2018-12-10,0,697
2018-12-11,0,697
2018-12-12,0,697
2018-12-13,0,697
2018-12-14,0,647
2018-12-17,0,610
2018-12-18,0,570
2018-12-19,0,560
2018-12-20,0,560
2018-12-21,0,560
2018-12-24,0,560
2018-12-26,0,580
2018-12-27,0,547
2018-12-28,0,547
2018-12-31,0,553
2019-01-02,0,577
2019-01-03,0,580
2019-01-04,0,570
2019-01-07,0,580
2019-01-08,0,530
2019-01-09,0,510
2019-01-10,0,510
2019-01-11,0,500
2019-01-14,0,460
2019-01-15,0,480
2019-01-16,0,478
2019-01-17,0,460
2019-01-18,0,450
2019-01-21,0,450
2019-01-22,0,440
2019-01-23,0,460
2019-01-24,0,430
2019-01-25,3.5,430
2019-01-28,0,440
2019-01-29,0,440
2019-01-30,0,440
2019-01-31,17.1,450
2019-02-01,1.3,430
2019-02-07,0,430
2019-02-08,0,420
2019-02-11,0,412
2019-02-12,0,412
2019-02-13,0,420
2019-02-14,0.5,412
2019-02-15,0,422
2019-02-18,0,400
2019-02-19,0,400
2019-02-20,0,400
2019-02-21,0,400
2019-02-22,0,408
2019-02-25,0,368
2019-02-26,0,370
2019-02-27,0,370
2019-02-28,0,360
2019-03-04,0,370
2019-03-05,0,370
2019-03-06,0,380
2019-03-07,0,380
2019-03-08,0,380
2019-03-11,0,380
2019-03-12,0,380
2019-03-13,0,380
2019-03-14,0,380
2019-03-15,0,380
2019-03-18,0,380
2019-03-19,0,376
2019-03-20,0,376
2019-03-21,0,360
2019-03-22,0,360
2019-03-25,0,370
2019-03-26,0,370
2019-03-27,0,366
2019-03-28,0,366
2019-03-29,0,366
2019-04-01,0,366
2019-04-02,0,362
2019-04-03,0,340
2019-04-04,0,334
2019-04-05,0,334
2019-04-08,0,334
2019-04-09,0,334
2019-04-10,0,334
2019-04-11,0,324
2019-04-12,0,324
2019-04-15,0,334
2019-04-16,0,334
2019-04-17,0,334
2019-04-18,0,334
2019-04-19,0,334
2019-04-22,0,334
2019-04-23,0,334
2019-04-24,0,344
2019-04-25,0,350
2019-04-26,0,364
2019-04-29,0,364
2019-04-30,0,364
2019-05-02,0,354
2019-05-03,0,354
2019-05-07,0,354
2019-05-08,0,361
2019-05-09,0,364
2019-05-10,0,369
2019-05-13,0,360
2019-05-14,0,360
2019-05-15,0,376
2019-05-16,0,361
2019-05-17,0,390
2019-05-20,0,460
2019-05-21,0,432
2019-05-22,0,402
2019-05-23,0,407
2019-05-24,0,402
2019-05-27,0,410
2019-05-28,0,420
2019-05-29,0,430
2019-05-30,0,416
2019-05-31,0,416
2019-06-03,0,432
2019-06-04,0,464
2019-06-05,0,464
2019-06-07,0,506
2019-06-10,0,506
2019-06-11,0,506
2019-06-12,0,550
2019-06-13,0,600
2019-06-14,0,620
2019-06-17,0,610
2019-06-18,0,630
2019-06-19,0,620
2019-06-20,0,600
2019-06-21,0,600
2019-06-24,0,600
2019-06-25,0,590
2019-06-26,0,590
2019-06-27,0,670
2019-06-28,0,760
2019-07-01,0,760
2019-07-02,0,740
2019-07-03,0,710
2019-07-04,0,670
2019-07-05,0,690
2019-07-08,0,680
2019-07-09,0,740
2019-07-10,0,750
2019-07-11,0,820
2019-07-12,0,870
2019-07-15,0,760
2019-07-16,0,760
2019-07-17,0,720
2019-07-18,0,670
2019-07-19,0,690
2019-07-22,0,860
2019-07-23,0,750
2019-07-24,0,690
2019-07-25,0,710
2019-07-26,0,700
2019-07-29,0,740
2019-07-30,0,740
2019-07-31,0,720
2019-08-01,0,780
2019-08-02,0,850
2019-08-05,0,830
2019-08-06,0,800
2019-08-07,0,820
2019-08-08,0,940
2019-08-09,0,900
2019-08-12,0,840
2019-08-13,0,820
2019-08-14,0,820
2019-08-16,0,880
2019-08-19,0,820
2019-08-20,0,820
2019-08-21,0,840
2019-08-22,0,880
2019-08-23,0,880
2019-08-26,0,940
2019-08-27,0,960
2019-08-28,0,960
2019-08-29,0,1000
2019-08-30,0,1040
2019-09-02,0,1020
2019-09-03,0,1140
2019-09-04,0,1260
2019-09-05,0,1320
2019-09-06,0,1320
2019-09-09,0,1420
2019-09-10,0,1360
2019-09-11,0,1370
2019-09-16,0,1280
2019-09-17,0,1400
2019-09-18,0,1440
2019-09-19,0,1440
2019-09-20,0,1520
2019-09-23,0,1840
2019-09-24,0,1760
2019-09-25,0,1740
2019-09-26,0,1840
2019-09-27,0,1780
2019-09-30,0,1960
2019-10-01,0,2060
2019-10-02,0,2060
2019-10-04,0,2200
2019-10-07,0,1820
2019-10-08,0,1720
2019-10-10,0,1560
2019-10-11,0,1520
2019-10-14,0,1480
2019-10-15,0,1440
2019-10-16,0,1520
2019-10-17,0,1620
2019-10-18,0,1600
2019-10-21,0,1548
2019-10-22,0,1518
2019-10-23,0,1480
2019-10-24,0,1430
2019-10-25,0,1405
2019-10-28,0,1220
2019-10-29,0,1200
2019-10-30,0,1220
2019-10-31,0,1140
2019-11-01,0,1080
2019-11-04,0,940
2019-11-05,0,940
2019-11-06,0,910
2019-11-07,0,860
2019-11-08,0,880
2019-11-11,0,910
2019-11-12,0,910
2019-11-13,0,910
2019-11-14,0,930
2019-11-15,0,1000
2019-11-18,0,1100
2019-11-19,0,1100
2019-11-20,0,1100
2019-11-21,0,1060
2019-11-22,0,1020
2019-11-25,0,950
2019-11-26,0,930
2019-11-27,0,890
2019-11-28,0,940
2019-11-29,0,950
2019-12-02,0,960
2019-12-03,0,920
2019-12-04,0,980
2019-12-05,0,990
2019-12-09,0,1020
2019-12-10,0,960
2019-12-11,0,980
2019-12-12,0,1000
2019-12-13,0,970
2019-12-16,0,990
2019-12-17,0,990
2019-12-18,0,1020
2019-12-19,0,1000
2019-12-20,0,1000
2019-12-23,0,1000
2019-12-24,0,900
2019-12-26,0,920
2019-12-27,0,980
2019-12-30,0,1040
2019-12-31,0,1160
2020-01-02,0,1189
2020-01-03,0,1090
2020-01-06,0,1050
2020-01-07,0,1110
2020-01-08,0,1080
2020-01-09,0,1008
2020-01-10,0,1008
2020-01-13,0,996
2020-01-14,0,1016
2020-01-15,0,996
2020-01-16,0,1016
2020-01-17,0,996
2020-01-20,0,996
2020-01-21,0,996
2020-01-22,0,1020
2020-01-23,0,1000
2020-01-28,0,1025
2020-01-29,0,1020
2020-01-30,0.5,1040
2020-01-31,0,1000
2020-02-03,0,960
2020-02-04,0,940
2020-02-05,0,940
2020-02-06,0,940
2020-02-07,4.8,970
2020-02-10,0,960
2020-02-11,0,960
2020-02-12,0,960
2020-02-13,0,960
2020-02-14,0,980
2020-02-17,0,1020
2020-02-18,0,1000
2020-02-19,0,1060
2020-02-20,0,1020
2020-02-21,0,975
2020-02-24,0,975
2020-02-25,0,1050
2020-02-26,0.2,1025
2020-02-27,0,950
2020-02-28,0,950
2020-03-02,0,950
2020-03-03,0,950
2020-03-04,0,950
2020-03-05,0,975
2020-03-06,0,950
2020-03-09,0,960
2020-03-10,0,1000
2020-03-11,0,1000
2020-03-12,0,980
2020-03-13,0,1000
2020-03-16,3.7,1000
2020-03-17,3.5,960
2020-03-18,0,960
2020-03-19,0,940
2020-03-20,0,920
2020-03-23,0,940
2020-03-24,0,940
2020-03-25,0,940
2020-03-26,0,940
2020-03-27,0,930
2020-03-30,0,1020
2020-03-31,0,1000
2020-04-01,0,980
2020-04-02,0,1020
2020-04-03,0,960
2020-04-06,0,940
2020-04-07,0,940
2020-04-08,0,940
2020-04-09,0,970
2020-04-10,0,970
2020-04-13,0,970
2020-04-14,0,1010
2020-04-16,0,1020
2020-04-17,0,1030
2020-04-20,0,1030
2020-04-21,0,1030
2020-04-22,0,1130
2020-04-23,0,1190
2020-04-24,0,1260
2020-04-27,0,1290
2020-04-28,0,1460
2020-04-29,0,1580
2020-05-04,0,1680
2020-05-06,0,1420
2020-05-07,0,1250
2020-05-08,0,1200
2020-05-11,0,1121
2020-05-12,0,1100
2020-05-13,0,1000
2020-05-14,0,1000
2020-05-15,0,1020
2020-05-18,0,1000
2020-05-19,0,1120
2020-05-20,0,1120
2020-05-21,0,1240
2020-05-22,0,1240
2020-05-25,0,1160
2020-05-26,0,1160
2020-05-27,0,1140
2020-05-28,0,1160
2020-05-29,0,1120
2020-06-01,0,1000
2020-06-02,0,960
2020-06-03,0,910
2020-06-04,0,900
2020-06-05,0,800
2020-06-08,0,860
2020-06-09,0,860
2020-06-10,0,860
2020-06-11,0,860
2020-06-12,0,860
2020-06-15,0,1020
2020-06-16,0,1040
2020-06-17,0,920
2020-06-18,0,920
2020-06-19,0,908
2020-06-22,0,974
2020-06-23,0,972
2020-06-24,0,1004
2020-06-25,0,990
2020-06-26,0,966
2020-06-29,0,898
2020-06-30,0,908
2020-07-01,0,950
2020-07-02,0,855
2020-07-03,0,815
2020-07-06,0,827
2020-07-07,0,890
2020-07-08,0,910
2020-07-09,0,910
2020-07-10,0,910
2020-07-13,0,1114
2020-07-14,0,1234
2020-07-15,0,1234
2020-07-16,0,1227
2020-07-17,0,1166
2020-07-20,0,1344
2020-07-21,0,1468
2020-07-22,0,1356
2020-07-23,0,1290
2020-07-24,0,1318
2020-07-27,0,1394
2020-07-28,0,1418
2020-07-29,0,1454
2020-07-30,0,1320
2020-07-31,0,1330
2020-08-03,0,1366
2020-08-04,0,1306
2020-08-05,0,1214
2020-08-06,0,1260
2020-08-07,0,1544
2020-08-10,0,1672
2020-08-11,0,1814
2020-08-12,0,1906
2020-08-13,0,1974
2020-08-14,0,2054
2020-08-18,0,2030
2020-08-19,0,2034
2020-08-20,0,2062
2020-08-21,0,2016
2020-08-24,0,2464
2020-08-25,0,2444
2020-08-26,0,2554
2020-08-27,0,2620
2020-08-28,0,2740
2020-08-31,0,2340
2020-09-01,0,2140
2020-09-02,0,1980
2020-09-03,0,2266
2020-09-04,0,2432
2020-09-07,0,2412
2020-09-08,0,2624
2020-09-09,0,2432
2020-09-10,0,2454
2020-09-11,0,2474
2020-09-14,0,2930
2020-09-15,0,2790
2020-09-16,0,2914
2020-09-17,0,2826
2020-09-18,0,2890
2020-09-21,0,2726
2020-09-22,0,2690
2020-09-23,0,2650
2020-09-24,0,2698
2020-09-25,0,2678
2020-09-28,0,2742
2020-09-29,0,2762
2020-10-05,0,2602
2020-10-06,0,2374
2020-10-07,0,2278
2020-10-08,0,2218
2020-10-12,0,1527
2020-10-13,0,1381
2020-10-14,0,1203
2020-10-15,0,1075
2020-10-16,0,995
2020-10-19,0,953
2020-10-20,0,941
2020-10-21,0,851
2020-10-22,0,777
2020-10-23,0,778
2020-10-26,0,756
2020-10-27,0,756
2020-10-28,0,682
2020-10-29,0,610
2020-10-30,0,620
2020-11-02,0,616
2020-11-03,0,624
2020-11-04,0,532
2020-11-05,0,532
2020-11-06,0,572
2020-11-09,0,622
2020-11-10,0,600
2020-11-11,0,648
2020-11-12,0,648
2020-11-13,0,753
2020-11-16,0,655
2020-11-17,0,722
2020-11-18,0,731
2020-11-19,0,795
2020-11-20,0,825
2020-11-23,0,705
2020-11-24,0,643
2020-11-25,0,693
2020-11-26,0,693
2020-11-27,0,643
2020-11-30,0,523
2020-12-01,0,545
2020-12-02,0,565
2020-12-03,0,527
2020-12-07,0,513
2020-12-08,0,513
2020-12-09,0,509
2020-12-10,0,509
2020-12-11,0,509
2020-12-14,0.4,524
2020-12-15,0,524
2020-12-16,0,535
2020-12-17,0,541
2020-12-18,0,536
2020-12-21,0,515
2020-12-22,0,497
2020-12-23,0,470
2020-12-24,0,458
2020-12-28,0,463
2020-12-29,0,469
2020-12-30,0,469
2020-12-31,0,461
2021-01-04,0,473
2021-01-05,0,510
2021-01-06,0,520
2021-01-07,0,510
2021-01-08,0,510
2021-01-11,0,522
2021-01-12,0,592
2021-01-13,0,592
2021-01-14,0,602
2021-01-15,0,602
2021-01-18,0,622
2021-01-19,0,662
2021-01-20,0,610
2021-01-21,0,610
2021-01-22,0,610
2021-01-25,0,622
2021-01-26,0,612
2021-01-27,0,702
2021-01-28,0,722
2021-01-29,0,732
2021-02-01,0,702
2021-02-02,0,712
2021-02-03,0,722
2021-02-04,0,738
2021-02-05,0,805
2021-02-08,0,715
2021-02-09,0,755
2021-02-10,0,815
2021-02-15,0,795
2021-02-16,0,825
2021-02-17,0,845
2021-02-18,0,945
2021-02-19,0,982
2021-02-22,0,972
2021-02-23,0,984
2021-02-24,0,922
2021-02-25,0,902
2021-02-26,0,1012
2021-03-02,32.4,1046
2021-03-03,6.2,1046
2021-03-04,0,1002
2021-03-05,2.3,962
2021-03-08,0.1,1022
2021-03-09,0,1022
2021-03-10,0,1022
2021-03-11,0,1074
2021-03-12,0,1014
2021-03-15,0,1062
2021-03-16,0,1034
2021-03-17,0,1034
2021-03-18,0,1004
2021-03-19,0,1004
2021-03-22,0,1104
2021-03-23,0,1064
2021-03-24,0,1064
2021-03-25,0,1044
2021-03-26,0,1064
2021-03-29,0,1084
2021-03-30,0,1084
2021-03-31,0,1024
2021-04-01,0,1104
2021-04-02,0,1104
2021-04-05,0,1084
2021-04-06,0,1104
2021-04-07,0,1084
2021-04-08,0,1084
2021-04-09,0,1084
2021-04-12,0,1064
2021-04-13,0,1104
2021-04-14,0,1104
2021-04-15,0,1084
2021-04-16,0,1082
2021-04-19,0,1102
2021-04-20,0,1064
2021-04-21,0,1064
2021-04-22,0,1044
2021-04-23,0,1064
2021-04-26,0,1064
2021-04-27,0,1064
2021-04-28,0,1064
2021-04-29,0,955
2021-04-30,0,975
2021-05-03,0,890
2021-05-04,0,872
2021-05-06,0,878
2021-05-07,0,828
2021-05-10,0,863
2021-05-11,0,843
2021-05-12,0,734
2021-05-13,0,734
2021-05-14,0,552
2021-05-17,0,590
2021-05-18,0,542
2021-05-20,0,582
2021-05-21,0,685
2021-05-24,0,625
2021-05-25,0,625
2021-05-26,0,625
2021-05-27,0,705
2021-05-28,0,705
2021-05-31,0,725
2021-06-01,0,705
2021-06-02,0,625
2021-06-03,0,685
2021-06-04,0,625
2021-06-07,0,695
2021-06-08,0,605
2021-06-09,0,585
2021-06-10,0,633
2021-06-11,0,602
2021-06-14,0,550
2021-06-15,0,620
2021-06-16,0,580
2021-06-17,0,580
2021-06-18,0,580
2021-06-21,0,665
2021-06-22,0,605
2021-06-23,0,605
2021-06-24,0,605
2021-06-25,0,585
2021-06-28,0,665
2021-06-29,0,585
2021-06-30,0,582
2021-07-01,0,665
2021-07-02,0,634
2021-07-05,0,857
2021-07-06,0,833
2021-07-07,0,837
2021-07-08,0,864
2021-07-09,0,850
2021-07-12,0,831
2021-07-13,0,707
2021-07-14,0,676
2021-07-15,0,597
2021-07-16,0,609
2021-07-19,0,675
2021-07-20,0,745
2021-07-21,0,694
2021-07-22,0,639
2021-07-23,0,643
2021-07-26,0,819
2021-07-27,0,879
2021-07-28,0,951
2021-07-29,0,843
2021-07-30,0,959
2021-08-02,0,1082
2021-08-03,0,1172
2021-08-04,0,1132
2021-08-05,0,1090
2021-08-06,0,1082
2021-08-09,0,1032
2021-08-10,0,1036
2021-08-11,0,1020
2021-08-12,0,957
2021-08-13,0,986
2021-08-17,0,913
2021-08-18,0,1044
2021-08-19,0,1108
2021-08-20,0,1032
2021-08-23,0,927
2021-08-24,0,827
2021-08-25,0,956
2021-08-26,0,972
2021-08-27,0,940
2021-08-30,0,1104
2021-08-31,0,1034
2021-09-01,0,1126
2021-09-02,0,1320
2021-09-03,0,1252
2021-09-06,0,1276
2021-09-07,0,1414
2021-09-08,0,1414
2021-09-09,0,1308
2021-09-10,0,1308
2021-09-13,0,1532
2021-09-14,0,1516
2021-09-15,0,1520
2021-09-16,0,1520
2021-09-17,0,1524
2021-09-23,0,1524
2021-09-24,0,1392
2021-09-27,0,1156
2021-09-28,0,1126
2021-09-29,0,1084
2021-09-30,0,1060
2021-10-01,0,1020
2021-10-05,0,956
2021-10-06,0,890
2021-10-07,0,833
2021-10-08,0,766
2021-10-12,0,674
2021-10-13,0,614
2021-10-14,0,584
2021-10-15,0,584
2021-10-18,0,604
2021-10-19,0,721
2021-10-20,0,725
2021-10-21,0,660
2021-10-22,0,748
2021-10-25,0,752
2021-10-26,0,752
2021-10-27,0,712
2021-10-28,0,736
2021-10-29,0,739
2021-11-01,0,796
2021-11-02,0,834
2021-11-03,0,868
2021-11-04,0,924
2021-11-05,0,1085
2021-11-08,0,1136
2021-11-09,0,1188
2021-11-10,0,1220
2021-11-11,0,1340
2021-11-12,0,1356
2021-11-15,0,1206
2021-11-16,0,1124
2021-11-17,0,1032
2021-11-18,0,1140
2021-11-19,0,1104
2021-11-22,0,1138
2021-11-23,0,1092
2021-11-24,0,1128
2021-11-25,0,1068
2021-11-26,0,1092
2021-11-29,0,1080
2021-11-30,0,937
2021-12-01,0,969
2021-12-02,0,1024
2021-12-06,0,917
2021-12-07,0,929
2021-12-08,0,917
2021-12-09,0,849
2021-12-10,0,842
2021-12-13,0,891
2021-12-14,0,883
2021-12-15,0,886
2021-12-16,0,857
2021-12-17,0,800
2021-12-20,0,886
2021-12-21,0,833
2021-12-22,0,813
2021-12-23,0,817
2021-12-24,12.9,797
2021-12-27,23.5,925
2021-12-28,0,894
2021-12-29,0,922
2021-12-30,0,926
2021-12-31,0,896
