date,income,price
2015-01-02,146285385,520
2015-01-05,146285385,520
2015-01-06,146285385,520
2015-01-07,146285385,520
2015-01-08,146285385,520
2015-01-09,146285385,520
2015-01-12,146285385,520
2015-01-13,146285385,520
2015-01-14,146285385,520
2015-01-15,146285385,520
2015-01-16,146285385,520
2015-01-19,146285385,520
2015-01-20,146285385,520
2015-01-21,146285385,520
2015-01-22,146285385,520
2015-01-23,146285385,520
2015-01-26,146285385,520
2015-01-27,146285385,520
2015-01-28,146285385,520
2015-01-29,146285385,520
2015-01-30,146285385,520
2015-02-02,146285385,520
2015-02-03,146285385,530
2015-02-04,146285385,530
2015-02-05,146285385,530
2015-02-06,146285385,530
2015-02-09,146285385,530
2015-02-10,146285385,540
2015-02-11,146285385,540
2015-02-12,146285385,540
2015-02-13,146285385,540
2015-02-16,146285385,540
2015-02-17,146285385,540
2015-02-23,146285385,560
2015-02-24,146285385,610
2015-02-25,146285385,660
2015-02-26,146285385,680
2015-02-27,146285385,660
2015-03-02,146285385,660
2015-03-03,146285385,660
2015-03-04,146285385,710
2015-03-05,146285385,690
2015-03-06,146285385,690
2015-03-09,146285385,670
2015-03-10,146285385,650
2015-03-11,146285385,650
2015-03-12,146285385,650
2015-03-13,146285385,650
2015-03-16,146285385,670
2015-03-17,146285385,660
2015-03-18,146285385,670
2015-03-19,146285385,660
2015-03-20,146285385,650
2015-03-23,146285385,640
2015-03-24,146285385,640
2015-03-25,146285385,640
2015-03-26,146285385,640
2015-03-27,146285385,640
2015-03-30,146285385,640
2015-03-31,146285385,640
2015-04-01,146285385,650
2015-04-02,146285385,650
2015-04-03,146285385,650
2015-04-06,146285385,670
2015-04-07,146285385,700
2015-04-08,146285385,750
2015-04-09,146285385,770
2015-04-10,146285385,780
2015-04-13,146285385,710
2015-04-14,146285385,730
2015-04-15,146285385,730
2015-04-16,146285385,730
2015-04-17,146285385,730
2015-04-20,146285385,710
2015-04-21,146285385,690
2015-04-22,146285385,620
2015-04-23,146285385,530
2015-04-24,146285385,695
2015-04-27,146285385,665
2015-04-28,146285385,665
2015-04-29,146285385,650
2015-04-30,146285385,665
2015-05-04,146285385,830
2015-05-06,146285385,830
2015-05-07,146285385,820
2015-05-08,146285385,800
2015-05-11,146285385,790
2015-05-12,146285385,800
2015-05-13,146285385,780
2015-05-14,146285385,780
2015-05-15,146285385,780
2015-05-18,146285385,680
2015-05-19,146285385,690
2015-05-20,146285385,700
2015-05-21,146285385,700
2015-05-22,146285385,690
2015-05-26,146285385,710
2015-05-27,146285385,720
2015-05-28,146285385,720
2015-05-29,146285385,710
2015-06-01,146285385,710
2015-06-02,146285385,710
2015-06-03,146285385,710
2015-06-04,146285385,710
2015-06-05,146285385,720
2015-06-08,146285385,760
2015-06-09,146285385,760
2015-06-10,146285385,780
2015-06-11,146285385,810
2015-06-12,146285385,800
2015-06-15,146285385,820
2015-06-16,146285385,840
2015-06-17,146285385,840
2015-06-18,146285385,850
2015-06-19,146285385,900
2015-06-22,146285385,920
2015-06-23,146285385,970
2015-06-24,146285385,970
2015-06-25,146285385,1010
2015-06-26,146285385,1010
2015-06-29,146285385,1010
2015-06-30,146285385,1050
2015-07-01,146285385,1060
2015-07-02,146285385,1060
2015-07-03,146285385,1080
2015-07-06,146285385,1110
2015-07-07,146285385,1130
2015-07-08,146285385,1130
2015-07-09,146285385,1100
2015-07-10,146285385,1100
2015-07-13,146285385,1100
2015-07-14,146285385,1110
2015-07-15,146285385,1110
2015-07-16,146285385,1110
2015-07-17,146285385,1130
2015-07-20,146285385,1150
2015-07-21,146285385,1150
2015-07-22,146285385,1150
2015-07-23,146285385,1150
2015-07-24,146285385,1190
2015-07-27,146285385,1230
2015-07-28,146285385,1240
2015-07-29,146285385,1240
2015-07-30,146285385,1280
2015-07-31,146285385,1330
2015-08-03,146285385,1330
2015-08-04,146285385,1340
2015-08-05,146285385,1360
2015-08-06,146285385,1370
2015-08-07,146285385,1370
2015-08-10,146285385,1380
2015-08-11,146285385,1380
2015-08-12,146285385,1380
2015-08-13,146285385,1380
2015-08-17,146285385,1380
2015-08-18,146285385,1390
2015-08-19,146285385,1390
2015-08-20,146285385,1390
2015-08-21,146285385,1390
2015-08-24,146285385,1420
2015-08-25,146285385,1420
2015-08-26,146285385,1420
2015-08-27,146285385,1420
2015-08-28,146285385,1400
2015-08-31,146285385,1400
2015-09-01,146285385,1400
2015-09-02,146285385,1400
2015-09-03,146285385,1400
2015-09-04,146285385,1400
2015-09-07,146285385,1400
2015-09-08,146285385,1400
2015-09-09,146285385,1390
2015-09-10,146285385,1400
2015-09-11,146285385,1400
2015-09-14,146285385,1400
2015-09-15,146285385,1400
2015-09-16,146285385,1400
2015-09-17,146285385,1400
2015-09-18,146285385,1400
2015-09-21,146285385,1400
2015-09-22,146285385,1400
2015-09-23,146285385,1400
2015-09-24,146285385,1400
2015-09-25,146285385,1400
2015-09-30,146285385,1400
2015-10-01,146285385,1400
2015-10-02,146285385,1400
2015-10-05,146285385,1400
2015-10-06,146285385,1400
2015-10-07,146285385,1420
2015-10-08,146285385,1420
2015-10-12,146285385,1430
2015-10-13,146285385,1410
2015-10-14,146285385,1410
2015-10-15,146285385,1410
2015-10-16,146285385,1410
2015-10-19,146285385,1410
2015-10-20,146285385,1410
2015-10-21,146285385,1410
2015-10-22,146285385,1430
2015-10-23,146285385,1430
2015-10-26,146285385,1450
2015-10-27,146285385,1430
2015-10-28,146285385,1430
2015-10-29,146285385,1440
2015-10-30,146285385,1410
2015-11-02,146285385,1430
2015-11-03,146285385,1430
2015-11-04,146285385,1470
2015-11-05,146285385,1490
2015-11-06,146285385,1490
2015-11-09,146285385,1570
2015-11-10,146285385,1570
2015-11-11,146285385,1590
2015-11-12,146285385,1570
2015-11-13,146285385,1570
2015-11-16,146285385,1620
2015-11-17,146285385,1620
2015-11-18,146285385,1620
2015-11-19,146285385,1620
2015-11-20,146285385,1620
2015-11-23,146285385,1660
2015-11-24,146285385,1690
2015-11-25,146285385,1710
2015-11-26,146285385,1710
2015-11-27,146285385,1710
2015-11-30,146285385,1710
2015-12-01,146285385,1770
2015-12-02,146285385,1770
2015-12-03,146285385,1760
2015-12-07,146285385,1750
2015-12-08,146285385,1750
2015-12-09,146285385,1750
2015-12-10,146285385,1760
2015-12-11,146285385,1760
2015-12-14,146285385,1740
2015-12-15,146285385,1740
2015-12-16,146285385,1720
2015-12-17,146285385,1720
2015-12-18,146285385,1720
2015-12-21,146285385,1680
2015-12-22,146285385,1660
2015-12-23,146285385,1660
2015-12-24,146285385,1660
2015-12-28,146285385,1660
2015-12-29,146285385,1660
2015-12-30,146285385,1680
2015-12-31,146285385,1690
2016-01-05,45236301,1710
2016-01-06,45236301,1700
2016-01-07,45236301,1680
2016-01-08,45236301,1660
2016-01-11,45236301,1660
2016-01-12,45236301,1670
2016-01-13,45236301,1650
2016-01-14,45236301,1640
2016-01-15,45236301,1640
2016-01-18,45236301,1660
2016-01-19,45236301,1660
2016-01-20,45236301,1660
2016-01-21,45236301,1660
2016-01-22,45236301,1660
2016-01-25,45236301,1660
2016-01-26,45236301,1690
2016-01-27,45236301,1710
2016-01-28,45236301,1700
2016-01-29,45236301,1670
2016-02-01,45236301,1670
2016-02-02,45236301,1650
2016-02-03,45236301,1650
2016-02-04,45236301,1650
2016-02-05,45236301,1650
2016-02-11,45236301,1650
2016-02-12,45236301,1650
2016-02-15,45236301,1640
2016-02-16,45236301,1640
2016-02-17,45236301,1640
2016-02-18,45236301,1610
2016-02-19,45236301,1610
2016-02-22,45236301,1610
2016-02-23,45236301,1610
2016-02-24,45236301,1610
2016-02-25,45236301,1610
2016-02-26,45236301,1610
2016-02-29,45236301,1610
2016-03-02,45236301,1610
2016-03-03,45236301,1610
2016-03-04,45236301,1610
2016-03-07,45236301,1610
2016-03-08,45236301,1620
2016-03-09,45236301,1620
2016-03-10,45236301,1640
2016-03-11,45236301,1640
2016-03-14,45236301,1630
2016-03-15,45236301,1630
2016-03-16,45236301,1630
2016-03-17,45236301,1610
2016-03-18,45236301,1610
2016-03-21,45236301,1630
2016-03-22,45236301,1630
2016-03-23,45236301,1630
2016-03-24,45236301,1630
2016-03-25,45236301,1600
2016-03-28,45236301,1570
2016-03-29,45236301,1570
2016-03-30,45236301,1540
2016-03-31,45236301,1500
2016-04-01,45236301,1490
2016-04-04,45236301,1510
2016-04-05,45236301,1540
2016-04-06,45236301,1560
2016-04-07,45236301,1580
2016-04-08,45236301,1630
2016-04-11,45236301,1570
2016-04-12,45236301,1550
2016-04-14,45236301,1550
2016-04-15,45236301,1570
2016-04-18,45236301,1590
2016-04-19,45236301,1590
2016-04-20,45236301,1590
2016-05-02,45236301,980
2016-05-03,45236301,840
2016-05-04,45236301,780
2016-05-09,45236301,730
2016-05-10,45236301,730
2016-05-11,45236301,740
2016-05-12,45236301,730
2016-05-13,45236301,700
2016-05-16,45236301,680
2016-05-17,45236301,680
2016-05-18,45236301,680
2016-05-19,45236301,690
2016-05-20,45236301,690
2016-05-23,45236301,690
2016-05-24,45236301,690
2016-05-25,45236301,690
2016-05-26,45236301,730
2016-05-27,45236301,730
2016-05-30,45236301,750
2016-05-31,45236301,750
2016-06-01,45236301,730
2016-06-02,45236301,730
2016-06-03,45236301,730
2016-06-07,45236301,750
2016-06-08,45236301,760
2016-06-09,45236301,760
2016-06-10,45236301,760
2016-06-13,45236301,750
2016-06-14,45236301,750
2016-06-15,45236301,750
2016-06-16,45236301,750
2016-06-17,45236301,740
2016-06-20,45236301,700
2016-06-21,45236301,700
2016-06-22,45236301,700
2016-06-23,45236301,700
2016-06-24,45236301,700
2016-06-27,45236301,690
2016-06-28,45236301,690
2016-06-29,45236301,690
2016-06-30,45236301,690
2016-06-01,45236301,730
2016-06-02,45236301,730
2016-06-03,45236301,730
2016-06-07,45236301,750
2016-06-08,45236301,760
2016-06-09,45236301,760
2016-06-10,45236301,760
2016-06-13,45236301,750
2016-06-14,45236301,750
2016-06-15,45236301,750
2016-06-16,45236301,750
2016-06-17,45236301,740
2016-06-20,45236301,700
2016-06-21,45236301,700
2016-06-22,45236301,700
2016-06-23,45236301,700
2016-06-24,45236301,700
2016-06-27,45236301,690
2016-06-28,45236301,690
2016-06-29,45236301,690
2016-06-30,45236301,690
2016-07-01,45236301,690
2016-07-04,45236301,700
2016-07-05,45236301,700
2016-07-06,45236301,700
2016-07-07,45236301,700
2016-07-08,45236301,680
2016-07-11,45236301,680
2016-07-12,45236301,680
2016-07-13,45236301,690
2016-07-14,45236301,690
2016-07-15,45236301,690
2016-07-18,45236301,700
2016-07-19,45236301,700
2016-07-20,45236301,700
2016-07-21,45236301,700
2016-07-22,45236301,720
2016-07-25,45236301,720
2016-07-26,45236301,740
2016-07-27,45236301,740
2016-07-28,45236301,760
2016-07-29,45236301,760
2016-08-01,45236301,760
2016-08-02,45236301,750
2016-08-03,45236301,780
2016-08-04,45236301,790
2016-08-05,45236301,800
2016-08-08,45236301,810
2016-08-09,45236301,810
2016-08-10,45236301,810
2016-08-11,45236301,810
2016-08-12,45236301,810
2016-08-16,45236301,800
2016-08-17,45236301,800
2016-08-18,45236301,800
2016-08-19,45236301,800
2016-08-22,45236301,830
2016-08-23,45236301,840
2016-08-24,45236301,840
2016-08-25,45236301,840
2016-08-26,45236301,860
2016-08-29,45236301,860
2016-08-30,45236301,880
2016-08-31,45236301,910
2016-09-01,45236301,910
2016-09-02,45236301,910
2016-09-05,45236301,910
2016-09-06,45236301,910
2016-09-07,45236301,920
2016-09-08,45236301,920
2016-09-09,45236301,910
2016-09-12,45236301,910
2016-09-13,45236301,920
2016-09-19,45236301,920
2016-09-20,45236301,920
2016-09-21,45236301,940
2016-09-22,45236301,940
2016-09-23,45236301,940
2016-09-26,45236301,930
2016-09-27,45236301,930
2016-09-28,45236301,920
2016-09-29,45236301,920
2016-09-30,45236301,920
2016-10-04,45236301,920
2016-10-05,45236301,970
2016-10-06,45236301,970
2016-10-07,45236301,970
2016-10-10,45236301,970
2016-10-11,45236301,970
2016-10-12,45236301,970
2016-10-13,45236301,970
2016-10-14,45236301,970
2016-10-17,45236301,970
2016-10-18,45236301,980
2016-10-19,45236301,980
2016-10-20,45236301,980
2016-10-21,45236301,980
2016-10-24,45236301,980
2016-10-25,45236301,980
2016-10-26,45236301,980
2016-10-27,45236301,980
2016-10-28,45236301,980
2016-10-31,45236301,980
2016-11-01,45236301,980
2016-11-02,45236301,980
2016-11-03,45236301,980
2016-11-04,45236301,980
2016-11-07,45236301,990
2016-11-08,45236301,1040
2016-11-09,45236301,1040
2016-11-10,45236301,1040
2016-11-11,45236301,1040
2016-11-14,45236301,1040
2016-11-15,45236301,1040
2016-11-16,45236301,1050
2016-11-17,45236301,1050
2016-11-18,45236301,1050
2016-11-21,45236301,1050
2016-11-22,45236301,1050
2016-11-23,45236301,1050
2016-11-24,45236301,1050
2016-11-25,45236301,1030
2016-11-28,45236301,1030
2016-11-29,45236301,1030
2016-11-30,45236301,1030
2016-12-01,45236301,1030
2016-12-05,45236301,1040
2016-12-06,45236301,1070
2016-12-07,45236301,1060
2016-12-08,45236301,1060
2016-12-09,45236301,1060
2016-12-12,45236301,1060
2016-12-13,45236301,1060
2016-12-14,45236301,1070
2016-12-15,45236301,1070
2016-12-16,45236301,1060
2016-12-19,45236301,1060
2016-12-20,45236301,1060
2016-12-21,45236301,1060
2016-12-22,45236301,1080
2016-12-23,45236301,1070
2016-12-26,45236301,1070
2016-12-27,45236301,1060
2016-12-28,45236301,1060
2016-12-29,45236301,1060
2016-12-30,45236301,1060
2017-01-02,148406200,1060
2017-01-03,148406200,1070
2017-01-04,148406200,1100
2017-01-05,148406200,1130
2017-01-06,148406200,1130
2017-01-09,148406200,1260
2017-01-10,148406200,1260
2017-01-11,148406200,1270
2017-01-12,148406200,1270
2017-01-13,148406200,1240
2017-01-16,148406200,1250
2017-01-17,148406200,1290
2017-01-18,148406200,1290
2017-01-19,148406200,1290
2017-01-20,148406200,1290
2017-01-23,148406200,1290
2017-01-24,148406200,1300
2017-01-25,148406200,1300
2017-01-26,148406200,1300
2017-01-31,148406200,1300
2017-02-01,148406200,1300
2017-02-02,148406200,1330
2017-02-03,148406200,1330
2017-02-06,148406200,1330
2017-02-07,148406200,1340
2017-02-08,148406200,1340
2017-02-09,148406200,1340
2017-02-10,148406200,1340
2017-02-13,148406200,1340
2017-02-14,148406200,1360
2017-02-15,148406200,1360
2017-02-16,148406200,1340
2017-02-17,148406200,1330
2017-02-20,148406200,1330
2017-02-21,148406200,1330
2017-02-22,148406200,1350
2017-02-23,148406200,1340
2017-02-24,148406200,1330
2017-02-27,148406200,1330
2017-02-28,148406200,1330
2017-03-02,148406200,1380
2017-03-03,148406200,1420
2017-03-06,148406200,1420
2017-03-07,148406200,1420
2017-03-08,148406200,1400
2017-03-09,148406200,1400
2017-03-10,148406200,1400
2017-03-13,148406200,1400
2017-03-14,148406200,1400
2017-03-15,148406200,1390
2017-03-16,148406200,1390
2017-03-17,148406200,1390
2017-03-20,148406200,1350
2017-03-21,148406200,1350
2017-03-22,148406200,1310
2017-03-23,148406200,1320
2017-03-24,148406200,1350
2017-03-27,148406200,1390
2017-03-28,148406200,1430
2017-03-29,148406200,1560
2017-03-30,148406200,1630
2017-03-31,148406200,1630
2017-04-03,148406200,1550
2017-04-04,148406200,1520
2017-04-05,148406200,1455
2017-04-06,148406200,1435
2017-04-07,148406200,1420
2017-04-10,148406200,1320
2017-04-11,148406200,1365
2017-04-12,148406200,1375
2017-04-13,148406200,1350
2017-04-14,148406200,1310
2017-04-17,148406200,1225
2017-04-18,148406200,1215
2017-04-19,148406200,1205
2017-04-20,148406200,1205
2017-04-21,148406200,1140
2017-04-24,148406200,950
2017-04-25,148406200,880
2017-04-26,148406200,870
2017-04-27,148406200,870
2017-04-28,148406200,880
2017-05-02,148406200,870
2017-05-04,148406200,850
2017-05-08,148406200,940
2017-05-10,148406200,1140
2017-05-11,148406200,1220
2017-05-12,148406200,1210
2017-05-15,148406200,1120
2017-05-16,148406200,1000
2017-05-17,148406200,1000
2017-05-18,148406200,1000
2017-05-19,148406200,1000
2017-05-22,148406200,1010
2017-05-23,148406200,1010
2017-05-24,148406200,1010
2017-05-25,148406200,1000
2017-05-26,148406200,990
2017-05-29,148406200,1000
2017-05-30,148406200,1020
2017-05-31,148406200,990
2017-06-01,148406200,990
2017-06-02,148406200,970
2017-06-05,148406200,1010
2017-06-07,148406200,1080
2017-06-08,148406200,1160
2017-06-09,148406200,1140
2017-06-12,148406200,1110
2017-06-13,148406200,1090
2017-06-14,148406200,1110
2017-06-15,148406200,1080
2017-06-16,148406200,1070
2017-06-19,148406200,1070
2017-06-20,148406200,1070
2017-06-21,148406200,1060
2017-06-22,148406200,1040
2017-06-23,148406200,1040
2017-06-26,148406200,1060
2017-06-27,148406200,1070
2017-06-28,148406200,1090
2017-06-29,148406200,1080
2017-06-30,148406200,1070
2017-07-03,148406200,1140
2017-07-04,148406200,1160
2017-07-05,148406200,1180
2017-07-06,148406200,1170
2017-07-07,148406200,1135
2017-07-10,148406200,1165
2017-07-11,148406200,1170
2017-07-12,148406200,1190
2017-07-13,148406200,1190
2017-07-14,148406200,1180
2017-07-17,148406200,1180
2017-07-18,148406200,1210
2017-07-19,148406200,1220
2017-07-20,148406200,1210
2017-07-21,148406200,1240
2017-07-24,148406200,1260
2017-07-25,148406200,1260
2017-07-26,148406200,1260
2017-07-27,148406200,1250
2017-07-28,148406200,1250
2017-07-31,148406200,1250
2017-08-01,148406200,1260
2017-08-02,148406200,1250
2017-08-03,148406200,1260
2017-08-04,148406200,1250
2017-08-07,148406200,1260
2017-08-08,148406200,1250
2017-08-09,148406200,1250
2017-08-10,148406200,1270
2017-08-11,148406200,1260
2017-08-14,148406200,1280
2017-08-16,148406200,1300
2017-08-17,148406200,1310
2017-08-18,148406200,1300
2017-08-21,148406200,1290
2017-08-22,148406200,1310
2017-08-23,148406200,1300
2017-08-24,148406200,1300
2017-08-25,148406200,1300
2017-08-28,148406200,1280
2017-08-29,148406200,1290
2017-08-30,148406200,1280
2017-08-31,148406200,1290
2017-09-01,148406200,1300
2017-09-04,148406200,1290
2017-09-05,148406200,1300
2017-09-06,148406200,1290
2017-09-07,148406200,1290
2017-09-08,148406200,1290
2017-09-11,148406200,1290
2017-09-12,148406200,1290
2017-09-13,148406200,1290
2017-09-14,148406200,1290
2017-09-15,148406200,1290
2017-09-18,148406200,1280
2017-09-19,148406200,1290
2017-09-20,148406200,1280
2017-09-21,148406200,1280
2017-09-22,148406200,1260
2017-09-25,148406200,1260
2017-09-26,148406200,1260
2017-09-27,148406200,1260
2017-09-28,148406200,1240
2017-09-29,148406200,1250
2017-10-10,148406200,1220
2017-10-11,148406200,1210
2017-10-12,148406200,1240
2017-10-13,148406200,1240
2017-10-16,148406200,1240
2017-10-17,148406200,1240
2017-10-18,148406200,1260
2017-10-19,148406200,1260
2017-10-20,148406200,1260
2017-10-23,148406200,1260
2017-10-24,148406200,1270
2017-10-25,148406200,1250
2017-10-26,148406200,1240
2017-10-27,148406200,1240
2017-10-30,148406200,1250
2017-10-31,148406200,1250
2017-11-01,148406200,1250
2017-11-02,148406200,1240
2017-11-03,148406200,1240
2017-11-06,148406200,1250
2017-11-07,148406200,1250
2017-11-08,148406200,1260
2017-11-09,148406200,1260
2017-11-10,148406200,1260
2017-11-13,148406200,1260
2017-11-14,148406200,1240
2017-11-15,148406200,1240
2017-11-16,148406200,1240
2017-11-17,148406200,1240
2017-11-20,148406200,1250
2017-11-21,148406200,1250
2017-11-22,148406200,1250
2017-11-23,148406200,1250
2017-11-24,148406200,1250
2017-11-27,148406200,1240
2017-11-28,148406200,1240
2017-11-29,148406200,1240
2017-11-30,148406200,1240
2017-12-04,148406200,1240
2017-12-05,148406200,1230
2017-12-06,148406200,1230
2017-12-07,148406200,1230
2017-12-08,148406200,1230
2017-12-11,148406200,1230
2017-12-12,148406200,1230
2017-12-13,148406200,1230
2017-12-14,148406200,1230
2017-12-15,148406200,1220
2017-12-18,148406200,1210
2017-12-19,148406200,1210
2017-12-20,148406200,1210
2017-12-21,148406200,1210
2017-12-22,148406200,1210
2017-12-26,148406200,1210
2017-12-27,148406200,1210
2017-12-28,148406200,1210
2017-12-29,148406200,1210
2018-01-02,58015498,1210
2018-01-03,58015498,1210
2018-01-04,58015498,1200
2018-01-05,58015498,1190
2018-01-08,58015498,1190
2018-01-09,58015498,1190
2018-01-10,58015498,1190
2018-01-11,58015498,1190
2018-01-12,58015498,1200
2018-01-15,58015498,1190
2018-01-16,58015498,1190
2018-01-17,58015498,1200
2018-01-18,58015498,1200
2018-01-19,58015498,1200
2018-01-22,58015498,1185
2018-01-23,58015498,1185
2018-01-24,58015498,1185
2018-01-25,58015498,1185
2018-01-26,58015498,1205
2018-01-29,58015498,1205
2018-01-30,58015498,1205
2018-01-31,58015498,1180
2018-02-01,58015498,1180
2018-02-02,58015498,1180
2018-02-05,58015498,1170
2018-02-06,58015498,1160
2018-02-07,58015498,1160
2018-02-08,58015498,1160
2018-02-09,58015498,1160
2018-02-12,58015498,1140
2018-02-13,58015498,1130
2018-02-14,58015498,1150
2018-02-19,58015498,1130
2018-02-20,58015498,1120
2018-02-21,58015498,1120
2018-02-22,58015498,1060
2018-02-23,58015498,1060
2018-02-26,58015498,1060
2018-02-27,58015498,1060
2018-02-28,58015498,1040
2018-03-02,58015498,1020
2018-03-05,58015498,1020
2018-03-06,58015498,1010
2018-03-07,58015498,1010
2018-03-08,58015498,1000
2018-03-09,58015498,930
2018-03-12,58015498,950
2018-03-13,58015498,940
2018-03-14,58015498,930
2018-03-15,58015498,930
2018-03-16,58015498,930
2018-03-19,58015498,880
2018-03-20,58015498,870
2018-03-21,58015498,860
2018-03-22,58015498,860
2018-03-23,58015498,840
2018-03-26,58015498,840
2018-03-27,58015498,820
2018-03-28,58015498,820
2018-03-29,58015498,800
2018-03-30,58015498,780
2018-04-02,58015498,750
2018-04-03,58015498,750
2018-04-04,58015498,740
2018-04-05,58015498,710
2018-04-06,58015498,710
2018-04-09,58015498,670
2018-04-10,58015498,660
2018-04-11,58015498,805
2018-04-12,58015498,825
2018-04-13,58015498,815
2018-04-16,58015498,795
2018-04-17,58015498,765
2018-04-18,58015498,770
2018-04-19,58015498,765
2018-04-20,58015498,890
2018-04-23,58015498,900
2018-04-24,58015498,950
2018-04-25,58015498,1020
2018-04-26,58015498,1040
2018-04-27,58015498,1030
2018-04-30,58015498,1030
2018-05-02,58015498,1020
2018-05-03,58015498,1030
2018-05-04,58015498,1020
2018-05-08,58015498,930
2018-05-09,58015498,910
2018-05-10,58015498,910
2018-05-11,58015498,910
2018-05-14,58015498,890
2018-05-15,58015498,870
2018-05-16,58015498,830
2018-05-17,58015498,820
2018-05-18,58015498,810
2018-05-21,58015498,780
2018-05-23,58015498,800
2018-05-24,58015498,800
2018-05-25,58015498,720
2018-05-28,58015498,660
2018-05-29,58015498,660
2018-05-30,58015498,660
2018-05-31,58015498,670
2018-06-01,58015498,670
2018-06-04,58015498,680
2018-06-05,58015498,680
2018-06-07,58015498,750
2018-06-08,58015498,750
2018-06-11,58015498,710
2018-06-12,58015498,730
2018-06-14,58015498,740
2018-06-15,58015498,740
2018-06-18,58015498,740
2018-06-19,58015498,730
2018-06-20,58015498,710
2018-06-21,58015498,705
2018-06-22,58015498,690
2018-06-25,58015498,670
2018-06-26,58015498,650
2018-06-27,58015498,650
2018-06-28,58015498,650
2018-06-29,58015498,650
2018-07-02,58015498,650
2018-07-03,58015498,650
2018-07-04,58015498,660
2018-07-05,58015498,650
2018-07-06,58015498,640
2018-07-09,58015498,640
2018-07-10,58015498,660
2018-07-11,58015498,670
2018-07-12,58015498,680
2018-07-13,58015498,680
2018-07-16,58015498,690
2018-07-17,58015498,690
2018-07-18,58015498,690
2018-07-19,58015498,680
2018-07-20,58015498,680
2018-07-23,58015498,690
2018-07-24,58015498,650
2018-07-25,58015498,650
2018-07-26,58015498,650
2018-07-27,58015498,646
2018-07-30,58015498,666
2018-07-31,58015498,670
2018-08-01,58015498,670
2018-08-02,58015498,670
2018-08-03,58015498,700
2018-08-06,58015498,730
2018-08-07,58015498,730
2018-08-08,58015498,770
2018-08-09,58015498,760
2018-08-10,58015498,780
2018-08-13,58015498,810
2018-08-14,58015498,780
2018-08-16,58015498,790
2018-08-17,58015498,790
2018-08-20,58015498,810
2018-08-21,58015498,810
2018-08-22,58015498,810
2018-08-23,58015498,790
2018-08-24,58015498,790
2018-08-27,58015498,810
2018-08-28,58015498,790
2018-08-29,58015498,790
2018-08-30,58015498,790
2018-08-31,58015498,750
2018-09-03,58015498,780
2018-09-04,58015498,770
2018-09-05,58015498,770
2018-09-06,58015498,780
2018-09-07,58015498,800
2018-09-10,58015498,810
2018-09-11,58015498,810
2018-09-12,58015498,790
2018-09-13,58015498,790
2018-09-14,58015498,790
2018-09-17,58015498,790
2018-09-18,58015498,790
2018-09-19,58015498,760
2018-09-20,58015498,760
2018-09-21,58015498,760
2018-09-27,58015498,750
2018-09-28,58015498,760
2018-10-01,58015498,760
2018-10-02,58015498,740
2018-10-04,58015498,740
2018-10-05,58015498,740
2018-10-08,58015498,740
2018-10-10,58015498,740
2018-10-11,58015498,720
2018-10-12,58015498,720
2018-10-15,58015498,740
2018-10-16,58015498,740
2018-10-17,58015498,725
2018-10-18,58015498,715
2018-10-19,58015498,725
2018-10-22,58015498,725
2018-10-23,58015498,705
2018-10-24,58015498,705
2018-10-25,58015498,680
2018-10-26,58015498,680
2018-10-29,58015498,680
2018-10-30,58015498,690
2018-10-31,58015498,700
2018-11-01,58015498,710
2018-11-02,58015498,710
2018-11-05,58015498,710
2018-11-06,58015498,730
2018-11-07,58015498,730
2018-11-08,58015498,730
2018-11-09,58015498,720
2018-11-12,58015498,720
2018-11-13,58015498,720
2018-11-14,58015498,720
2018-11-15,58015498,740
2018-11-16,58015498,690
2018-11-19,58015498,690
2018-11-20,58015498,705
2018-11-21,58015498,685
2018-11-22,58015498,685
2018-11-23,58015498,665
2018-11-26,58015498,665
2018-11-27,58015498,665
2018-11-28,58015498,665
2018-11-29,58015498,665
2018-11-30,58015498,665
2018-12-03,58015498,660
2018-12-04,58015498,680
2018-12-05,58015498,670
2018-12-06,58015498,670
2018-12-10,58015498,670
2018-12-11,58015498,670
2018-12-12,58015498,670
2018-12-13,58015498,670
2018-12-14,58015498,670
2018-12-17,58015498,670
2018-12-18,58015498,660
2018-12-19,58015498,660
2018-12-20,58015498,650
2018-12-21,58015498,650
2018-12-24,58015498,650
2018-12-26,58015498,650
2018-12-27,58015498,650
2018-12-28,58015498,640
2018-12-31,58015498,640
2019-01-02,22751520,640
2019-01-03,22751520,640
2019-01-04,22751520,650
2019-01-07,22751520,650
2019-01-08,22751520,640
2019-01-09,22751520,640
2019-01-10,22751520,600
2019-01-11,22751520,600
2019-01-14,22751520,610
2019-01-15,22751520,610
2019-01-16,22751520,623
2019-01-17,22751520,623
2019-01-18,22751520,623
2019-01-21,22751520,623
2019-01-22,22751520,594
2019-01-23,22751520,594
2019-01-24,22751520,594
2019-01-25,22751520,594
2019-01-28,22751520,594
2019-01-29,22751520,594
2019-01-30,22751520,594
2019-01-31,22751520,604
2019-02-01,22751520,604
2019-02-07,22751520,594
2019-02-08,22751520,584
2019-02-11,22751520,584
2019-02-12,22751520,594
2019-02-13,22751520,594
2019-02-14,22751520,594
2019-02-15,22751520,594
2019-02-18,22751520,604
2019-02-19,22751520,604
2019-02-20,22751520,624
2019-02-21,22751520,624
2019-02-22,22751520,624
2019-02-25,22751520,614
2019-02-26,22751520,614
2019-02-27,22751520,614
2019-02-28,22751520,624
2019-03-04,22751520,624
2019-03-05,22751520,644
2019-03-06,22751520,670
2019-03-07,22751520,670
2019-03-08,22751520,650
2019-03-11,22751520,650
2019-03-12,22751520,660
2019-03-13,22751520,660
2019-03-14,22751520,660
2019-03-15,22751520,660
2019-03-18,22751520,660
2019-03-19,22751520,670
2019-03-20,22751520,685
2019-03-21,22751520,675
2019-03-22,22751520,675
2019-03-25,22751520,710
2019-03-26,22751520,700
2019-03-27,22751520,700
2019-03-28,22751520,720
2019-03-29,22751520,720
2019-04-01,22751520,735
2019-04-02,22751520,780
2019-04-03,22751520,800
2019-04-04,22751520,790
2019-04-05,22751520,762
2019-04-08,22751520,825
2019-04-09,22751520,905
2019-04-10,22751520,915
2019-04-11,22751520,1013
2019-04-12,22751520,1058
2019-04-15,22751520,983
2019-04-16,22751520,973
2019-04-17,22751520,948
2019-04-18,22751520,1068
2019-04-19,22751520,1040
2019-04-22,22751520,960
2019-04-23,22751520,880
2019-04-24,22751520,880
2019-04-25,22751520,860
2019-04-26,22751520,860
2019-04-29,22751520,810
2019-04-30,22751520,830
2019-05-02,22751520,830
2019-05-03,22751520,880
2019-05-07,22751520,840
2019-05-08,22751520,830
2019-05-09,22751520,780
2019-05-10,22751520,740
2019-05-13,22751520,665
2019-05-14,22751520,640
2019-05-15,22751520,615
2019-05-16,22751520,605
2019-05-17,22751520,600
2019-05-20,22751520,590
2019-05-21,22751520,590
2019-05-22,22751520,570
2019-05-23,22751520,570
2019-05-24,22751520,590
2019-05-27,22751520,580
2019-05-28,22751520,565
2019-05-29,22751520,555
2019-05-30,22751520,575
2019-05-31,22751520,600
2019-06-03,22751520,610
2019-06-04,22751520,600
2019-06-05,22751520,570
2019-06-07,22751520,560
2019-06-10,22751520,560
2019-06-11,22751520,560
2019-06-12,22751520,510
2019-06-13,22751520,495
2019-06-14,22751520,455
2019-06-17,22751520,420
2019-06-18,22751520,420
2019-06-19,22751520,420
2019-06-20,22751520,425
2019-06-21,22751520,425
2019-06-24,22751520,435
2019-06-25,22751520,435
2019-06-26,22751520,435
2019-06-27,22751520,430
2019-06-28,22751520,450
2019-07-01,22751520,440
2019-07-02,22751520,440
2019-07-03,22751520,440
2019-07-04,22751520,420
2019-07-05,22751520,420
2019-07-08,22751520,420
2019-07-09,22751520,420
2019-07-10,22751520,420
2019-07-11,22751520,420
2019-07-12,22751520,415
2019-07-15,22751520,420
2019-07-16,22751520,420
2019-07-17,22751520,420
2019-07-18,22751520,420
2019-07-19,22751520,420
2019-07-22,22751520,430
2019-07-23,22751520,430
2019-07-24,22751520,420
2019-07-25,22751520,415
2019-07-26,22751520,410
2019-07-29,22751520,420
2019-07-30,22751520,420
2019-07-31,22751520,420
2019-08-01,22751520,450
2019-08-02,22751520,470
2019-08-05,22751520,460
2019-08-06,22751520,480
2019-08-07,22751520,470
2019-08-08,22751520,500
2019-08-09,22751520,500
2019-08-12,22751520,515
2019-08-13,22751520,515
2019-08-14,22751520,525
2019-08-16,22751520,515
2019-08-19,22751520,500
2019-08-20,22751520,505
2019-08-21,22751520,505
2019-08-22,22751520,510
2019-08-23,22751520,510
2019-08-26,22751520,510
2019-08-27,22751520,510
2019-08-28,22751520,510
2019-08-29,22751520,510
2019-08-30,22751520,520
2019-09-02,22751520,520
2019-09-03,22751520,510
2019-09-04,22751520,505
2019-09-05,22751520,515
2019-09-06,22751520,525
2019-09-09,22751520,560
2019-09-10,22751520,550
2019-09-11,22751520,550
2019-09-16,22751520,540
2019-09-17,22751520,580
2019-09-18,22751520,570
2019-09-19,22751520,570
2019-09-20,22751520,550
2019-09-23,22751520,550
2019-09-24,22751520,550
2019-09-25,22751520,550
2019-09-26,22751520,515
2019-09-27,22751520,515
2019-09-30,22751520,510
2019-10-01,22751520,510
2019-10-02,22751520,500
2019-10-04,22751520,505
2019-10-07,22751520,505
2019-10-08,22751520,515
2019-10-10,22751520,515
2019-10-11,22751520,515
2019-10-14,22751520,535
2019-10-15,22751520,530
2019-10-16,22751520,530
2019-10-17,22751520,530
2019-10-18,22751520,530
2019-10-21,22751520,520
2019-10-22,22751520,520
2019-10-23,22751520,510
2019-10-24,22751520,510
2019-10-25,22751520,510
2019-10-28,22751520,535
2019-10-29,22751520,535
2019-10-30,22751520,535
2019-10-31,22751520,535
2019-11-01,22751520,535
2019-11-04,22751520,535
2019-11-05,22751520,560
2019-11-06,22751520,560
2019-11-07,22751520,560
2019-11-08,22751520,585
2019-11-11,22751520,585
2019-11-12,22751520,590
2019-11-13,22751520,590
2019-11-14,22751520,590
2019-11-15,22751520,590
2019-11-18,22751520,600
2019-11-19,22751520,645
2019-11-20,22751520,645
2019-11-21,22751520,645
2019-11-22,22751520,635
2019-11-25,22751520,660
2019-11-26,22751520,635
2019-11-27,22751520,640
2019-11-28,22751520,660
2019-11-29,22751520,660
2019-12-02,22751520,720
2019-12-03,22751520,710
2019-12-04,22751520,720
2019-12-05,22751520,740
2019-12-09,22751520,750
2019-12-10,22751520,790
2019-12-11,22751520,780
2019-12-12,22751520,760
2019-12-13,22751520,745
2019-12-16,22751520,765
2019-12-17,22751520,765
2019-12-18,22751520,765
2019-12-19,22751520,750
2019-12-20,22751520,740
2019-12-23,22751520,710
2019-12-24,22751520,710
2019-12-26,22751520,730
2019-12-27,22751520,780
2019-12-30,22751520,770
2019-12-31,22751520,770
2020-01-02,28485052,775
2020-01-03,28485052,810
2020-01-06,28485052,870
2020-01-07,28485052,930
2020-01-08,28485052,955
2020-01-09,28485052,945
2020-01-10,28485052,955
2020-01-13,28485052,960
2020-01-14,28485052,960
2020-01-15,28485052,960
2020-01-16,28485052,950
2020-01-17,28485052,950
2020-01-20,28485052,950
2020-01-21,28485052,950
2020-01-22,28485052,960
2020-01-23,28485052,950
2020-01-28,28485052,938
2020-01-29,28485052,940
2020-01-30,28485052,940
2020-01-31,28485052,930
2020-02-03,28485052,930
2020-02-04,28485052,920
2020-02-05,28485052,910
2020-02-06,28485052,910
2020-02-07,28485052,910
2020-02-10,28485052,910
2020-02-11,28485052,925
2020-02-12,28485052,915
2020-02-13,28485052,900
2020-02-14,28485052,945
2020-02-17,28485052,985
2020-02-18,28485052,1025
2020-02-19,28485052,1110
2020-02-20,28485052,1150
2020-02-21,28485052,1213
2020-02-24,28485052,1288
2020-02-25,28485052,1350
2020-02-26,28485052,1488
2020-02-27,28485052,1600
2020-02-28,28485052,1625
2020-03-02,28485052,1450
2020-03-03,28485052,1325
2020-03-04,28485052,1275
2020-03-05,28485052,1250
2020-03-06,28485052,1225
2020-03-09,28485052,1170
2020-03-10,28485052,1160
2020-03-11,28485052,1220
2020-03-12,28485052,1220
2020-03-13,28485052,1220
2020-03-16,28485052,1180
2020-03-17,28485052,1180
2020-03-18,28485052,1140
2020-03-19,28485052,1080
2020-03-20,28485052,1060
2020-03-23,28485052,1040
2020-03-24,28485052,1040
2020-03-25,28485052,1040
2020-03-26,28485052,1060
2020-03-27,28485052,1080
2020-03-30,28485052,1210
2020-03-31,28485052,1190
2020-04-01,28485052,1210
2020-04-02,28485052,1235
2020-04-03,28485052,1245
2020-04-06,28485052,1260
2020-04-07,28485052,1310
2020-04-08,28485052,1255
2020-04-09,28485052,1205
2020-04-10,28485052,1180
2020-04-13,28485052,1260
2020-04-14,28485052,1210
2020-04-16,28485052,1150
2020-04-17,28485052,1140
2020-04-20,28485052,1220
2020-04-21,28485052,1220
2020-04-22,28485052,1190
2020-04-23,28485052,1120
2020-04-24,28485052,1110
2020-04-27,28485052,1030
2020-04-28,28485052,1020
2020-04-29,28485052,990
2020-05-04,28485052,1040
2020-05-06,28485052,1010
2020-05-07,28485052,1010
2020-05-08,28485052,1010
2020-05-11,28485052,950
2020-05-12,28485052,970
2020-05-13,28485052,1030
2020-05-14,28485052,1150
2020-05-15,28485052,1170
2020-05-18,28485052,1050
2020-05-19,28485052,1050
2020-05-20,28485052,1030
2020-05-21,28485052,1030
2020-05-22,28485052,1030
2020-05-25,28485052,960
2020-05-26,28485052,950
2020-05-27,28485052,930
2020-05-28,28485052,880
2020-05-29,28485052,810
2020-06-01,28485052,730
2020-06-02,28485052,720
2020-06-03,28485052,740
2020-06-04,28485052,690
2020-06-05,28485052,700
2020-06-08,28485052,680
2020-06-09,28485052,660
2020-06-10,28485052,640
2020-06-11,28485052,640
2020-06-12,28485052,640
2020-06-15,28485052,710
2020-06-16,28485052,710
2020-06-17,28485052,720
2020-06-18,28485052,730
2020-06-19,28485052,730
2020-06-22,28485052,724
2020-06-23,28485052,734
2020-06-24,28485052,706
2020-06-25,28485052,708
2020-06-26,28485052,723
2020-06-29,28485052,707
2020-06-30,28485052,682
2020-06-02,28485052,720
2020-06-03,28485052,740
2020-06-04,28485052,690
2020-06-05,28485052,700
2020-06-08,28485052,680
2020-06-09,28485052,660
2020-06-10,28485052,640
2020-06-11,28485052,640
2020-06-12,28485052,640
2020-06-15,28485052,710
2020-06-16,28485052,710
2020-06-17,28485052,720
2020-06-18,28485052,730
2020-06-19,28485052,730
2020-06-22,28485052,724
2020-06-23,28485052,734
2020-06-24,28485052,706
2020-06-25,28485052,708
2020-06-26,28485052,723
2020-06-29,28485052,707
2020-06-30,28485052,682
2020-07-01,28485052,682
2020-07-02,28485052,682
2020-07-03,28485052,705
2020-07-06,28485052,735
2020-07-07,28485052,735
2020-07-08,28485052,735
2020-07-09,28485052,727
2020-07-10,28485052,727
2020-07-13,28485052,762
2020-07-14,28485052,770
2020-07-15,28485052,770
2020-07-16,28485052,765
2020-07-17,28485052,765
2020-07-20,28485052,765
2020-07-21,28485052,815
2020-07-22,28485052,845
2020-07-23,28485052,845
2020-07-24,28485052,845
2020-07-27,28485052,890
2020-07-28,28485052,895
2020-07-29,28485052,961
2020-07-30,28485052,1018
2020-07-31,28485052,1023
2020-08-03,28485052,1043
2020-08-04,28485052,1033
2020-08-05,28485052,1023
2020-08-06,28485052,1011
2020-08-07,28485052,986
2020-08-10,28485052,1011
2020-08-11,28485052,1011
2020-08-12,28485052,1011
2020-08-13,28485052,1039
2020-08-14,28485052,1039
2020-08-18,28485052,1019
2020-08-19,28485052,1029
2020-08-20,28485052,1029
2020-08-21,28485052,1029
2020-08-24,28485052,1024
2020-08-25,28485052,1025
2020-08-26,28485052,1025
2020-08-27,28485052,1035
2020-08-28,28485052,1035
2020-08-31,28485052,1035
2020-09-01,28485052,1109
2020-09-02,28485052,1099
2020-09-03,28485052,1139
2020-09-04,28485052,1169
2020-09-07,28485052,1169
2020-09-08,28485052,1179
2020-09-09,28485052,1192
2020-09-10,28485052,1222
2020-09-11,28485052,1232
2020-09-14,28485052,1232
2020-09-15,28485052,1196
2020-09-16,28485052,1186
2020-09-17,28485052,1196
2020-09-18,28485052,1186
2020-09-21,28485052,1196
2020-09-22,28485052,1186
2020-09-23,28485052,1186
2020-09-24,28485052,1186
2020-09-25,28485052,1186
2020-09-28,28485052,1186
2020-09-29,28485052,1186
2020-10-05,28485052,1186
2020-10-06,28485052,1199
2020-10-07,28485052,1241
2020-10-08,28485052,1241
2020-10-12,28485052,1241
2020-10-13,28485052,1241
2020-10-14,28485052,1241
2020-10-15,28485052,1194
2020-10-16,28485052,1116
2020-10-19,28485052,1116
2020-10-20,28485052,1126
2020-10-21,28485052,1126
2020-10-22,28485052,1136
2020-10-23,28485052,1136
2020-10-26,28485052,1176
2020-10-27,28485052,1176
2020-10-28,28485052,1182
2020-10-29,28485052,1227
2020-10-30,28485052,1261
2020-11-02,28485052,1251
2020-11-03,28485052,1261
2020-11-04,28485052,1261
2020-11-05,28485052,1251
2020-11-06,28485052,1261
2020-11-09,28485052,1266
2020-11-10,28485052,1271
2020-11-11,28485052,1261
2020-11-12,28485052,1261
2020-11-13,28485052,1261
2020-11-16,28485052,1261
2020-11-17,28485052,1261
2020-11-18,28485052,1226
2020-11-19,28485052,1226
2020-11-20,28485052,1236
2020-11-23,28485052,1342
2020-11-24,28485052,1332
2020-11-25,28485052,1332
2020-11-26,28485052,1332
2020-11-27,28485052,1332
2020-11-30,28485052,1332
2020-12-01,28485052,1332
2020-12-02,28485052,1332
2020-12-03,28485052,1316
2020-12-07,28485052,1316
2020-12-08,28485052,1336
2020-12-09,28485052,1296
2020-12-10,28485052,1294
2020-12-11,28485052,1294
2020-12-14,28485052,1304
2020-12-15,28485052,1354
2020-12-16,28485052,1354
2020-12-17,28485052,1364
2020-12-18,28485052,1364
2020-12-21,28485052,1364
2020-12-22,28485052,1379
2020-12-23,28485052,1449
2020-12-24,28485052,1449
2020-12-28,28485052,1449
2020-12-29,28485052,1456
2020-12-30,28485052,1466
2020-12-31,28485052,1466
2021-01-05,38513382,1548
2021-01-06,38513382,1679
2021-01-07,38513382,1729
2021-01-08,38513382,1729
2021-01-11,38513382,1771
2021-01-12,38513382,1828
2021-01-13,38513382,1908
2021-01-14,38513382,1928
2021-01-15,38513382,1928
2021-01-18,38513382,1928
2021-01-19,38513382,1948
2021-01-20,38513382,1918
2021-01-21,38513382,1921
2021-01-22,38513382,1911
2021-01-25,38513382,1901
2021-01-26,38513382,1911
2021-01-27,38513382,1849
2021-01-28,38513382,1849
2021-01-29,38513382,1849
2021-02-01,38513382,1849
2021-02-02,38513382,1849
2021-02-03,38513382,1879
2021-02-04,38513382,1879
2021-02-05,38513382,1894
2021-02-08,38513382,1904
2021-02-09,38513382,1938
2021-02-10,38513382,1986
2021-02-15,38513382,2026
2021-02-16,38513382,2046
2021-02-17,38513382,2128
2021-02-18,38513382,2138
2021-02-19,38513382,2190
2021-02-22,38513382,2222
2021-02-23,38513382,2200
2021-02-24,38513382,2193
2021-02-25,38513382,2193
2021-02-26,38513382,2170
2021-03-02,38513382,2146
2021-03-03,38513382,2146
2021-03-04,38513382,2087
2021-03-05,38513382,2067
2021-03-08,38513382,2027
2021-03-09,38513382,1990
2021-03-10,38513382,1963
2021-03-11,38513382,1913
2021-03-12,38513382,1873
2021-03-15,38513382,1867
2021-03-16,38513382,1963
2021-03-17,38513382,1967
2021-03-18,38513382,1987
2021-03-19,38513382,1990
2021-03-22,38513382,1990
2021-03-23,38513382,1990
2021-03-24,38513382,2023
2021-03-25,38513382,2003
2021-03-26,38513382,1933
2021-03-29,38513382,1617
2021-03-30,38513382,1500
2021-03-31,38513382,1500
2021-04-01,38513382,1533
2021-04-02,38513382,1597
2021-04-05,38513382,1625
2021-04-06,38513382,1600
2021-04-07,38513382,1600
2021-04-08,38513382,1578
2021-04-09,38513382,1578
2021-04-12,38513382,1398
2021-04-13,38513382,1325
2021-04-14,38513382,1285
2021-04-15,38513382,1192
2021-04-16,38513382,1172
2021-04-19,38513382,1018
2021-04-20,38513382,937
2021-04-21,38513382,867
2021-04-22,38513382,887
2021-04-23,38513382,877
2021-04-26,38513382,877
2021-04-27,38513382,867
2021-04-28,38513382,817
2021-04-29,38513382,789
2021-04-30,38513382,806
2021-05-03,38513382,786
2021-05-04,38513382,784
2021-05-06,38513382,784
2021-05-07,38513382,774
2021-05-10,38513382,741
2021-05-11,38513382,741
2021-05-12,38513382,741
2021-05-13,38513382,707
2021-05-14,38513382,677
2021-05-17,38513382,667
2021-05-18,38513382,667
2021-05-20,38513382,677
2021-05-21,38513382,677
2021-05-24,38513382,678
2021-05-25,38513382,678
2021-05-26,38513382,678
2021-05-27,38513382,667
2021-05-28,38513382,638
2021-05-31,38513382,597
2021-06-01,38513382,592
2021-06-02,38513382,612
2021-06-03,38513382,612
2021-06-04,38513382,612
2021-06-07,38513382,660
2021-06-08,38513382,640
2021-06-09,38513382,677
2021-06-10,38513382,687
2021-06-11,38513382,703
2021-06-14,38513382,750
2021-06-15,38513382,757
2021-06-16,38513382,757
2021-06-17,38513382,762
2021-06-18,38513382,770
2021-06-21,38513382,732
2021-06-22,38513382,732
2021-06-23,38513382,692
2021-06-24,38513382,692
2021-06-25,38513382,697
2021-06-28,38513382,697
2021-06-29,38513382,687
2021-06-30,38513382,683
2021-06-02,38513382,612
2021-06-03,38513382,612
2021-06-04,38513382,612
2021-06-07,38513382,660
2021-06-08,38513382,640
2021-06-09,38513382,677
2021-06-10,38513382,687
2021-06-11,38513382,703
2021-06-14,38513382,750
2021-06-15,38513382,757
2021-06-16,38513382,757
2021-06-17,38513382,762
2021-06-18,38513382,770
2021-06-21,38513382,732
2021-06-22,38513382,732
2021-06-23,38513382,692
2021-06-24,38513382,692
2021-06-25,38513382,697
2021-06-28,38513382,697
2021-06-29,38513382,687
2021-06-30,38513382,683
2021-07-01,38513382,673
2021-07-02,38513382,683
2021-07-05,38513382,720
2021-07-06,38513382,703
2021-07-07,38513382,718
2021-07-08,38513382,742
2021-07-09,38513382,762
2021-07-12,38513382,767
2021-07-13,38513382,738
2021-07-14,38513382,733
2021-07-15,38513382,698
2021-07-16,38513382,695
2021-07-19,38513382,723
2021-07-20,38513382,747
2021-07-21,38513382,730
2021-07-22,38513382,727
2021-07-23,38513382,762
2021-07-26,38513382,773
2021-07-27,38513382,773
2021-07-28,38513382,793
2021-07-29,38513382,793
2021-07-30,38513382,793
2021-08-02,38513382,793
2021-08-03,38513382,808
2021-08-04,38513382,808
2021-08-05,38513382,855
2021-08-06,38513382,860
2021-08-09,38513382,860
2021-08-10,38513382,873
2021-08-11,38513382,879
2021-08-12,38513382,879
2021-08-13,38513382,879
2021-08-17,38513382,879
2021-08-18,38513382,879
2021-08-19,38513382,888
2021-08-20,38513382,888
2021-08-23,38513382,913
2021-08-24,38513382,913
2021-08-25,38513382,909
2021-08-26,38513382,914
2021-08-27,38513382,908
2021-08-30,38513382,943
2021-08-31,38513382,943
2021-09-01,38513382,943
2021-09-02,38513382,943
2021-09-03,38513382,948
2021-09-06,38513382,953
2021-09-07,38513382,960
2021-09-08,38513382,960
2021-09-09,38513382,959
2021-09-10,38513382,959
2021-09-13,38513382,959
2021-09-14,38513382,959
2021-09-15,38513382,964
2021-09-16,38513382,964
2021-09-17,38513382,979
2021-09-23,38513382,979
2021-09-24,38513382,969
2021-09-27,38513382,969
2021-09-28,38513382,969
2021-09-29,38513382,925
2021-09-30,38513382,919
2021-10-01,38513382,919
2021-10-05,38513382,919
2021-10-06,38513382,922
2021-10-07,38513382,922
2021-10-08,38513382,922
2021-10-12,38513382,937
2021-10-13,38513382,937
2021-10-14,38513382,937
2021-10-15,38513382,937
2021-10-18,38513382,942
2021-10-19,38513382,942
2021-10-20,38513382,942
2021-10-21,38513382,947
2021-10-22,38513382,949
2021-10-25,38513382,949
2021-10-26,38513382,949
2021-10-27,38513382,949
2021-10-28,38513382,989
2021-10-29,38513382,989
2021-11-01,38513382,989
2021-11-02,38513382,989
2021-11-03,38513382,989
2021-11-04,38513382,989
2021-11-05,38513382,989
2021-11-08,38513382,989
2021-11-09,38513382,989
2021-11-10,38513382,989
2021-11-11,38513382,989
2021-11-12,38513382,989
2021-11-15,38513382,989
2021-11-16,38513382,989
2021-11-17,38513382,989
2021-11-18,38513382,984
2021-11-19,38513382,984
2021-11-22,38513382,994
2021-11-23,38513382,997
2021-11-24,38513382,992
2021-11-25,38513382,992
2021-11-26,38513382,992
2021-11-29,38513382,992
2021-11-30,38513382,992
2021-12-01,38513382,992
2021-12-02,38513382,992
2021-12-06,38513382,932
2021-12-07,38513382,932
2021-12-08,38513382,932
2021-12-09,38513382,927
2021-12-10,38513382,927
2021-12-13,38513382,927
2021-12-14,38513382,922
2021-12-15,38513382,922
2021-12-16,38513382,922
2021-12-17,38513382,912
2021-12-20,38513382,912
2021-12-21,38513382,912
2021-12-22,38513382,912
2021-12-23,38513382,912
2021-12-24,38513382,912
2021-12-27,38513382,912
2021-12-28,38513382,912
2021-12-29,38513382,912
2021-12-30,38513382,912
2021-12-31,38513382,899
