,date,rain,price
0,2015-01-02,0.1,520.0
1,2015-01-05,9.3,520.0
2,2015-01-06,0.3,520.0
3,2015-01-07,0.0,520.0
4,2015-01-08,0.0,520.0
5,2015-01-09,0.0,520.0
6,2015-01-12,0.0,520.0
7,2015-01-13,0.0,520.0
8,2015-01-14,0.0,520.0
9,2015-01-15,0.0,520.0
10,2015-01-16,0.3,520.0
11,2015-01-19,0.0,520.0
12,2015-01-20,0.0,520.0
13,2015-01-21,6.4,520.0
14,2015-01-22,0.0,520.0
15,2015-01-23,0.0,520.0
16,2015-01-26,0.0,520.0
17,2015-01-27,0.0,520.0
18,2015-01-28,0.0,520.0
19,2015-01-29,9.4,520.0
20,2015-01-30,0.5,520.0
21,2015-02-02,0.0,520.0
22,2015-02-03,0.0,530.0
23,2015-02-04,0.0,530.0
24,2015-02-05,0.5,530.0
25,2015-02-06,0.0,530.0
26,2015-02-09,0.2,530.0
27,2015-02-10,0.0,540.0
28,2015-02-11,0.0,540.0
29,2015-02-12,0.0,540.0
30,2015-02-13,0.0,540.0
31,2015-02-16,0.4,540.0
32,2015-02-17,0.0,540.0
33,2015-02-23,0.0,560.0
34,2015-02-24,0.0,610.0
35,2015-02-25,0.0,660.0
36,2015-02-26,0.0,680.0
37,2015-02-27,0.0,660.0
38,2015-03-02,0.0,660.0
39,2015-03-03,2.1,660.0
40,2015-03-04,0.0,710.0
41,2015-03-05,0.0,690.0
42,2015-03-06,0.0,690.0
43,2015-03-09,0.4,670.0
44,2015-03-10,0.0,650.0
45,2015-03-11,0.0,650.0
46,2015-03-12,0.0,650.0
47,2015-03-13,0.4,650.0
48,2015-03-16,0.0,670.0
49,2015-03-17,0.0,660.0
50,2015-03-18,29.1,670.0
51,2015-03-19,0.8,660.0
52,2015-03-20,0.0,650.0
53,2015-03-23,0.0,640.0
54,2015-03-24,0.0,640.0
55,2015-03-25,0.0,640.0
56,2015-03-26,0.0,640.0
57,2015-03-27,0.0,640.0
58,2015-03-30,0.0,640.0
59,2015-03-31,0.2,640.0
60,2015-04-01,0.1,650.0
61,2015-04-02,2.1,650.0
62,2015-04-03,7.2,650.0
63,2015-04-06,7.8,670.0
64,2015-04-07,0.0,700.0
65,2015-04-08,0.0,750.0
66,2015-04-09,0.0,770.0
67,2015-04-10,0.0,780.0
68,2015-04-13,8.4,710.0
69,2015-04-14,3.6,730.0
70,2015-04-15,0.2,730.0
71,2015-04-16,0.9,730.0
72,2015-04-17,0.0,730.0
73,2015-04-20,2.4,710.0
74,2015-04-21,0.0,690.0
75,2015-04-22,0.0,620.0
76,2015-04-23,0.0,530.0
77,2015-04-24,0.0,695.0
78,2015-04-27,0.0,665.0
79,2015-04-28,43.9,665.0
80,2015-04-29,32.9,650.0
81,2015-04-30,2.9,665.0
82,2015-05-04,0.0,830.0
83,2015-05-06,0.0,830.0
84,2015-05-07,0.0,820.0
85,2015-05-08,0.0,800.0
86,2015-05-11,22.7,790.0
87,2015-05-12,4.8,800.0
88,2015-05-13,0.0,780.0
89,2015-05-14,0.0,780.0
90,2015-05-15,6.7,780.0
91,2015-05-18,6.6,680.0
92,2015-05-19,0.0,690.0
93,2015-05-20,0.0,700.0
94,2015-05-21,0.0,700.0
95,2015-05-22,0.0,690.0
96,2015-05-26,0.0,710.0
97,2015-05-27,0.0,720.0
98,2015-05-28,0.0,720.0
99,2015-05-29,0.0,710.0
100,2015-06-01,0.0,710.0
101,2015-06-02,0.0,710.0
102,2015-06-03,0.0,710.0
103,2015-06-04,0.0,710.0
104,2015-06-05,3.9,720.0
105,2015-06-08,2.3,760.0
106,2015-06-09,0.0,760.0
107,2015-06-10,0.0,780.0
108,2015-06-11,0.7,810.0
109,2015-06-12,0.0,800.0
110,2015-06-15,0.0,820.0
111,2015-06-16,0.0,840.0
112,2015-06-17,1.5,840.0
113,2015-06-18,0.0,850.0
114,2015-06-19,0.0,900.0
115,2015-06-22,0.0,920.0
116,2015-06-23,0.0,970.0
117,2015-06-24,3.7,970.0
118,2015-06-25,44.5,1010.0
119,2015-06-26,7.9,1010.0
120,2015-06-29,0.0,1010.0
121,2015-06-30,19.3,1050.0
122,2015-07-01,0.2,1060.0
123,2015-07-02,0.0,1060.0
124,2015-07-03,0.0,1080.0
125,2015-07-06,0.0,1110.0
126,2015-07-07,23.9,1130.0
127,2015-07-08,2.0,1130.0
128,2015-07-09,3.1,1100.0
129,2015-07-10,0.0,1100.0
130,2015-07-13,5.9,1100.0
131,2015-07-14,0.0,1110.0
132,2015-07-15,0.0,1110.0
133,2015-07-16,0.0,1110.0
134,2015-07-17,0.0,1130.0
135,2015-07-20,1.7,1150.0
136,2015-07-21,0.1,1150.0
137,2015-07-22,0.0,1150.0
138,2015-07-23,10.9,1150.0
139,2015-07-24,6.4,1190.0
140,2015-07-27,0.1,1230.0
141,2015-07-28,0.0,1240.0
142,2015-07-29,0.0,1240.0
143,2015-07-30,0.0,1280.0
144,2015-07-31,0.0,1330.0
145,2015-08-03,0.0,1330.0
146,2015-08-04,0.0,1340.0
147,2015-08-05,0.0,1360.0
148,2015-08-06,0.0,1370.0
149,2015-08-07,0.0,1370.0
150,2015-08-10,0.0,1380.0
151,2015-08-11,26.0,1380.0
152,2015-08-12,1.3,1380.0
153,2015-08-13,0.0,1380.0
154,2015-08-17,0.0,1380.0
155,2015-08-18,0.0,1390.0
156,2015-08-19,0.0,1390.0
157,2015-08-20,12.0,1390.0
158,2015-08-21,31.0,1390.0
159,2015-08-24,1.1,1420.0
160,2015-08-25,11.1,1420.0
161,2015-08-26,0.0,1420.0
162,2015-08-27,0.0,1420.0
163,2015-08-28,0.0,1400.0
164,2015-08-31,0.0,1400.0
165,2015-09-01,0.0,1400.0
166,2015-09-02,5.6,1400.0
167,2015-09-03,8.9,1400.0
168,2015-09-04,0.0,1400.0
169,2015-09-07,0.0,1400.0
170,2015-09-08,0.0,1400.0
171,2015-09-09,0.0,1390.0
172,2015-09-10,0.0,1400.0
173,2015-09-11,0.0,1400.0
174,2015-09-14,0.0,1400.0
175,2015-09-15,0.0,1400.0
176,2015-09-16,0.0,1400.0
177,2015-09-17,0.0,1400.0
178,2015-09-18,0.0,1400.0
179,2015-09-21,0.0,1400.0
180,2015-09-22,0.0,1400.0
181,2015-09-23,15.1,1400.0
182,2015-09-24,0.0,1400.0
183,2015-09-25,0.0,1400.0
184,2015-09-30,13.4,1400.0
185,2015-10-01,62.8,1400.0
186,2015-10-02,0.0,1400.0
187,2015-10-05,0.0,1400.0
188,2015-10-06,0.0,1400.0
189,2015-10-07,0.0,1420.0
190,2015-10-08,0.0,1420.0
191,2015-10-12,0.0,1430.0
192,2015-10-13,0.0,1410.0
193,2015-10-14,0.0,1410.0
194,2015-10-15,0.0,1410.0
195,2015-10-16,0.0,1410.0
196,2015-10-19,0.0,1410.0
197,2015-10-20,0.0,1410.0
198,2015-10-21,0.0,1410.0
199,2015-10-22,0.0,1430.0
200,2015-10-23,0.0,1430.0
201,2015-10-26,0.0,1450.0
202,2015-10-27,15.4,1430.0
203,2015-10-28,0.0,1430.0
204,2015-10-29,0.0,1440.0
205,2015-10-30,0.0,1410.0
206,2015-11-02,1.5,1430.0
207,2015-11-03,0.0,1430.0
208,2015-11-04,0.0,1470.0
209,2015-11-05,0.0,1490.0
210,2015-11-06,3.8,1490.0
211,2015-11-09,0.2,1570.0
212,2015-11-10,0.0,1570.0
213,2015-11-11,0.0,1590.0
214,2015-11-12,0.0,1570.0
215,2015-11-13,29.0,1570.0
216,2015-11-16,12.1,1620.0
217,2015-11-17,0.1,1620.0
218,2015-11-18,17.7,1620.0
219,2015-11-19,2.7,1620.0
220,2015-11-20,0.0,1620.0
221,2015-11-23,3.0,1660.0
222,2015-11-24,0.0,1690.0
223,2015-11-25,9.4,1710.0
224,2015-11-26,3.9,1710.0
225,2015-11-27,0.7,1710.0
226,2015-11-30,0.0,1710.0
227,2015-12-01,0.0,1770.0
228,2015-12-02,5.4,1770.0
229,2015-12-03,1.1,1760.0
230,2015-12-07,0.0,1750.0
231,2015-12-08,0.0,1750.0
232,2015-12-09,0.0,1750.0
233,2015-12-10,30.8,1760.0
234,2015-12-11,1.0,1760.0
235,2015-12-14,3.6,1740.0
236,2015-12-15,0.0,1740.0
237,2015-12-16,0.9,1720.0
238,2015-12-17,5.4,1720.0
239,2015-12-18,0.0,1720.0
240,2015-12-21,2.8,1680.0
241,2015-12-22,0.3,1660.0
242,2015-12-23,7.3,1660.0
243,2015-12-24,0.0,1660.0
244,2015-12-28,0.0,1660.0
245,2015-12-29,0.0,1660.0
246,2015-12-30,0.3,1680.0
247,2015-12-31,5.8,1690.0
248,2016-01-05,0.2,1710.0
249,2016-01-06,0.0,1700.0
250,2016-01-07,0.0,1680.0
251,2016-01-08,0.1,1660.0
252,2016-01-11,0.0,1660.0
253,2016-01-12,0.0,1670.0
254,2016-01-13,0.5,1650.0
255,2016-01-14,0.0,1640.0
256,2016-01-15,0.0,1640.0
257,2016-01-18,2.6,1660.0
258,2016-01-19,6.3,1660.0
259,2016-01-20,0.0,1660.0
260,2016-01-21,0.0,1660.0
261,2016-01-22,0.0,1660.0
262,2016-01-25,10.3,1660.0
263,2016-01-26,0.0,1690.0
264,2016-01-27,0.0,1710.0
265,2016-01-28,14.3,1700.0
266,2016-01-29,13.9,1670.0
267,2016-02-01,0.3,1670.0
268,2016-02-02,0.1,1650.0
269,2016-02-03,0.0,1650.0
270,2016-02-04,0.0,1650.0
271,2016-02-05,0.0,1650.0
272,2016-02-11,0.6,1650.0
273,2016-02-12,32.6,1650.0
274,2016-02-15,1.5,1640.0
275,2016-02-16,0.1,1640.0
276,2016-02-17,0.0,1640.0
277,2016-02-18,0.0,1610.0
278,2016-02-19,0.0,1610.0
279,2016-02-22,0.0,1610.0
280,2016-02-23,0.0,1610.0
281,2016-02-24,0.0,1610.0
282,2016-02-25,0.0,1610.0
283,2016-02-26,0.0,1610.0
284,2016-02-29,0.1,1610.0
285,2016-03-02,0.0,1610.0
286,2016-03-03,0.0,1610.0
287,2016-03-04,8.3,1610.0
288,2016-03-07,0.0,1610.0
289,2016-03-08,11.9,1620.0
290,2016-03-09,1.0,1620.0
291,2016-03-10,0.0,1640.0
292,2016-03-11,0.0,1640.0
293,2016-03-14,0.0,1630.0
294,2016-03-15,0.0,1630.0
295,2016-03-16,0.0,1630.0
296,2016-03-17,0.0,1610.0
297,2016-03-18,11.7,1610.0
298,2016-03-21,0.0,1630.0
299,2016-03-22,0.0,1630.0
300,2016-03-23,0.0,1630.0
301,2016-03-24,0.0,1630.0
302,2016-03-25,0.0,1600.0
303,2016-03-28,0.0,1570.0
304,2016-03-29,0.0,1570.0
305,2016-03-30,0.0,1540.0
306,2016-03-31,0.0,1500.0
307,2016-04-01,0.0,1490.0
308,2016-04-04,0.4,1510.0
309,2016-04-05,0.0,1540.0
310,2016-04-06,17.2,1560.0
311,2016-04-07,13.2,1580.0
312,2016-04-08,0.0,1630.0
313,2016-04-11,0.0,1570.0
314,2016-04-12,2.5,1550.0
315,2016-04-14,0.0,1550.0
316,2016-04-15,0.0,1570.0
317,2016-04-18,0.0,1590.0
318,2016-04-19,0.0,1590.0
319,2016-04-20,0.8,1590.0
320,2016-05-02,34.6,980.0
321,2016-05-03,21.1,840.0
322,2016-05-04,0.0,780.0
323,2016-05-09,1.4,730.0
324,2016-05-10,24.8,730.0
325,2016-05-11,0.0,740.0
326,2016-05-12,0.0,730.0
327,2016-05-13,0.0,700.0
328,2016-05-16,4.9,680.0
329,2016-05-17,0.0,680.0
330,2016-05-18,0.0,680.0
331,2016-05-19,0.0,690.0
332,2016-05-20,0.0,690.0
333,2016-05-23,0.0,690.0
334,2016-05-24,24.3,690.0
335,2016-05-25,0.0,690.0
336,2016-05-26,0.0,730.0
337,2016-05-27,0.6,730.0
338,2016-05-30,0.0,750.0
339,2016-05-31,0.0,750.0
340,2016-06-01,0.0,730.0
341,2016-06-01,0.0,730.0
342,2016-06-02,0.0,730.0
343,2016-06-02,0.0,730.0
344,2016-06-03,0.0,730.0
345,2016-06-03,0.0,730.0
346,2016-06-07,2.1,750.0
347,2016-06-07,2.1,750.0
348,2016-06-08,0.0,760.0
349,2016-06-08,0.0,760.0
350,2016-06-09,0.0,760.0
351,2016-06-09,0.0,760.0
352,2016-06-10,0.0,760.0
353,2016-06-10,0.0,760.0
354,2016-06-13,0.0,750.0
355,2016-06-13,0.0,750.0
356,2016-06-14,0.0,750.0
357,2016-06-14,0.0,750.0
358,2016-06-15,0.9,750.0
359,2016-06-15,0.9,750.0
360,2016-06-16,0.0,750.0
361,2016-06-16,0.0,750.0
362,2016-06-17,0.0,740.0
363,2016-06-17,0.0,740.0
364,2016-06-20,32.1,700.0
365,2016-06-20,32.1,700.0
366,2016-06-21,0.0,700.0
367,2016-06-21,0.0,700.0
368,2016-06-22,20.6,700.0
369,2016-06-22,20.6,700.0
370,2016-06-23,0.0,700.0
371,2016-06-23,0.0,700.0
372,2016-06-24,65.9,700.0
373,2016-06-24,65.9,700.0
374,2016-06-27,0.0,690.0
375,2016-06-27,0.0,690.0
376,2016-06-28,0.0,690.0
377,2016-06-28,0.0,690.0
378,2016-06-29,2.4,690.0
379,2016-06-29,2.4,690.0
380,2016-06-30,0.2,690.0
381,2016-06-30,0.2,690.0
382,2016-07-01,23.0,690.0
383,2016-07-04,1.4,700.0
384,2016-07-05,3.8,700.0
385,2016-07-06,0.5,700.0
386,2016-07-07,0.0,700.0
387,2016-07-08,42.5,680.0
388,2016-07-11,0.4,680.0
389,2016-07-12,39.2,680.0
390,2016-07-13,0.0,690.0
391,2016-07-14,0.0,690.0
392,2016-07-15,0.0,690.0
393,2016-07-18,0.0,700.0
394,2016-07-19,0.0,700.0
395,2016-07-20,0.0,700.0
396,2016-07-21,0.0,700.0
397,2016-07-22,0.0,720.0
398,2016-07-25,0.0,720.0
399,2016-07-26,0.0,740.0
400,2016-07-27,0.7,740.0
401,2016-07-28,0.1,760.0
402,2016-07-29,0.0,760.0
403,2016-08-01,0.0,760.0
404,2016-08-02,0.2,750.0
405,2016-08-03,0.2,780.0
406,2016-08-04,0.0,790.0
407,2016-08-05,0.0,800.0
408,2016-08-08,0.0,810.0
409,2016-08-09,0.0,810.0
410,2016-08-10,0.0,810.0
411,2016-08-11,0.0,810.0
412,2016-08-12,0.0,810.0
413,2016-08-16,0.0,800.0
414,2016-08-17,0.0,800.0
415,2016-08-18,0.0,800.0
416,2016-08-19,0.0,800.0
417,2016-08-22,0.0,830.0
418,2016-08-23,0.0,840.0
419,2016-08-24,0.0,840.0
420,2016-08-25,0.0,840.0
421,2016-08-26,1.6,860.0
422,2016-08-29,0.0,860.0
423,2016-08-30,0.0,880.0
424,2016-08-31,0.0,910.0
425,2016-09-01,0.0,910.0
426,2016-09-02,0.0,910.0
427,2016-09-05,0.0,910.0
428,2016-09-06,0.0,910.0
429,2016-09-07,0.0,920.0
430,2016-09-08,0.0,920.0
431,2016-09-09,0.0,910.0
432,2016-09-12,2.0,910.0
433,2016-09-13,0.0,920.0
434,2016-09-19,0.0,920.0
435,2016-09-20,0.0,920.0
436,2016-09-21,0.0,940.0
437,2016-09-22,0.0,940.0
438,2016-09-23,0.0,940.0
439,2016-09-26,0.0,930.0
440,2016-09-27,0.0,930.0
441,2016-09-28,11.9,920.0
442,2016-09-29,0.6,920.0
443,2016-09-30,43.3,920.0
444,2016-10-04,5.9,920.0
445,2016-10-05,48.1,970.0
446,2016-10-06,0.0,970.0
447,2016-10-07,7.4,970.0
448,2016-10-10,0.0,970.0
449,2016-10-11,0.0,970.0
450,2016-10-12,0.0,970.0
451,2016-10-13,0.0,970.0
452,2016-10-14,0.0,970.0
453,2016-10-17,0.0,970.0
454,2016-10-18,0.0,980.0
455,2016-10-19,0.0,980.0
456,2016-10-20,0.0,980.0
457,2016-10-21,0.8,980.0
458,2016-10-24,0.0,980.0
459,2016-10-25,6.8,980.0
460,2016-10-26,0.0,980.0
461,2016-10-27,0.0,980.0
462,2016-10-28,12.1,980.0
463,2016-10-31,0.7,980.0
464,2016-11-01,0.0,980.0
465,2016-11-02,0.0,980.0
466,2016-11-03,0.1,980.0
467,2016-11-04,0.0,980.0
468,2016-11-07,0.0,990.0
469,2016-11-08,4.2,1040.0
470,2016-11-09,0.0,1040.0
471,2016-11-10,10.2,1040.0
472,2016-11-11,0.4,1040.0
473,2016-11-14,6.4,1040.0
474,2016-11-15,0.0,1040.0
475,2016-11-16,0.0,1050.0
476,2016-11-17,0.0,1050.0
477,2016-11-18,11.4,1050.0
478,2016-11-21,0.6,1050.0
479,2016-11-22,0.0,1050.0
480,2016-11-23,0.0,1050.0
481,2016-11-24,0.0,1050.0
482,2016-11-25,0.0,1030.0
483,2016-11-28,0.0,1030.0
484,2016-11-29,0.0,1030.0
485,2016-11-30,2.4,1030.0
486,2016-12-01,0.0,1030.0
487,2016-12-05,0.0,1040.0
488,2016-12-06,0.0,1070.0
489,2016-12-07,0.0,1060.0
490,2016-12-08,0.0,1060.0
491,2016-12-09,0.0,1060.0
492,2016-12-12,2.0,1060.0
493,2016-12-13,0.0,1060.0
494,2016-12-14,0.0,1070.0
495,2016-12-15,0.2,1070.0
496,2016-12-16,0.0,1060.0
497,2016-12-19,13.3,1060.0
498,2016-12-20,0.0,1060.0
499,2016-12-21,13.4,1060.0
500,2016-12-22,2.0,1080.0
501,2016-12-23,0.7,1070.0
502,2016-12-26,13.1,1070.0
503,2016-12-27,0.0,1060.0
504,2016-12-28,0.0,1060.0
505,2016-12-29,0.5,1060.0
506,2016-12-30,0.0,1060.0
507,2017-01-02,0.1,1060.0
508,2017-01-03,0.0,1070.0
509,2017-01-04,0.0,1100.0
510,2017-01-05,0.3,1130.0
511,2017-01-06,0.4,1130.0
512,2017-01-09,0.0,1260.0
513,2017-01-10,0.0,1260.0
514,2017-01-11,0.0,1270.0
515,2017-01-12,0.0,1270.0
516,2017-01-13,0.4,1240.0
517,2017-01-16,0.0,1250.0
518,2017-01-17,0.0,1290.0
519,2017-01-18,0.0,1290.0
520,2017-01-19,0.0,1290.0
521,2017-01-20,4.0,1290.0
522,2017-01-23,1.6,1290.0
523,2017-01-24,0.0,1300.0
524,2017-01-25,0.0,1300.0
525,2017-01-26,0.0,1300.0
526,2017-01-31,0.0,1300.0
527,2017-02-01,0.0,1300.0
528,2017-02-02,0.0,1330.0
529,2017-02-03,0.0,1330.0
530,2017-02-06,0.0,1330.0
531,2017-02-07,0.0,1340.0
532,2017-02-08,0.3,1340.0
533,2017-02-09,0.3,1340.0
534,2017-02-10,8.3,1340.0
535,2017-02-13,0.0,1340.0
536,2017-02-14,0.0,1360.0
537,2017-02-15,0.0,1360.0
538,2017-02-16,4.3,1340.0
539,2017-02-17,0.1,1330.0
540,2017-02-20,1.8,1330.0
541,2017-02-21,0.0,1330.0
542,2017-02-22,13.8,1350.0
543,2017-02-23,0.0,1340.0
544,2017-02-24,0.0,1330.0
545,2017-02-27,0.0,1330.0
546,2017-02-28,0.0,1330.0
547,2017-03-02,1.0,1380.0
548,2017-03-03,0.0,1420.0
549,2017-03-06,0.0,1420.0
550,2017-03-07,1.1,1420.0
551,2017-03-08,0.0,1400.0
552,2017-03-09,0.0,1400.0
553,2017-03-10,0.0,1400.0
554,2017-03-13,0.0,1400.0
555,2017-03-14,0.0,1400.0
556,2017-03-15,0.0,1390.0
557,2017-03-16,0.0,1390.0
558,2017-03-17,0.0,1390.0
559,2017-03-20,9.3,1350.0
560,2017-03-21,0.4,1350.0
561,2017-03-22,0.0,1310.0
562,2017-03-23,0.0,1320.0
563,2017-03-24,0.0,1350.0
564,2017-03-27,2.0,1390.0
565,2017-03-28,2.2,1430.0
566,2017-03-29,2.0,1560.0
567,2017-03-30,0.0,1630.0
568,2017-03-31,2.1,1630.0
569,2017-04-03,0.0,1550.0
570,2017-04-04,0.0,1520.0
571,2017-04-05,23.0,1455.0
572,2017-04-06,1.5,1435.0
573,2017-04-07,0.0,1420.0
574,2017-04-10,0.0,1320.0
575,2017-04-11,11.2,1365.0
576,2017-04-12,0.0,1375.0
577,2017-04-13,0.0,1350.0
578,2017-04-14,1.0,1310.0
579,2017-04-17,3.3,1225.0
580,2017-04-18,0.0,1215.0
581,2017-04-19,0.0,1205.0
582,2017-04-20,1.5,1205.0
583,2017-04-21,0.0,1140.0
584,2017-04-24,0.0,950.0
585,2017-04-25,3.4,880.0
586,2017-04-26,1.3,870.0
587,2017-04-27,0.0,870.0
588,2017-04-28,0.0,880.0
589,2017-05-02,0.0,870.0
590,2017-05-04,2.0,850.0
591,2017-05-08,0.0,940.0
592,2017-05-10,0.7,1140.0
593,2017-05-11,0.0,1220.0
594,2017-05-12,0.2,1210.0
595,2017-05-15,0.0,1120.0
596,2017-05-16,0.0,1000.0
597,2017-05-17,0.0,1000.0
598,2017-05-18,0.0,1000.0
599,2017-05-19,0.0,1000.0
600,2017-05-22,0.0,1010.0
601,2017-05-23,0.0,1010.0
602,2017-05-24,0.0,1010.0
603,2017-05-25,0.0,1000.0
604,2017-05-26,0.0,990.0
605,2017-05-29,0.0,1000.0
606,2017-05-30,0.0,1020.0
607,2017-05-31,0.1,990.0
608,2017-06-01,0.0,990.0
609,2017-06-02,0.0,970.0
610,2017-06-05,0.0,1010.0
611,2017-06-07,1.9,1080.0
612,2017-06-08,0.0,1160.0
613,2017-06-09,0.0,1140.0
614,2017-06-12,0.0,1110.0
615,2017-06-13,0.0,1090.0
616,2017-06-14,0.0,1110.0
617,2017-06-15,0.0,1080.0
618,2017-06-16,0.0,1070.0
619,2017-06-19,0.0,1070.0
620,2017-06-20,9.4,1070.0
621,2017-06-21,0.0,1060.0
622,2017-06-22,0.0,1040.0
623,2017-06-23,0.0,1040.0
624,2017-06-26,6.6,1060.0
625,2017-06-27,0.0,1070.0
626,2017-06-28,0.0,1090.0
627,2017-06-29,1.8,1080.0
628,2017-06-30,0.6,1070.0
629,2017-07-03,1.3,1140.0
630,2017-07-04,0.2,1160.0
631,2017-07-05,0.0,1180.0
632,2017-07-06,31.4,1170.0
633,2017-07-07,5.0,1135.0
634,2017-07-10,0.9,1165.0
635,2017-07-11,0.0,1170.0
636,2017-07-12,0.0,1190.0
637,2017-07-13,0.0,1190.0
638,2017-07-14,21.8,1180.0
639,2017-07-17,3.5,1180.0
640,2017-07-18,19.6,1210.0
641,2017-07-19,0.0,1220.0
642,2017-07-20,0.0,1210.0
643,2017-07-21,0.0,1240.0
644,2017-07-24,0.0,1260.0
645,2017-07-25,0.0,1260.0
646,2017-07-26,0.0,1260.0
647,2017-07-27,0.0,1250.0
648,2017-07-28,0.0,1250.0
649,2017-07-31,34.9,1250.0
650,2017-08-01,0.0,1260.0
651,2017-08-02,0.0,1250.0
652,2017-08-03,0.0,1260.0
653,2017-08-04,0.0,1250.0
654,2017-08-07,0.0,1260.0
655,2017-08-08,0.3,1250.0
656,2017-08-09,0.7,1250.0
657,2017-08-10,0.0,1270.0
658,2017-08-11,0.0,1260.0
659,2017-08-14,66.0,1280.0
660,2017-08-16,0.0,1300.0
661,2017-08-17,0.0,1310.0
662,2017-08-18,0.0,1300.0
663,2017-08-21,15.5,1290.0
664,2017-08-22,4.7,1310.0
665,2017-08-23,0.0,1300.0
666,2017-08-24,0.0,1300.0
667,2017-08-25,28.3,1300.0
668,2017-08-28,0.0,1280.0
669,2017-08-29,1.0,1290.0
670,2017-08-30,0.0,1280.0
671,2017-08-31,0.0,1290.0
672,2017-09-01,0.0,1300.0
673,2017-09-04,0.0,1290.0
674,2017-09-05,15.8,1300.0
675,2017-09-06,29.0,1290.0
676,2017-09-07,1.1,1290.0
677,2017-09-08,0.0,1290.0
678,2017-09-11,55.1,1290.0
679,2017-09-12,0.0,1290.0
680,2017-09-13,0.0,1290.0
681,2017-09-14,0.0,1290.0
682,2017-09-15,0.0,1290.0
683,2017-09-18,0.0,1280.0
684,2017-09-19,0.0,1290.0
685,2017-09-20,0.0,1280.0
686,2017-09-21,0.0,1280.0
687,2017-09-22,0.0,1260.0
688,2017-09-25,0.0,1260.0
689,2017-09-26,0.2,1260.0
690,2017-09-27,5.6,1260.0
691,2017-09-28,0.0,1240.0
692,2017-09-29,0.0,1250.0
693,2017-10-10,0.0,1220.0
694,2017-10-11,2.0,1210.0
695,2017-10-12,1.9,1240.0
696,2017-10-13,0.0,1240.0
697,2017-10-16,0.0,1240.0
698,2017-10-17,0.0,1240.0
699,2017-10-18,0.0,1260.0
700,2017-10-19,0.0,1260.0
701,2017-10-20,0.0,1260.0
702,2017-10-23,0.0,1260.0
703,2017-10-24,0.0,1270.0
704,2017-10-25,0.0,1250.0
705,2017-10-26,0.0,1240.0
706,2017-10-27,0.0,1240.0
707,2017-10-30,0.0,1250.0
708,2017-10-31,0.0,1250.0
709,2017-11-01,0.0,1250.0
710,2017-11-02,0.0,1240.0
711,2017-11-03,0.9,1240.0
712,2017-11-06,0.0,1250.0
713,2017-11-07,0.0,1250.0
714,2017-11-08,0.0,1260.0
715,2017-11-09,0.0,1260.0
716,2017-11-10,0.0,1260.0
717,2017-11-13,0.0,1260.0
718,2017-11-14,0.0,1240.0
719,2017-11-15,0.0,1240.0
720,2017-11-16,0.0,1240.0
721,2017-11-17,0.0,1240.0
722,2017-11-20,0.0,1250.0
723,2017-11-21,0.0,1250.0
724,2017-11-22,0.2,1250.0
725,2017-11-23,0.0,1250.0
726,2017-11-24,0.0,1250.0
727,2017-11-27,0.0,1240.0
728,2017-11-28,0.0,1240.0
729,2017-11-29,0.0,1240.0
730,2017-11-30,0.0,1240.0
731,2017-12-04,1.4,1240.0
732,2017-12-05,1.1,1230.0
733,2017-12-06,0.0,1230.0
734,2017-12-07,0.2,1230.0
735,2017-12-08,4.8,1230.0
736,2017-12-11,1.8,1230.0
737,2017-12-12,0.3,1230.0
738,2017-12-13,0.0,1230.0
739,2017-12-14,0.0,1230.0
740,2017-12-15,0.0,1220.0
741,2017-12-18,0.0,1210.0
742,2017-12-19,0.0,1210.0
743,2017-12-20,5.0,1210.0
744,2017-12-21,0.0,1210.0
745,2017-12-22,0.0,1210.0
746,2017-12-26,0.0,1210.0
747,2017-12-27,0.0,1210.0
748,2017-12-28,0.0,1210.0
749,2017-12-29,0.0,1210.0
750,2018-01-02,0.0,1210.0
751,2018-01-03,0.0,1210.0
752,2018-01-04,0.0,1200.0
753,2018-01-05,0.0,1190.0
754,2018-01-08,2.8,1190.0
755,2018-01-09,0.6,1190.0
756,2018-01-10,14.4,1190.0
757,2018-01-11,8.6,1190.0
758,2018-01-12,1.2,1200.0
759,2018-01-15,0.0,1190.0
760,2018-01-16,21.6,1190.0
761,2018-01-17,2.4,1200.0
762,2018-01-18,0.0,1200.0
763,2018-01-19,0.0,1200.0
764,2018-01-22,0.0,1185.0
765,2018-01-23,0.2,1185.0
766,2018-01-24,1.0,1185.0
767,2018-01-25,0.0,1185.0
768,2018-01-26,1.0,1205.0
769,2018-01-29,1.9,1205.0
770,2018-01-30,0.5,1205.0
771,2018-01-31,0.0,1180.0
772,2018-02-01,0.0,1180.0
773,2018-02-02,0.0,1180.0
774,2018-02-05,5.4,1170.0
775,2018-02-06,3.8,1160.0
776,2018-02-07,0.2,1160.0
777,2018-02-08,0.0,1160.0
778,2018-02-09,0.0,1160.0
779,2018-02-12,0.5,1140.0
780,2018-02-13,0.0,1130.0
781,2018-02-14,0.0,1150.0
782,2018-02-19,0.0,1130.0
783,2018-02-20,0.0,1120.0
784,2018-02-21,0.0,1120.0
785,2018-02-22,0.0,1060.0
786,2018-02-23,0.0,1060.0
787,2018-02-26,0.0,1060.0
788,2018-02-27,0.0,1060.0
789,2018-02-28,19.3,1040.0
790,2018-03-02,0.0,1020.0
791,2018-03-05,1.3,1020.0
792,2018-03-06,0.0,1010.0
793,2018-03-07,10.4,1010.0
794,2018-03-08,13.6,1000.0
795,2018-03-09,0.0,930.0
796,2018-03-12,0.0,950.0
797,2018-03-13,0.0,940.0
798,2018-03-14,0.0,930.0
799,2018-03-15,56.3,930.0
800,2018-03-16,0.0,930.0
801,2018-03-19,16.6,880.0
802,2018-03-20,6.3,870.0
803,2018-03-21,10.4,860.0
804,2018-03-22,0.0,860.0
805,2018-03-23,0.0,840.0
806,2018-03-26,0.0,840.0
807,2018-03-27,0.0,820.0
808,2018-03-28,0.0,820.0
809,2018-03-29,0.0,800.0
810,2018-03-30,0.0,780.0
811,2018-04-02,0.0,750.0
812,2018-04-03,0.0,750.0
813,2018-04-04,13.1,740.0
814,2018-04-05,22.2,710.0
815,2018-04-06,23.3,710.0
816,2018-04-09,0.0,670.0
817,2018-04-10,0.0,660.0
818,2018-04-11,0.2,805.0
819,2018-04-12,0.0,825.0
820,2018-04-13,0.0,815.0
821,2018-04-16,0.0,795.0
822,2018-04-17,0.0,765.0
823,2018-04-18,0.0,770.0
824,2018-04-19,0.0,765.0
825,2018-04-20,0.0,890.0
826,2018-04-23,58.7,900.0
827,2018-04-24,20.3,950.0
828,2018-04-25,0.9,1020.0
829,2018-04-26,0.0,1040.0
830,2018-04-27,0.0,1030.0
831,2018-04-30,0.0,1030.0
832,2018-05-02,7.0,1020.0
833,2018-05-03,0.1,1030.0
834,2018-05-04,0.0,1020.0
835,2018-05-08,0.0,930.0
836,2018-05-09,0.0,910.0
837,2018-05-10,0.0,910.0
838,2018-05-11,0.0,910.0
839,2018-05-14,0.0,890.0
840,2018-05-15,0.0,870.0
841,2018-05-16,0.1,830.0
842,2018-05-17,0.0,820.0
843,2018-05-18,0.7,810.0
844,2018-05-21,0.0,780.0
845,2018-05-23,5.5,800.0
846,2018-05-24,0.0,800.0
847,2018-05-25,0.0,720.0
848,2018-05-28,0.0,660.0
849,2018-05-29,0.0,660.0
850,2018-05-30,0.0,660.0
851,2018-05-31,0.0,670.0
852,2018-06-01,0.0,670.0
853,2018-06-04,0.0,680.0
854,2018-06-05,0.0,680.0
855,2018-06-07,0.0,750.0
856,2018-06-08,0.0,750.0
857,2018-06-11,0.0,710.0
858,2018-06-12,0.0,730.0
859,2018-06-14,0.0,740.0
860,2018-06-15,0.0,740.0
861,2018-06-18,0.0,740.0
862,2018-06-19,9.1,730.0
863,2018-06-20,0.0,710.0
864,2018-06-21,0.0,705.0
865,2018-06-22,0.0,690.0
866,2018-06-25,0.0,670.0
867,2018-06-26,0.0,650.0
868,2018-06-27,24.1,650.0
869,2018-06-28,111.7,650.0
870,2018-06-29,0.0,650.0
871,2018-07-02,15.6,650.0
872,2018-07-03,0.0,650.0
873,2018-07-04,0.0,660.0
874,2018-07-05,4.1,650.0
875,2018-07-06,0.0,640.0
876,2018-07-09,0.0,640.0
877,2018-07-10,0.0,660.0
878,2018-07-11,0.0,670.0
879,2018-07-12,0.0,680.0
880,2018-07-13,0.0,680.0
881,2018-07-16,0.0,690.0
882,2018-07-17,0.0,690.0
883,2018-07-18,0.0,690.0
884,2018-07-19,0.0,680.0
885,2018-07-20,0.0,680.0
886,2018-07-23,0.0,690.0
887,2018-07-24,0.0,650.0
888,2018-07-25,0.0,650.0
889,2018-07-26,0.0,650.0
890,2018-07-27,0.0,646.0
891,2018-07-30,0.0,666.0
892,2018-07-31,0.0,670.0
893,2018-08-01,0.0,670.0
894,2018-08-02,0.0,670.0
895,2018-08-03,0.0,700.0
896,2018-08-06,0.0,730.0
897,2018-08-07,0.0,730.0
898,2018-08-08,0.0,770.0
899,2018-08-09,0.0,760.0
900,2018-08-10,2.4,780.0
901,2018-08-13,0.0,810.0
902,2018-08-14,0.0,780.0
903,2018-08-16,0.0,790.0
904,2018-08-17,0.0,790.0
905,2018-08-20,0.0,810.0
906,2018-08-21,0.0,810.0
907,2018-08-22,0.2,810.0
908,2018-08-23,151.9,790.0
909,2018-08-24,1.1,790.0
910,2018-08-27,18.1,810.0
911,2018-08-28,0.0,790.0
912,2018-08-29,0.1,790.0
913,2018-08-30,0.0,790.0
914,2018-08-31,42.9,750.0
915,2018-09-03,4.6,780.0
916,2018-09-04,75.1,770.0
917,2018-09-05,0.0,770.0
918,2018-09-06,5.7,780.0
919,2018-09-07,9.4,800.0
920,2018-09-10,0.0,810.0
921,2018-09-11,0.0,810.0
922,2018-09-12,0.0,790.0
923,2018-09-13,12.6,790.0
924,2018-09-14,5.6,790.0
925,2018-09-17,0.0,790.0
926,2018-09-18,0.0,790.0
927,2018-09-19,7.4,760.0
928,2018-09-20,3.2,760.0
929,2018-09-21,19.8,760.0
930,2018-09-27,0.0,750.0
931,2018-09-28,0.0,760.0
932,2018-10-01,0.0,760.0
933,2018-10-02,0.0,740.0
934,2018-10-04,0.3,740.0
935,2018-10-05,91.8,740.0
936,2018-10-08,0.0,740.0
937,2018-10-10,0.3,740.0
938,2018-10-11,0.1,720.0
939,2018-10-12,0.0,720.0
940,2018-10-15,0.0,740.0
941,2018-10-16,0.0,740.0
942,2018-10-17,0.0,725.0
943,2018-10-18,0.0,715.0
944,2018-10-19,0.0,725.0
945,2018-10-22,0.0,725.0
946,2018-10-23,0.0,705.0
947,2018-10-24,0.0,705.0
948,2018-10-25,0.0,680.0
949,2018-10-26,4.7,680.0
950,2018-10-29,0.0,680.0
951,2018-10-30,0.0,690.0
952,2018-10-31,0.0,700.0
953,2018-11-01,0.0,710.0
954,2018-11-02,0.0,710.0
955,2018-11-05,0.0,710.0
956,2018-11-06,0.0,730.0
957,2018-11-07,3.5,730.0
958,2018-11-08,23.4,730.0
959,2018-11-09,0.2,720.0
960,2018-11-12,1.1,720.0
961,2018-11-13,0.0,720.0
962,2018-11-14,0.0,720.0
963,2018-11-15,0.0,740.0
964,2018-11-16,5.5,690.0
965,2018-11-19,0.0,690.0
966,2018-11-20,0.0,705.0
967,2018-11-21,0.0,685.0
968,2018-11-22,0.0,685.0
969,2018-11-23,0.0,665.0
970,2018-11-26,0.0,665.0
971,2018-11-27,0.0,665.0
972,2018-11-28,0.0,665.0
973,2018-11-29,0.0,665.0
974,2018-11-30,0.0,665.0
975,2018-12-03,10.3,660.0
976,2018-12-04,10.8,680.0
977,2018-12-05,0.0,670.0
978,2018-12-06,6.0,670.0
979,2018-12-10,0.0,670.0
980,2018-12-11,1.0,670.0
981,2018-12-12,0.0,670.0
982,2018-12-13,0.0,670.0
983,2018-12-14,0.0,670.0
984,2018-12-17,0.0,670.0
985,2018-12-18,0.0,660.0
986,2018-12-19,0.0,660.0
987,2018-12-20,0.0,650.0
988,2018-12-21,0.0,650.0
989,2018-12-24,0.0,650.0
990,2018-12-26,0.4,650.0
991,2018-12-27,0.0,650.0
992,2018-12-28,4.0,640.0
993,2018-12-31,0.0,640.0
994,2019-01-02,0.0,640.0
995,2019-01-03,0.0,640.0
996,2019-01-04,0.0,650.0
997,2019-01-07,0.0,650.0
998,2019-01-08,0.0,640.0
999,2019-01-09,0.0,640.0
1000,2019-01-10,0.0,600.0
1001,2019-01-11,0.0,600.0
1002,2019-01-14,0.0,610.0
1003,2019-01-15,0.0,610.0
1004,2019-01-16,0.0,623.0
1005,2019-01-17,0.0,623.0
1006,2019-01-18,0.0,623.0
1007,2019-01-21,0.0,623.0
1008,2019-01-22,0.0,594.0
1009,2019-01-23,0.0,594.0
1010,2019-01-24,0.0,594.0
1011,2019-01-25,0.0,594.0
1012,2019-01-28,0.0,594.0
1013,2019-01-29,0.0,594.0
1014,2019-01-30,0.0,594.0
1015,2019-01-31,10.0,604.0
1016,2019-02-01,0.0,604.0
1017,2019-02-07,0.0,594.0
1018,2019-02-08,0.0,584.0
1019,2019-02-11,0.0,584.0
1020,2019-02-12,0.0,594.0
1021,2019-02-13,0.0,594.0
1022,2019-02-14,0.0,594.0
1023,2019-02-15,0.0,594.0
1024,2019-02-18,1.1,604.0
1025,2019-02-19,16.8,604.0
1026,2019-02-20,0.0,624.0
1027,2019-02-21,0.0,624.0
1028,2019-02-22,0.0,624.0
1029,2019-02-25,0.0,614.0
1030,2019-02-26,0.0,614.0
1031,2019-02-27,3.1,614.0
1032,2019-02-28,0.0,624.0
1033,2019-03-04,0.0,624.0
1034,2019-03-05,0.0,644.0
1035,2019-03-06,1.9,670.0
1036,2019-03-07,0.0,670.0
1037,2019-03-08,0.0,650.0
1038,2019-03-11,6.4,650.0
1039,2019-03-12,0.0,660.0
1040,2019-03-13,0.0,660.0
1041,2019-03-14,0.0,660.0
1042,2019-03-15,0.8,660.0
1043,2019-03-18,0.0,660.0
1044,2019-03-19,0.0,670.0
1045,2019-03-20,16.8,685.0
1046,2019-03-21,0.0,675.0
1047,2019-03-22,0.0,675.0
1048,2019-03-25,0.0,710.0
1049,2019-03-26,0.0,700.0
1050,2019-03-27,0.0,700.0
1051,2019-03-28,0.0,720.0
1052,2019-03-29,0.0,720.0
1053,2019-04-01,0.0,735.0
1054,2019-04-02,0.0,780.0
1055,2019-04-03,0.0,800.0
1056,2019-04-04,0.0,790.0
1057,2019-04-05,0.0,762.0
1058,2019-04-08,0.0,825.0
1059,2019-04-09,30.2,905.0
1060,2019-04-10,2.7,915.0
1061,2019-04-11,0.0,1013.0
1062,2019-04-12,0.0,1058.0
1063,2019-04-15,0.0,983.0
1064,2019-04-16,0.0,973.0
1065,2019-04-17,0.5,948.0
1066,2019-04-18,0.0,1068.0
1067,2019-04-19,0.0,1040.0
1068,2019-04-22,0.0,960.0
1069,2019-04-23,3.3,880.0
1070,2019-04-24,0.0,880.0
1071,2019-04-25,1.6,860.0
1072,2019-04-26,0.5,860.0
1073,2019-04-29,35.4,810.0
1074,2019-04-30,1.3,830.0
1075,2019-05-02,0.0,830.0
1076,2019-05-03,0.0,880.0
1077,2019-05-07,0.0,840.0
1078,2019-05-08,0.0,830.0
1079,2019-05-09,0.0,780.0
1080,2019-05-10,0.0,740.0
1081,2019-05-13,0.0,665.0
1082,2019-05-14,0.0,640.0
1083,2019-05-15,0.0,615.0
1084,2019-05-16,0.0,605.0
1085,2019-05-17,6.6,600.0
1086,2019-05-20,1.2,590.0
1087,2019-05-21,0.0,590.0
1088,2019-05-22,0.0,570.0
1089,2019-05-23,0.0,570.0
1090,2019-05-24,0.0,590.0
1091,2019-05-27,52.1,580.0
1092,2019-05-28,0.0,565.0
1093,2019-05-29,0.0,555.0
1094,2019-05-30,0.0,575.0
1095,2019-05-31,1.8,600.0
1096,2019-06-03,0.0,610.0
1097,2019-06-04,0.0,600.0
1098,2019-06-05,0.0,570.0
1099,2019-06-07,2.8,560.0
1100,2019-06-10,0.2,560.0
1101,2019-06-11,0.0,560.0
1102,2019-06-12,0.0,510.0
1103,2019-06-13,0.0,495.0
1104,2019-06-14,5.9,455.0
1105,2019-06-17,0.0,420.0
1106,2019-06-18,0.0,420.0
1107,2019-06-19,0.0,420.0
1108,2019-06-20,0.0,425.0
1109,2019-06-21,0.0,425.0
1110,2019-06-24,0.0,435.0
1111,2019-06-25,0.0,435.0
1112,2019-06-26,18.1,435.0
1113,2019-06-27,0.4,430.0
1114,2019-06-28,0.0,450.0
1115,2019-07-01,2.0,440.0
1116,2019-07-02,0.3,440.0
1117,2019-07-03,0.0,440.0
1118,2019-07-04,0.0,420.0
1119,2019-07-05,0.0,420.0
1120,2019-07-08,0.0,420.0
1121,2019-07-09,0.7,420.0
1122,2019-07-10,21.3,420.0
1123,2019-07-11,0.0,420.0
1124,2019-07-12,0.0,415.0
1125,2019-07-15,0.0,420.0
1126,2019-07-16,0.0,420.0
1127,2019-07-17,19.1,420.0
1128,2019-07-18,23.5,420.0
1129,2019-07-19,6.3,420.0
1130,2019-07-22,0.1,430.0
1131,2019-07-23,0.0,430.0
1132,2019-07-24,0.0,420.0
1133,2019-07-25,0.0,415.0
1134,2019-07-26,7.4,410.0
1135,2019-07-29,0.0,420.0
1136,2019-07-30,0.0,420.0
1137,2019-07-31,0.0,420.0
1138,2019-08-01,0.0,450.0
1139,2019-08-02,0.0,470.0
1140,2019-08-05,0.0,460.0
1141,2019-08-06,0.0,480.0
1142,2019-08-07,0.0,470.0
1143,2019-08-08,0.4,500.0
1144,2019-08-09,0.0,500.0
1145,2019-08-12,27.2,515.0
1146,2019-08-13,0.2,515.0
1147,2019-08-14,0.0,525.0
1148,2019-08-16,2.9,515.0
1149,2019-08-19,0.0,500.0
1150,2019-08-20,0.0,505.0
1151,2019-08-21,2.9,505.0
1152,2019-08-22,4.4,510.0
1153,2019-08-23,0.0,510.0
1154,2019-08-26,0.0,510.0
1155,2019-08-27,29.1,510.0
1156,2019-08-28,0.1,510.0
1157,2019-08-29,0.0,510.0
1158,2019-08-30,2.9,520.0
1159,2019-09-02,1.7,520.0
1160,2019-09-03,6.1,510.0
1161,2019-09-04,9.3,505.0
1162,2019-09-05,38.0,515.0
1163,2019-09-06,1.0,525.0
1164,2019-09-09,30.2,560.0
1165,2019-09-10,0.0,550.0
1166,2019-09-11,0.0,550.0
1167,2019-09-16,0.0,540.0
1168,2019-09-17,0.0,580.0
1169,2019-09-18,0.0,570.0
1170,2019-09-19,0.0,570.0
1171,2019-09-20,0.0,550.0
1172,2019-09-23,0.0,550.0
1173,2019-09-24,0.0,550.0
1174,2019-09-25,0.0,550.0
1175,2019-09-26,0.0,515.0
1176,2019-09-27,0.0,515.0
1177,2019-09-30,0.0,510.0
1178,2019-10-01,41.1,510.0
1179,2019-10-02,107.0,500.0
1180,2019-10-04,0.0,505.0
1181,2019-10-07,9.2,505.0
1182,2019-10-08,0.0,515.0
1183,2019-10-10,0.0,515.0
1184,2019-10-11,0.0,515.0
1185,2019-10-14,0.0,535.0
1186,2019-10-15,0.0,530.0
1187,2019-10-16,0.0,530.0
1188,2019-10-17,0.0,530.0
1189,2019-10-18,0.0,530.0
1190,2019-10-21,0.0,520.0
1191,2019-10-22,0.0,520.0
1192,2019-10-23,0.0,510.0
1193,2019-10-24,0.0,510.0
1194,2019-10-25,0.0,510.0
1195,2019-10-28,0.0,535.0
1196,2019-10-29,0.0,535.0
1197,2019-10-30,0.0,535.0
1198,2019-10-31,0.0,535.0
1199,2019-11-01,0.0,535.0
1200,2019-11-04,0.0,535.0
1201,2019-11-05,0.0,560.0
1202,2019-11-06,0.0,560.0
1203,2019-11-07,0.0,560.0
1204,2019-11-08,0.0,585.0
1205,2019-11-11,0.3,585.0
1206,2019-11-12,0.0,590.0
1207,2019-11-13,1.2,590.0
1208,2019-11-14,0.4,590.0
1209,2019-11-15,0.0,590.0
1210,2019-11-18,5.6,600.0
1211,2019-11-19,0.1,645.0
1212,2019-11-20,0.0,645.0
1213,2019-11-21,0.0,645.0
1214,2019-11-22,0.0,635.0
1215,2019-11-25,0.0,660.0
1216,2019-11-26,0.0,635.0
1217,2019-11-27,0.2,640.0
1218,2019-11-28,0.0,660.0
1219,2019-11-29,0.0,660.0
1220,2019-12-02,1.2,720.0
1221,2019-12-03,0.0,710.0
1222,2019-12-04,0.0,720.0
1223,2019-12-05,0.2,740.0
1224,2019-12-09,0.0,750.0
1225,2019-12-10,0.0,790.0
1226,2019-12-11,0.0,780.0
1227,2019-12-12,0.0,760.0
1228,2019-12-13,0.0,745.0
1229,2019-12-16,0.0,765.0
1230,2019-12-17,1.5,765.0
1231,2019-12-18,0.0,765.0
1232,2019-12-19,0.0,750.0
1233,2019-12-20,0.0,740.0
1234,2019-12-23,0.4,710.0
1235,2019-12-24,0.0,710.0
1236,2019-12-26,1.5,730.0
1237,2019-12-27,0.1,780.0
1238,2019-12-30,0.1,770.0
1239,2019-12-31,0.9,770.0
1240,2020-01-02,0.0,775.0
1241,2020-01-03,0.0,810.0
1242,2020-01-06,11.9,870.0
1243,2020-01-07,29.9,930.0
1244,2020-01-08,0.5,955.0
1245,2020-01-09,0.0,945.0
1246,2020-01-10,0.0,955.0
1247,2020-01-13,0.0,960.0
1248,2020-01-14,0.0,960.0
1249,2020-01-15,0.0,960.0
1250,2020-01-16,0.0,950.0
1251,2020-01-17,0.0,950.0
1252,2020-01-20,0.0,950.0
1253,2020-01-21,0.0,950.0
1254,2020-01-22,12.2,960.0
1255,2020-01-23,0.5,950.0
1256,2020-01-28,0.0,938.0
1257,2020-01-29,0.0,940.0
1258,2020-01-30,0.0,940.0
1259,2020-01-31,0.0,930.0
1260,2020-02-03,0.3,930.0
1261,2020-02-04,0.0,920.0
1262,2020-02-05,0.2,910.0
1263,2020-02-06,0.0,910.0
1264,2020-02-07,0.0,910.0
1265,2020-02-10,0.0,910.0
1266,2020-02-11,0.1,925.0
1267,2020-02-12,4.4,915.0
1268,2020-02-13,0.7,900.0
1269,2020-02-14,0.0,945.0
1270,2020-02-17,3.6,985.0
1271,2020-02-18,0.4,1025.0
1272,2020-02-19,0.0,1110.0
1273,2020-02-20,0.0,1150.0
1274,2020-02-21,1.2,1213.0
1275,2020-02-24,0.0,1288.0
1276,2020-02-25,1.9,1350.0
1277,2020-02-26,0.7,1488.0
1278,2020-02-27,0.0,1600.0
1279,2020-02-28,2.8,1625.0
1280,2020-03-02,0.0,1450.0
1281,2020-03-03,0.0,1325.0
1282,2020-03-04,0.0,1275.0
1283,2020-03-05,0.0,1250.0
1284,2020-03-06,0.0,1225.0
1285,2020-03-09,6.8,1170.0
1286,2020-03-10,6.9,1160.0
1287,2020-03-11,0.0,1220.0
1288,2020-03-12,0.0,1220.0
1289,2020-03-13,0.0,1220.0
1290,2020-03-16,0.0,1180.0
1291,2020-03-17,0.0,1180.0
1292,2020-03-18,0.0,1140.0
1293,2020-03-19,0.0,1080.0
1294,2020-03-20,0.0,1060.0
1295,2020-03-23,0.0,1040.0
1296,2020-03-24,0.0,1040.0
1297,2020-03-25,0.0,1040.0
1298,2020-03-26,11.1,1060.0
1299,2020-03-27,2.5,1080.0
1300,2020-03-30,0.0,1210.0
1301,2020-03-31,0.0,1190.0
1302,2020-04-01,0.1,1210.0
1303,2020-04-02,0.0,1235.0
1304,2020-04-03,0.0,1245.0
1305,2020-04-06,0.0,1260.0
1306,2020-04-07,0.0,1310.0
1307,2020-04-08,0.0,1255.0
1308,2020-04-09,0.0,1205.0
1309,2020-04-10,0.0,1180.0
1310,2020-04-13,0.0,1260.0
1311,2020-04-14,0.0,1210.0
1312,2020-04-16,0.0,1150.0
1313,2020-04-17,22.3,1140.0
1314,2020-04-20,0.0,1220.0
1315,2020-04-21,0.0,1220.0
1316,2020-04-22,0.0,1190.0
1317,2020-04-23,0.0,1120.0
1318,2020-04-24,0.0,1110.0
1319,2020-04-27,0.0,1030.0
1320,2020-04-28,0.0,1020.0
1321,2020-04-29,0.0,990.0
1322,2020-05-04,0.0,1040.0
1323,2020-05-06,0.0,1010.0
1324,2020-05-07,0.0,1010.0
1325,2020-05-08,4.6,1010.0
1326,2020-05-11,0.0,950.0
1327,2020-05-12,0.0,970.0
1328,2020-05-13,0.0,1030.0
1329,2020-05-14,0.0,1150.0
1330,2020-05-15,19.9,1170.0
1331,2020-05-18,6.4,1050.0
1332,2020-05-19,0.3,1050.0
1333,2020-05-20,0.0,1030.0
1334,2020-05-21,0.0,1030.0
1335,2020-05-22,0.0,1030.0
1336,2020-05-25,0.0,960.0
1337,2020-05-26,0.0,950.0
1338,2020-05-27,0.0,930.0
1339,2020-05-28,0.0,880.0
1340,2020-05-29,0.0,810.0
1341,2020-06-01,0.0,730.0
1342,2020-06-02,0.0,720.0
1343,2020-06-02,0.0,720.0
1344,2020-06-03,0.2,740.0
1345,2020-06-03,0.2,740.0
1346,2020-06-04,0.0,690.0
1347,2020-06-04,0.0,690.0
1348,2020-06-05,0.0,700.0
1349,2020-06-05,0.0,700.0
1350,2020-06-08,0.0,680.0
1351,2020-06-08,0.0,680.0
1352,2020-06-09,0.0,660.0
1353,2020-06-09,0.0,660.0
1354,2020-06-10,4.5,640.0
1355,2020-06-10,4.5,640.0
1356,2020-06-11,0.7,640.0
1357,2020-06-11,0.7,640.0
1358,2020-06-12,13.4,640.0
1359,2020-06-12,13.4,640.0
1360,2020-06-15,0.0,710.0
1361,2020-06-15,0.0,710.0
1362,2020-06-16,0.0,710.0
1363,2020-06-16,0.0,710.0
1364,2020-06-17,4.5,720.0
1365,2020-06-17,4.5,720.0
1366,2020-06-18,65.2,730.0
1367,2020-06-18,65.2,730.0
1368,2020-06-19,5.5,730.0
1369,2020-06-19,5.5,730.0
1370,2020-06-22,0.0,724.0
1371,2020-06-22,0.0,724.0
1372,2020-06-23,0.0,734.0
1373,2020-06-23,0.0,734.0
1374,2020-06-24,31.3,706.0
1375,2020-06-24,31.3,706.0
1376,2020-06-25,0.0,708.0
1377,2020-06-25,0.0,708.0
1378,2020-06-26,0.0,723.0
1379,2020-06-26,0.0,723.0
1380,2020-06-29,42.7,707.0
1381,2020-06-29,42.7,707.0
1382,2020-06-30,2.8,682.0
1383,2020-06-30,2.8,682.0
1384,2020-07-01,0.0,682.0
1385,2020-07-02,0.0,682.0
1386,2020-07-03,15.5,705.0
1387,2020-07-06,0.9,735.0
1388,2020-07-07,0.0,735.0
1389,2020-07-08,0.0,735.0
1390,2020-07-09,0.0,727.0
1391,2020-07-10,116.3,727.0
1392,2020-07-13,97.9,762.0
1393,2020-07-14,1.9,770.0
1394,2020-07-15,0.6,770.0
1395,2020-07-16,0.0,765.0
1396,2020-07-17,0.0,765.0
1397,2020-07-20,5.5,765.0
1398,2020-07-21,2.0,815.0
1399,2020-07-22,7.3,845.0
1400,2020-07-23,49.7,845.0
1401,2020-07-24,8.0,845.0
1402,2020-07-27,9.3,890.0
1403,2020-07-28,10.6,895.0
1404,2020-07-29,0.4,961.0
1405,2020-07-30,0.2,1018.0
1406,2020-07-31,0.0,1023.0
1407,2020-08-03,0.0,1043.0
1408,2020-08-04,0.0,1033.0
1409,2020-08-05,0.0,1023.0
1410,2020-08-06,9.0,1011.0
1411,2020-08-07,90.9,986.0
1412,2020-08-10,4.0,1011.0
1413,2020-08-11,0.2,1011.0
1414,2020-08-12,0.7,1011.0
1415,2020-08-13,0.0,1039.0
1416,2020-08-14,0.0,1039.0
1417,2020-08-18,0.0,1019.0
1418,2020-08-19,0.0,1029.0
1419,2020-08-20,0.0,1029.0
1420,2020-08-21,0.0,1029.0
1421,2020-08-24,0.0,1024.0
1422,2020-08-25,0.0,1025.0
1423,2020-08-26,51.8,1025.0
1424,2020-08-27,1.0,1035.0
1425,2020-08-28,0.0,1035.0
1426,2020-08-31,1.5,1035.0
1427,2020-09-01,0.2,1109.0
1428,2020-09-02,47.5,1099.0
1429,2020-09-03,19.2,1139.0
1430,2020-09-04,0.0,1169.0
1431,2020-09-07,87.4,1169.0
1432,2020-09-08,0.0,1179.0
1433,2020-09-09,8.2,1192.0
1434,2020-09-10,0.0,1222.0
1435,2020-09-11,4.8,1232.0
1436,2020-09-14,0.0,1232.0
1437,2020-09-15,0.0,1196.0
1438,2020-09-16,2.7,1186.0
1439,2020-09-17,2.8,1196.0
1440,2020-09-18,6.7,1186.0
1441,2020-09-21,0.0,1196.0
1442,2020-09-22,0.0,1186.0
1443,2020-09-23,0.0,1186.0
1444,2020-09-24,0.0,1186.0
1445,2020-09-25,0.0,1186.0
1446,2020-09-28,0.0,1186.0
1447,2020-09-29,0.0,1186.0
1448,2020-10-05,0.0,1186.0
1449,2020-10-06,0.0,1199.0
1450,2020-10-07,0.0,1241.0
1451,2020-10-08,0.0,1241.0
1452,2020-10-12,0.0,1241.0
1453,2020-10-13,0.0,1241.0
1454,2020-10-14,0.0,1241.0
1455,2020-10-15,0.0,1194.0
1456,2020-10-16,0.0,1116.0
1457,2020-10-19,0.0,1116.0
1458,2020-10-20,0.0,1126.0
1459,2020-10-21,15.6,1126.0
1460,2020-10-22,0.0,1136.0
1461,2020-10-23,0.0,1136.0
1462,2020-10-26,0.0,1176.0
1463,2020-10-27,0.0,1176.0
1464,2020-10-28,0.0,1182.0
1465,2020-10-29,0.0,1227.0
1466,2020-10-30,0.0,1261.0
1467,2020-11-02,0.4,1251.0
1468,2020-11-03,1.8,1261.0
1469,2020-11-04,0.0,1261.0
1470,2020-11-05,0.0,1251.0
1471,2020-11-06,0.0,1261.0
1472,2020-11-09,0.0,1266.0
1473,2020-11-10,0.0,1271.0
1474,2020-11-11,0.0,1261.0
1475,2020-11-12,0.0,1261.0
1476,2020-11-13,0.0,1261.0
1477,2020-11-16,0.0,1261.0
1478,2020-11-17,0.7,1261.0
1479,2020-11-18,0.4,1226.0
1480,2020-11-19,7.2,1226.0
1481,2020-11-20,0.0,1236.0
1482,2020-11-23,0.0,1342.0
1483,2020-11-24,0.0,1332.0
1484,2020-11-25,0.0,1332.0
1485,2020-11-26,0.0,1332.0
1486,2020-11-27,0.0,1332.0
1487,2020-11-30,0.0,1332.0
1488,2020-12-01,0.0,1332.0
1489,2020-12-02,0.0,1332.0
1490,2020-12-03,0.0,1316.0
1491,2020-12-07,0.0,1316.0
1492,2020-12-08,0.0,1336.0
1493,2020-12-09,0.0,1296.0
1494,2020-12-10,0.0,1294.0
1495,2020-12-11,0.0,1294.0
1496,2020-12-14,1.2,1304.0
1497,2020-12-15,0.0,1354.0
1498,2020-12-16,0.0,1354.0
1499,2020-12-17,0.0,1364.0
1500,2020-12-18,0.0,1364.0
1501,2020-12-21,0.0,1364.0
1502,2020-12-22,0.0,1379.0
1503,2020-12-23,0.0,1449.0
1504,2020-12-24,0.0,1449.0
1505,2020-12-28,0.0,1449.0
1506,2020-12-29,2.8,1456.0
1507,2020-12-30,0.7,1466.0
1508,2020-12-31,1.7,1466.0
1509,2021-01-05,0.3,1548.0
1510,2021-01-06,1.3,1679.0
1511,2021-01-07,2.4,1729.0
1512,2021-01-08,0.9,1729.0
1513,2021-01-11,0.0,1771.0
1514,2021-01-12,0.2,1828.0
1515,2021-01-13,0.0,1908.0
1516,2021-01-14,0.0,1928.0
1517,2021-01-15,0.0,1928.0
1518,2021-01-18,2.2,1928.0
1519,2021-01-19,0.0,1948.0
1520,2021-01-20,0.0,1918.0
1521,2021-01-21,5.0,1921.0
1522,2021-01-22,1.1,1911.0
1523,2021-01-25,0.0,1901.0
1524,2021-01-26,6.0,1911.0
1525,2021-01-27,0.0,1849.0
1526,2021-01-28,0.7,1849.0
1527,2021-01-29,0.6,1849.0
1528,2021-02-01,7.5,1849.0
1529,2021-02-02,0.0,1849.0
1530,2021-02-03,0.0,1879.0
1531,2021-02-04,1.6,1879.0
1532,2021-02-05,0.0,1894.0
1533,2021-02-08,0.0,1904.0
1534,2021-02-09,0.0,1938.0
1535,2021-02-10,0.0,1986.0
1536,2021-02-15,0.2,2026.0
1537,2021-02-16,0.9,2046.0
1538,2021-02-17,0.5,2128.0
1539,2021-02-18,0.6,2138.0
1540,2021-02-19,0.0,2190.0
1541,2021-02-22,0.0,2222.0
1542,2021-02-23,0.0,2200.0
1543,2021-02-24,0.0,2193.0
1544,2021-02-25,13.3,2193.0
1545,2021-02-26,0.5,2170.0
1546,2021-03-02,0.0,2146.0
1547,2021-03-03,0.0,2146.0
1548,2021-03-04,9.9,2087.0
1549,2021-03-05,0.0,2067.0
1550,2021-03-08,0.0,2027.0
1551,2021-03-09,0.0,1990.0
1552,2021-03-10,0.0,1963.0
1553,2021-03-11,5.9,1913.0
1554,2021-03-12,12.2,1873.0
1555,2021-03-15,1.9,1867.0
1556,2021-03-16,2.8,1963.0
1557,2021-03-17,0.0,1967.0
1558,2021-03-18,0.0,1987.0
1559,2021-03-19,0.0,1990.0
1560,2021-03-22,0.0,1990.0
1561,2021-03-23,0.0,1990.0
1562,2021-03-24,0.0,2023.0
1563,2021-03-25,0.0,2003.0
1564,2021-03-26,0.0,1933.0
1565,2021-03-29,0.0,1617.0
1566,2021-03-30,0.0,1500.0
1567,2021-03-31,0.0,1500.0
1568,2021-04-01,0.0,1533.0
1569,2021-04-02,0.0,1597.0
1570,2021-04-05,0.0,1625.0
1571,2021-04-06,0.0,1600.0
1572,2021-04-07,0.0,1600.0
1573,2021-04-08,0.0,1578.0
1574,2021-04-09,0.0,1578.0
1575,2021-04-12,32.0,1398.0
1576,2021-04-13,0.1,1325.0
1577,2021-04-14,0.0,1285.0
1578,2021-04-15,0.0,1192.0
1579,2021-04-16,0.0,1172.0
1580,2021-04-19,0.0,1018.0
1581,2021-04-20,0.0,937.0
1582,2021-04-21,0.0,867.0
1583,2021-04-22,0.0,887.0
1584,2021-04-23,0.0,877.0
1585,2021-04-26,0.0,877.0
1586,2021-04-27,0.0,867.0
1587,2021-04-28,0.0,817.0
1588,2021-04-29,3.5,789.0
1589,2021-04-30,13.1,806.0
1590,2021-05-03,0.0,786.0
1591,2021-05-04,23.2,784.0
1592,2021-05-06,0.0,784.0
1593,2021-05-07,0.0,774.0
1594,2021-05-10,0.0,741.0
1595,2021-05-11,0.0,741.0
1596,2021-05-12,0.0,741.0
1597,2021-05-13,0.0,707.0
1598,2021-05-14,0.0,677.0
1599,2021-05-17,0.9,667.0
1600,2021-05-18,0.0,667.0
1601,2021-05-20,11.6,677.0
1602,2021-05-21,0.0,677.0
1603,2021-05-24,0.4,678.0
1604,2021-05-25,0.0,678.0
1605,2021-05-26,0.0,678.0
1606,2021-05-27,0.3,667.0
1607,2021-05-28,1.3,638.0
1608,2021-05-31,0.0,597.0
1609,2021-06-01,0.0,592.0
1610,2021-06-02,0.0,612.0
1611,2021-06-02,0.0,612.0
1612,2021-06-03,13.9,612.0
1613,2021-06-03,13.9,612.0
1614,2021-06-04,2.5,612.0
1615,2021-06-04,2.5,612.0
1616,2021-06-07,0.0,660.0
1617,2021-06-07,0.0,660.0
1618,2021-06-08,0.0,640.0
1619,2021-06-08,0.0,640.0
1620,2021-06-09,0.0,677.0
1621,2021-06-09,0.0,677.0
1622,2021-06-10,45.1,687.0
1623,2021-06-10,45.1,687.0
1624,2021-06-11,24.7,703.0
1625,2021-06-11,24.7,703.0
1626,2021-06-14,0.0,750.0
1627,2021-06-14,0.0,750.0
1628,2021-06-15,18.7,757.0
1629,2021-06-15,18.7,757.0
1630,2021-06-16,0.0,757.0
1631,2021-06-16,0.0,757.0
1632,2021-06-17,0.5,762.0
1633,2021-06-17,0.5,762.0
1634,2021-06-18,1.9,770.0
1635,2021-06-18,1.9,770.0
1636,2021-06-21,0.0,732.0
1637,2021-06-21,0.0,732.0
1638,2021-06-22,0.0,732.0
1639,2021-06-22,0.0,732.0
1640,2021-06-23,0.0,692.0
1641,2021-06-23,0.0,692.0
1642,2021-06-24,0.0,692.0
1643,2021-06-24,0.0,692.0
1644,2021-06-25,0.0,697.0
1645,2021-06-25,0.0,697.0
1646,2021-06-28,1.0,697.0
1647,2021-06-28,1.0,697.0
1648,2021-06-29,0.0,687.0
1649,2021-06-29,0.0,687.0
1650,2021-06-30,0.0,683.0
1651,2021-06-30,0.0,683.0
1652,2021-07-01,0.0,673.0
1653,2021-07-02,0.0,683.0
1654,2021-07-05,49.1,720.0
1655,2021-07-06,154.5,703.0
1656,2021-07-07,8.2,718.0
1657,2021-07-08,0.5,742.0
1658,2021-07-09,0.0,762.0
1659,2021-07-12,0.0,767.0
1660,2021-07-13,0.0,738.0
1661,2021-07-14,0.0,733.0
1662,2021-07-15,0.0,698.0
1663,2021-07-16,39.0,695.0
1664,2021-07-19,2.1,723.0
1665,2021-07-20,0.0,747.0
1666,2021-07-21,0.0,730.0
1667,2021-07-22,0.0,727.0
1668,2021-07-23,0.0,762.0
1669,2021-07-26,0.0,773.0
1670,2021-07-27,0.0,773.0
1671,2021-07-28,0.0,793.0
1672,2021-07-29,0.0,793.0
1673,2021-07-30,18.0,793.0
1674,2021-08-02,19.2,793.0
1675,2021-08-03,11.8,808.0
1676,2021-08-04,0.0,808.0
1677,2021-08-05,0.0,855.0
1678,2021-08-06,0.0,860.0
1679,2021-08-09,0.0,860.0
1680,2021-08-10,0.0,873.0
1681,2021-08-11,0.0,879.0
1682,2021-08-12,0.0,879.0
1683,2021-08-13,1.1,879.0
1684,2021-08-17,0.0,879.0
1685,2021-08-18,0.9,879.0
1686,2021-08-19,0.0,888.0
1687,2021-08-20,0.0,888.0
1688,2021-08-23,10.9,913.0
1689,2021-08-24,8.6,913.0
1690,2021-08-25,5.3,909.0
1691,2021-08-26,0.0,914.0
1692,2021-08-27,5.5,908.0
1693,2021-08-30,10.5,943.0
1694,2021-08-31,0.0,943.0
1695,2021-09-01,0.9,943.0
1696,2021-09-02,6.0,943.0
1697,2021-09-03,1.7,948.0
1698,2021-09-06,0.1,953.0
1699,2021-09-07,2.1,960.0
1700,2021-09-08,0.0,960.0
1701,2021-09-09,0.0,959.0
1702,2021-09-10,2.1,959.0
1703,2021-09-13,0.0,959.0
1704,2021-09-14,5.8,959.0
1705,2021-09-15,0.1,964.0
1706,2021-09-16,4.4,964.0
1707,2021-09-17,0.5,979.0
1708,2021-09-23,0.0,979.0
1709,2021-09-24,0.0,969.0
1710,2021-09-27,0.0,969.0
1711,2021-09-28,0.2,969.0
1712,2021-09-29,18.5,925.0
1713,2021-09-30,5.3,919.0
1714,2021-10-01,0.0,919.0
1715,2021-10-05,0.0,919.0
1716,2021-10-06,0.0,922.0
1717,2021-10-07,0.0,922.0
1718,2021-10-08,0.4,922.0
1719,2021-10-12,1.3,937.0
1720,2021-10-13,0.0,937.0
1721,2021-10-14,0.0,937.0
1722,2021-10-15,4.3,937.0
1723,2021-10-18,0.0,942.0
1724,2021-10-19,3.6,942.0
1725,2021-10-20,0.0,942.0
1726,2021-10-21,0.0,947.0
1727,2021-10-22,0.5,949.0
1728,2021-10-25,0.0,949.0
1729,2021-10-26,0.0,949.0
1730,2021-10-27,0.0,949.0
1731,2021-10-28,0.0,989.0
1732,2021-10-29,0.0,989.0
1733,2021-11-01,0.0,989.0
1734,2021-11-02,0.0,989.0
1735,2021-11-03,0.0,989.0
1736,2021-11-04,0.1,989.0
1737,2021-11-05,0.0,989.0
1738,2021-11-08,25.6,989.0
1739,2021-11-09,5.9,989.0
1740,2021-11-10,4.0,989.0
1741,2021-11-11,6.3,989.0
1742,2021-11-12,1.6,989.0
1743,2021-11-15,0.0,989.0
1744,2021-11-16,0.0,989.0
1745,2021-11-17,0.0,989.0
1746,2021-11-18,0.0,984.0
1747,2021-11-19,0.0,984.0
1748,2021-11-22,2.6,994.0
1749,2021-11-23,3.7,997.0
1750,2021-11-24,0.0,992.0
1751,2021-11-25,0.0,992.0
1752,2021-11-26,0.0,992.0
1753,2021-11-29,0.0,992.0
1754,2021-11-30,13.9,992.0
1755,2021-12-01,1.2,992.0
1756,2021-12-02,0.0,992.0
1757,2021-12-06,0.0,932.0
1758,2021-12-07,0.0,932.0
1759,2021-12-08,0.0,932.0
1760,2021-12-09,0.0,927.0
1761,2021-12-10,0.1,927.0
1762,2021-12-13,0.0,927.0
1763,2021-12-14,0.0,922.0
1764,2021-12-15,0.2,922.0
1765,2021-12-16,2.3,922.0
1766,2021-12-17,0.3,912.0
1767,2021-12-20,0.0,912.0
1768,2021-12-21,0.0,912.0
1769,2021-12-22,0.0,912.0
1770,2021-12-23,0.0,912.0
1771,2021-12-24,0.0,912.0
1772,2021-12-27,0.0,912.0
1773,2021-12-28,0.0,912.0
1774,2021-12-29,0.0,912.0
1775,2021-12-30,0.0,912.0
1776,2021-12-31,0.0,899.0
