date,uga,ondo,gangsu,price
2015-01-02,53.27,-10.6,0,380
2015-01-05,50.98,-1.6,0.7,380
2015-01-06,48.08,-3.6,1.4,380
2015-01-07,46.6,-11.2,0,380
2015-01-08,47.5,-10.6,0,380
2015-01-09,47.41,-6.9,0,380
2015-01-12,45.67,-8.1,0,380
2015-01-13,43.3,-5.1,0,380
2015-01-14,42.55,-1.6,0,380
2015-01-15,44.48,-1.2,0.3,380
2015-01-16,43.92,-3.9,0.3,380
2015-01-19,46.04,-3.3,0.9,380
2015-01-20,44.82,-5.1,0,380
2015-01-21,44.75,-1.9,0.1,380
2015-01-22,44.65,-2.1,11,380
2015-01-23,44.42,-4.9,0,380
2015-01-26,44.15,2.1,1.5,380
2015-01-27,43.63,-3.8,0.2,380
2015-01-28,44.83,-8.9,0.7,380
2015-01-29,44.63,-6.3,0.5,380
2015-01-30,45.59,-5.9,0.1,380
2015-02-02,48.81,-7.1,0,390
2015-02-03,52.62,-5.7,0,390
2015-02-04,54.72,-5.6,0,390
2015-02-05,51.41,-4.6,0.9,390
2015-02-06,54.23,-3.9,0,390
2015-02-09,55.37,-10.7,0,400
2015-02-10,55.83,-3.3,0,400
2015-02-11,54.91,-0.6,0,410
2015-02-12,54.75,-5.7,0,440
2015-02-13,57.7,-6.3,0,440
2015-02-16,58.83,0.2,7,440
2015-02-17,58.89,-2.1,2.7,440
2015-02-23,57.29,-2.7,0,410
2015-02-24,56.06,-1.6,0,410
2015-02-25,55.84,0.9,0,440
2015-02-26,58.42,-2.1,0.3,440
2015-02-27,57.39,-6.3,0,440
2015-03-02,59.58,-0.5,0,450
2015-03-03,57.15,0.4,0.3,450
2015-03-04,57.8,-6.3,0,470
2015-03-05,57.35,-7,0,470
2015-03-06,57.26,-3.3,0,470
2015-03-09,56.58,-0.1,0,470
2015-03-10,55.48,-8.1,0,470
2015-03-11,53.5,-5.2,0.2,470
2015-03-12,55.4,-3.1,0,480
2015-03-13,54.96,-0.4,3,480
2015-03-16,52.75,6.8,0,480
2015-03-17,51.64,8.5,0,480
2015-03-18,51.24,2.2,15.5,490
2015-03-19,53.4,7.7,0,500
2015-03-20,52.06,8.1,0,490
2015-03-23,52.87,-0.3,0,510
2015-03-24,53.4,-1.7,0,510
2015-03-25,52.69,1,0,510
2015-03-26,53.99,6.1,0,510
2015-03-27,56.37,8.1,0,510
2015-03-30,53.95,10.5,0,500
2015-03-31,53.84,10.7,2.5,500
2015-04-01,52.83,2.5,5.5,490
2015-04-02,54.63,9.9,5,500
2015-04-03,54.82,8.1,19.5,500
2015-04-06,53.95,4.6,0,500
2015-04-07,55.01,-1.4,2,500
2015-04-08,55.92,0.4,0,500
2015-04-09,53.31,3,0,480
2015-04-10,54.28,4.4,0,480
2015-04-13,56.58,2.3,5,480
2015-04-14,56.32,2.2,7,480
2015-04-15,56.82,6.1,0.2,480
2015-04-16,58.66,8,5,480
2015-04-17,59.21,7.9,0,480
2015-04-20,59.34,4.4,8.5,480
2015-04-21,59.25,9.5,0,490
2015-04-22,58.03,10.5,0,490
2015-04-23,58.6,11.2,0,510
2015-04-24,61.43,11,0,510
2015-04-27,62,17.1,0,530
2015-04-28,61.62,14,0,530
2015-04-29,61.65,11.6,0,540
2015-04-30,62.69,14.7,0,550
2015-05-04,63.03,13,0,590
2015-05-06,64.79,12.5,0,670
2015-05-07,65.06,13.1,0,690
2015-05-08,62.96,14.2,0,690
2015-05-11,62.84,13.4,2,710
2015-05-12,62.4,11.2,6,735
2015-05-13,64.21,14.7,0,735
2015-05-14,63.61,18.1,0,735
2015-05-15,63.49,17.7,0,735
2015-05-18,63.58,14.5,0,1070
2015-05-19,62.79,13.6,2,1110
2015-05-20,61.75,10.4,0,1110
2015-05-21,62.68,13.9,0,1130
2015-05-22,64.03,17.5,0,1110
2015-05-26,63.07,19.3,0,1110
2015-05-27,62.11,17.8,0,1100
2015-05-28,60.64,16.4,0,1080
2015-05-29,61.11,18.5,0,1050
2015-06-01,61.705,17.2,0,900
2015-06-02,62.49,18.8,0,900
2015-06-03,62.3,15.3,0,860
2015-06-04,60.71,15.3,0,760
2015-06-05,59.03,12,4,760
2015-06-08,60.23,16,0,740
2015-06-09,59.64,18.4,0,750
2015-06-10,62.66,18.4,0,760
2015-06-11,63.44,17.5,0,810
2015-06-12,62.42,18.6,0.1,800
2015-06-15,61.29,17.4,1.5,760
2015-06-16,60.46,17.1,0,710
2015-06-17,60.81,13.5,0,710
2015-06-18,60.98,14.4,9.5,670
2015-06-19,60.93,12.5,2,670
2015-06-22,59.82,17.7,2,680
2015-06-23,60.11,17.1,1,690
2015-06-24,61.09,16,0,700
2015-06-25,60.26,16.7,4,700
2015-06-26,60.01,14.8,56.5,700
2015-06-29,59.36,20.9,0,700
2015-06-30,59.56,16,1.5,700
2015-07-01,60.93,17.3,4,700
2015-07-02,59.51,17.6,0,700
2015-07-03,59.45,15,2,700
2015-07-06,57.93,15.6,0,700
2015-07-07,55.16,15.6,0.5,700
2015-07-08,54.98,14.8,20,700
2015-07-09,56.69,15.9,2,700
2015-07-10,58.19,18.6,0,700
2015-07-13,57.75,20.6,3,700
2015-07-14,56.25,20.6,1,700
2015-07-15,56.93,16.5,0,700
2015-07-16,55.75,13.4,6,640
2015-07-17,62.365,14.1,0,630
2015-07-20,55.4,17.8,0,630
2015-07-21,54.68,20.5,1,610
2015-07-22,55.03,21.6,11,590
2015-07-23,54.22,22.6,20,590
2015-07-24,53.45,22,33.5,580
2015-07-27,52.87,22.4,0,580
2015-07-28,51.85,22.5,0,570
2015-07-29,51.86,22.2,5.5,570
2015-07-30,52.53,24.7,0,570
2015-07-31,52.07,24.4,0,570
2015-08-03,51.11,24.5,0,570
2015-08-04,50.13,24.4,0,570
2015-08-05,50.09,23.2,0,570
2015-08-06,49.71,23.4,0,580
2015-08-07,50.15,23,6,610
2015-08-10,50.15,21.7,0,655
2015-08-11,50.59,21.4,0,690
2015-08-12,49.37,19.5,0,690
2015-08-13,49.87,19.2,0.2,706
2015-08-17,48.53,18.9,0.1,750
2015-08-18,48.22,18.6,0.3,700
2015-08-19,48.27,19,0,680
2015-08-20,46.73,20.4,0.5,690
2015-08-21,46.23,19.3,1,690
2015-08-24,44.4,18.1,65.5,690
2015-08-25,42.66,16,201.5,690
2015-08-26,42.94,15.9,9,740
2015-08-27,43.57,18.5,0.5,710
2015-08-28,46.84,17,0.5,680
2015-08-31,48.72,17.8,0.1,680
2015-09-01,49.98,16.9,7.5,660
2015-09-02,46.16,18.1,0.1,660
2015-09-03,47.01,17.8,0.1,570
2015-09-04,47.19,16.7,0,580
2015-09-07,46.6,13.5,0.5,610
2015-09-08,45.93,12.5,0,600
2015-09-09,47.55,14.6,0,590
2015-09-10,45.75,15.8,0,590
2015-09-11,51.1,15.2,3,580
2015-09-14,45.47,12.7,0,580
2015-09-15,43.87,11.7,0,580
2015-09-16,44.08,11.9,0,580
2015-09-17,46.78,13.3,0,590
2015-09-18,45.99,13.4,0,600
2015-09-21,44.58,13.5,0,580
2015-09-22,45,14.2,0,610
2015-09-23,45.13,14.2,0,640
2015-09-24,51.1,13.8,0,700
2015-09-25,44.98,13.5,0,660
2015-09-30,44.31,13,0,660
2015-10-01,45.92,13.1,26.5,630
2015-10-02,45.38,10.1,0,610
2015-10-05,45.91,9.4,0,520
2015-10-06,46.48,10.9,0,520
2015-10-07,48.97,12,0,490
2015-10-08,48.41,13,0,490
2015-10-12,49.61,6.7,0,460
2015-10-13,47.08,8.6,0,450
2015-10-14,46.52,10,0,420
2015-10-15,46.44,9.2,0,400
2015-10-16,46.58,9.2,0,400
2015-10-19,46.22,13.9,0.5,400
2015-10-20,44.61,11.3,0,390
2015-10-21,44.43,12.2,0.3,390
2015-10-22,43.71,8.4,1,390
2015-10-23,43.9,12.1,0,390
2015-10-26,43.48,7.4,0,390
2015-10-27,43.01,8.3,3.5,390
2015-10-28,43.11,5.6,0,390
2015-10-29,44.45,3.7,0.2,390
2015-10-30,43.94,1,0,380
2015-11-02,44.55,5.7,0,385
2015-11-03,43.89,5.4,0,385
2015-11-04,45.45,6.4,0,390
2015-11-05,43.7,8.2,0,390
2015-11-06,43.16,6.3,9,390
2015-11-09,42.88,7,10,405
2015-11-10,51.1,6.5,2.5,410
2015-11-11,42.59,6.1,1,430
2015-11-12,41.68,7.4,0.5,410
2015-11-13,40.77,7.4,32.5,430
2015-11-16,40.35,6.9,5.5,400
2015-11-17,40.39,7,2,420
2015-11-18,39.64,3.6,27,410
2015-11-19,40.13,3.9,0.2,430
2015-11-20,40.07,6.3,1,510
2015-11-23,39.57,3.6,7.5,510
2015-11-24,40.7,0.8,1.5,510
2015-11-25,41.4,-0.4,10.5,520
2015-11-26,40.94,-6.1,0,520
2015-11-27,40.37,-6.7,0,550
2015-11-30,39.87,0.5,1,530
2015-12-01,39.8,-1.7,0,510
2015-12-02,39.75,3.5,7,490
2015-12-03,38.29,-4.6,2.5,490
2015-12-07,38.35,-1.5,0,440
2015-12-08,36.91,0.9,0,440
2015-12-09,36.49,2,0,440
2015-12-10,36.51,4.4,0.6,440
2015-12-11,36.2,0.3,4.5,400
2015-12-14,34.64,2.3,0.5,400
2015-12-15,33.82,1.8,0.3,420
2015-12-16,34.24,-4.4,0,420
2015-12-17,32.86,-8.7,0,420
2015-12-18,32.98,-5.7,0,420
2015-12-21,31.98,-1.1,0,410
2015-12-22,32,-1.5,0,420
2015-12-23,31.82,1.1,0.1,410
2015-12-24,32.83,-1.8,0,410
2015-12-28,32.61,-9.3,0,430
2015-12-29,32.11,-7.6,0,430
2015-12-30,32.74,-5.3,0,430
2015-12-31,32.19,-1.9,0,430
2016-01-04,32.54,0.2,0,440
2016-01-05,31.66,-4.7,0,450
2016-01-06,30.76,-5.9,0,450
2016-01-07,27.96,-6.5,0,455
2016-01-08,29.11,-7.3,0,455
2016-01-11,28.07,-8.2,0,470
2016-01-12,26.44,-9.4,0,470
2016-01-13,26.49,-8.4,0,470
2016-01-14,26.04,-8.1,0,480
2016-01-15,26.22,-7,0,480
2016-01-18,24.65,-8.1,0,510
2016-01-19,24.72,-16.7,0,530
2016-01-20,23.36,-14.3,0,570
2016-01-21,22.83,-11.4,0,580
2016-01-22,23.88,-10.6,0,630
2016-01-25,26.1,-13.4,0,690
2016-01-26,24.84,-7.4,0,670
2016-01-27,26.11,-4.3,0,740
2016-01-28,27.08,-5.6,0,740
2016-01-29,28.37,-3.2,2.6,760
2016-02-01,29.01,-10.1,0,710
2016-02-02,28.08,-10.3,0,700
2016-02-03,27.52,-8,0,710
2016-02-04,29.51,-4.3,0,710
2016-02-05,29.22,-5.9,0,720
2016-02-11,26.08,1.2,0,700
2016-02-12,26.86,6.8,8.6,700
2016-02-15,29.22,-10.3,0,760
2016-02-16,30.66,-7.2,0.2,800
2016-02-17,28.31,-5.1,0,840
2016-02-18,30.25,-0.4,0,880
2016-02-19,30.07,-1,0,900
2016-02-22,29.33,-2.6,0,880
2016-02-23,29.69,-2.2,0,940
2016-02-24,28.57,-5.7,0,960
2016-02-25,29.46,-5.7,0,920
2016-02-26,30.43,-2.2,0,980
2016-03-02,31.95,-2.5,0,1110
2016-03-03,32.04,1.9,0,1100
2016-03-04,32.17,-0.3,0,1100
2016-03-07,34.39,3.8,0,1160
2016-03-08,35.56,0.9,0,1180
2016-03-09,35.03,-3.7,0,1180
2016-03-10,36.25,-4.1,0,1180
2016-03-11,36.37,-5.1,0,1180
2016-03-14,35.69,-2.8,0.6,1160
2016-03-15,34.66,1.7,0,1160
2016-03-16,34.8,5.2,0,1180
2016-03-17,36.67,6.6,0,1180
2016-03-18,37.42,8.5,0,1200
2016-03-21,37.14,4.4,0,1200
2016-03-22,37.43,4.9,0,1220
2016-03-23,37.14,0,2.7,1220
2016-03-24,36.04,-0.8,0.2,1200
2016-03-25,36.87,0.3,0,1220
2016-03-28,36.31,6.1,0,1320
2016-03-29,36.17,8.8,0.1,1320
2016-03-30,35.45,8.2,0,1320
2016-03-31,35.05,8.7,0,1320
2016-04-01,36.22,6,0,1440
2016-04-04,34.84,5,0,1460
2016-04-05,33.83,9.1,0,1500
2016-04-06,34.69,9.5,2,1520
2016-04-07,36.48,10.4,24.8,1560
2016-04-08,36.71,10.5,0,1560
2016-04-11,37.79,2.2,0.4,1560
2016-04-12,38.67,8.7,0,1540
2016-04-14,39.66,11.7,0,1520
2016-04-15,39.37,10.8,0,1500
2016-04-18,37.73,7.3,5.4,1520
2016-04-19,39.17,8.3,0,1480
2016-04-20,39.03,10.4,0.3,1480
2016-04-21,41.7,10.2,21.4,1489
2016-04-22,41.01,14.1,0,1500
2016-04-25,40.86,13,0,1520
2016-04-26,40.83,8.3,0,1520
2016-04-27,42.59,3.5,0,1460
2016-04-28,43.22,5.4,0,1520
2016-04-29,44.26,10,0,1510
2016-05-02,43.355,17.7,0.9,1400
2016-05-03,43.03,11.6,5.3,1360
2016-05-04,42.05,9.8,3,1260
2016-05-09,42.84,14.6,0,1140
2016-05-10,41.23,8.5,23.5,1140
2016-05-11,42.18,12.1,1.4,1140
2016-05-12,44.65,14.5,0,1100
2016-05-13,44.39,9.1,0,1080
2016-05-16,45.35,11.2,4.5,1200
2016-05-17,45.68,15.2,0,1220
2016-05-18,45.76,16.4,0,1160
2016-05-19,44.75,15.5,0,1180
2016-05-20,45.65,13.1,0,1200
2016-05-23,44.87,16.1,0,1140
2016-05-24,44.55,13.6,4.5,1140
2016-05-25,45.27,15.2,0,1140
2016-05-26,45.74,15.4,0.1,1100
2016-05-27,45.31,15.6,0,1060
2016-05-30,45.54,17.3,0,880
2016-05-31,45.9,17.1,0,820
2016-06-01,45.44,13.1,0,780
2016-06-02,46.17,13.7,0,760
2016-06-03,46.28,18,0,740
2016-06-07,46.82,16.3,0,700
2016-06-08,47.99,16.5,0,680
2016-06-09,48.98,15.7,0,650
2016-06-10,48.23,17.4,0,560
2016-06-13,47.06,15.1,0.1,580
2016-06-14,46.3,16.3,14.4,560
2016-06-15,46.09,17.4,8,500
2016-06-16,44.93,17.2,0,500
2016-06-17,44.48,18.5,0,540
2016-06-20,46.53,18.8,0,600
2016-06-21,46.4,17.7,0,650
2016-06-22,47.12,16.4,10.4,610
2016-06-23,46.48,20,0.1,650
2016-06-24,45.47,17.1,11.9,660
2016-06-27,45.11,17.5,0,640
2016-06-28,44.55,17.8,0,620
2016-06-29,45.73,18.4,0,570
2016-06-30,46.46,20.9,9.9,570
2016-07-01,45.19,20.7,59.3,570
2016-07-04,46.97,16.2,99.9,570
2016-07-05,45.01,17.7,98.8,620
2016-07-06,45,14.8,22.3,650
2016-07-07,44.99,19.3,0,720
2016-07-08,42.5,21.9,0,720
2016-07-11,41.97,22.2,0,700
2016-07-12,42.58,21,2.6,740
2016-07-13,43.41,21.8,0,840
2016-07-14,42.31,18.5,19.1,840
2016-07-15,42.59,17.8,0,840
2016-07-18,43.38,19.1,0,840
2016-07-19,42.21,17.6,0,820
2016-07-20,42.24,17.3,0.2,790
2016-07-21,42.73,17.3,0,760
2016-07-22,41.63,18.4,0,770
2016-07-25,41.38,23.2,0,770
2016-07-26,40.37,23.4,0,780
2016-07-27,40.59,22.6,0,780
2016-07-28,39.88,23.9,0,810
2016-07-29,38.64,22.1,0,830
2016-08-01,40.04,22.2,11.4,1060
2016-08-02,38.85,21.2,0.5,1140
2016-08-03,38.54,21.2,0,1160
2016-08-04,39.99,20.9,0,1120
2016-08-05,41.22,21.1,0,1180
2016-08-08,41.59,22.1,0.2,1120
2016-08-09,42.055,20.5,0.3,1180
2016-08-10,41.34,23.4,0,1280
2016-08-11,40.49,24.3,0,1320
2016-08-12,42.89,24.4,0,1340
2016-08-16,45.74,21.9,2.4,1380
2016-08-17,45.85,21.2,0,1520
2016-08-18,46.65,22.2,0,1520
2016-08-19,47.26,22.5,0,1560
2016-08-22,46.85,20.5,0,1780
2016-08-23,45.38,20.4,0,1820
2016-08-24,45.96,21.1,0,1820
2016-08-25,45.59,21.8,4.4,1840
2016-08-26,44.62,13.9,35.4,1920
2016-08-29,45.82,12.6,32.6,2000
2016-08-30,46.16,13.4,7.3,2160
2016-08-31,44.79,13.7,2.4,2300
2016-09-01,42.98,19,0,2380
2016-09-02,41.71,16.8,1.4,2340
2016-09-05,44.28,19.4,8.2,2300
2016-09-06,43.4,19.5,0,2260
2016-09-07,43.67,17.8,0,2220
2016-09-08,44.83,17.1,4,2300
2016-09-09,45.45,16.7,4.2,2140
2016-09-12,43.745,16.1,0,2100
2016-09-13,43.69,15.5,0.4,2300
2016-09-19,42.43,12.7,15.9,1980
2016-09-20,41.99,12.6,0,2020
2016-09-21,43.08,12.7,0,2040
2016-09-22,43.58,12.8,0,2000
2016-09-23,43.39,12.7,0,1960
2016-09-26,42.15,14.9,0,1980
2016-09-27,43.13,16,3,1980
2016-09-28,42.37,14.5,3.2,1960
2016-09-29,44.65,10.9,1.6,1860
2016-09-30,45.11,14.6,0,1860
2016-10-04,47.83,12.7,1.1,1780
2016-10-05,48.83,13.9,21.5,1660
2016-10-06,48.77,12.5,0,1600
2016-10-07,50.07,13.2,3.9,1480
2016-10-10,48.9,7,0,1260
2016-10-11,50.01,9.3,0,1160
2016-10-12,50.03,7.8,0,1040
2016-10-13,49.07,9.2,0,960
2016-10-14,49.88,8.8,0,1000
2016-10-17,49.12,12.5,0,1000
2016-10-18,49.23,10,0,1000
2016-10-19,49.67,12.8,0,940
2016-10-20,49.66,9.9,3.3,880
2016-10-21,48.82,9.5,0.8,880
2016-10-24,49.48,6,0,800
2016-10-25,49.2,8.4,20.7,800
2016-10-26,47.91,8.6,0,800
2016-10-27,48.16,8.2,0.1,740
2016-10-28,48.4,8.4,0.5,740
2016-10-31,47.44,4.1,0,740
2016-11-01,45.42,-0.8,0,710
2016-11-02,44.08,-0.8,0,700
2016-11-03,43.52,3.2,0,700
2016-11-04,42.84,7.3,0,690
2016-11-07,42.69,8.2,1.6,660
2016-11-08,42.87,3.2,1.5,680
2016-11-09,42.57,-1.3,0,740
2016-11-10,43.67,1.8,0,720
2016-11-11,43.7,3.9,0,740
2016-11-14,41.95,10.6,0,740
2016-11-15,41.97,3.5,0,740
2016-11-16,43.45,1.7,0,800
2016-11-17,43.47,0.9,0,820
2016-11-18,42.8,7,1.6,980
2016-11-21,44.47,2.3,0,1020
2016-11-22,46.08,1.1,0.7,1000
2016-11-23,46.07,-2,0,1020
2016-11-24,45.67,-6.3,0,1040
2016-11-25,45.97,-4.2,0,1040
2016-11-28,43.76,-2.4,0,1040
2016-11-29,44.65,-3.2,0,1040
2016-11-30,44.12,2.3,0,1020
2016-12-01,49.02,0.3,0,1040
2016-12-05,51.64,2.1,1.4,1020
2016-12-06,51.65,-5.1,0,1000
2016-12-07,50.35,-4.3,0,940
2016-12-08,50.3,-3.3,0,940
2016-12-09,51.32,-2.9,1,880
2016-12-12,54.18,-0.4,0,920
2016-12-13,52.85,0.4,0.1,900
2016-12-14,52.69,-4.1,11,880
2016-12-15,51.65,-8.4,0,880
2016-12-16,51.69,-11.3,0,960
2016-12-19,52.86,1.7,0.1,920
2016-12-20,52.09,0.4,0,900
2016-12-21,52.87,1.1,19.2,950
2016-12-22,51.78,4.1,15.8,930
2016-12-23,52.21,-5,0,900
2016-12-26,53.055,0.2,2.6,920
2016-12-27,52.72,-5.4,1.8,920
2016-12-28,53.73,-9.1,0,920
2016-12-29,53.9,-7.7,0,920
2016-12-30,53.83,-8.2,0,900
2017-01-02,54.65,1.1,0,960
2017-01-03,54.65,-0.6,0,1000
2017-01-04,53.99,-1.2,0,1040
2017-01-05,54.28,-3.2,2.9,980
2017-01-06,54.25,-1.1,0,940
2017-01-09,54.35,-1.1,0.7,940
2017-01-10,53.14,-6.6,0,940
2017-01-11,52.22,-8.5,0,1000
2017-01-12,53.45,-5.9,0,1000
2017-01-13,54.3,-10.4,0,1000
2017-01-16,53.29,-10.3,0,1040
2017-01-17,53.88,-7.7,0,1020
2017-01-18,53.84,-4.7,0,1000
2017-01-19,53.03,-4.9,0,980
2017-01-20,52.91,-7.7,10.1,980
2017-01-23,53.52,-14,0,1080
2017-01-24,53.98,-12.3,0,1080
2017-01-25,53.47,-11.8,0,1080
2017-01-26,53.86,-7.7,0,1080
2017-01-31,53.22,-8.7,0,1080
2017-02-01,54.94,-7.3,0,1020
2017-02-02,55.45,-6.8,0,1040
2017-02-03,54.265,-4,0,1020
2017-02-06,55.31,-5.7,0,1020
2017-02-07,54.17,-7.6,0,1020
2017-02-08,53.35,-6.2,0,1020
2017-02-09,53.79,-9.1,0,1020
2017-02-10,53.78,-11.7,0,1020
2017-02-13,54.76,-5.4,0,1020
2017-02-14,54.14,-5.1,0,960
2017-02-15,54,-1.8,0,960
2017-02-16,53.95,3.7,0,960
2017-02-17,54.06,1.5,2.8,900
2017-02-20,54.46,-2.2,0,1030
2017-02-21,54.64,-5.1,0,1060
2017-02-22,54.68,-0.5,4.4,1020
2017-02-23,54.75,-3.9,0,1020
2017-02-24,54.7,-5.6,0,1020
2017-02-27,55.18,-2.6,0,1000
2017-02-28,53.565,1.3,0,1000
2017-03-02,54.85,-1.5,4.6,1000
2017-03-03,53.68,-1.6,0,960
2017-03-06,53.85,-3.3,0.5,960
2017-03-07,54.44,-6.1,0,960
2017-03-08,54.02,-5.6,0,960
2017-03-09,52.52,-1.8,0,960
2017-03-10,51.16,-0.2,0,960
2017-03-13,50.04,1.3,0,930
2017-03-14,49.82,-3.6,0.4,930
2017-03-15,50.01,-3,0,930
2017-03-16,50.64,-0.9,0,950
2017-03-17,50.13,0.8,0,950
2017-03-20,50.05,4.1,0,950
2017-03-21,50.42,-0.4,0.6,950
2017-03-22,49.02,2.3,0,930
2017-03-23,49.17,0.4,0,890
2017-03-24,48.97,-0.2,0,930
2017-03-27,48.84,0.4,1.4,990
2017-03-28,49.23,1.6,0,950
2017-03-29,50.14,4,0,930
2017-03-30,50.71,4.5,0,930
2017-03-31,50.78,1,6.9,930
2017-04-03,51.67,7.7,0,930
2017-04-04,51.1,9.1,0,930
2017-04-05,52.99,9,6.8,910
2017-04-06,52.64,10,5.5,870
2017-04-07,53.94,8.4,0,850
2017-04-10,53.88,5.8,0,800
2017-04-11,54.33,8.5,3.5,840
2017-04-12,54.61,6.8,0,750
2017-04-13,54.16,8.2,0,740
2017-04-14,53.91,9.4,5.8,740
2017-04-17,53.49,8.7,16.3,720
2017-04-18,53.12,7.8,8.4,720
2017-04-19,53.04,8.4,0,740
2017-04-20,51.46,8.3,0.1,740
2017-04-21,51.36,5.8,3.3,740
2017-04-24,50.94,11.9,0,740
2017-04-25,50.13,12.6,0,710
2017-04-26,50.57,7.6,0,700
2017-04-27,50.02,7,0,700
2017-04-28,50.16,9.5,0,680
2017-05-02,53.565,12.2,0,535
2017-05-04,48.825,14.2,0,550
2017-05-08,48.805,14.7,0,565
2017-05-10,49.01,11.3,0.5,565
2017-05-11,49.64,14.5,0,400
2017-05-12,49.46,15.6,0,400
2017-05-15,50.82,9.1,0,370
2017-05-16,51.09,9.5,0,380
2017-05-17,50.42,11.8,0,380
2017-05-18,51,15.2,0,370
2017-05-19,51.96,18.8,0,390
2017-05-22,52.79,12.6,0,430
2017-05-23,52.31,14.5,0.2,430
2017-05-24,53.1,14.3,12.8,430
2017-05-25,52.78,12.3,0,430
2017-05-26,50.42,7.6,0,430
2017-05-29,50.65,20.4,0,350
2017-05-30,50.48,19,0,390
2017-05-31,50.09,17.2,0,370
2017-06-01,50.16,13.3,17.5,360
2017-06-02,48.34,10.9,0,390
2017-06-05,48.77,11.5,0.1,430
2017-06-07,48.42,14.4,6.3,520
2017-06-08,47.07,16.2,0,520
2017-06-09,46.46,17,0.1,530
2017-06-12,47.02,10.3,0,470
2017-06-13,47.3,12.8,0.2,450
2017-06-14,46.84,15.9,0,450
2017-06-15,45.37,16.9,0,440
2017-06-16,45.88,14.3,0,430
2017-06-19,45.68,20,0,470
2017-06-20,45.62,18.2,0,470
2017-06-21,44.32,19.3,0,470
2017-06-22,43.5,18.3,0,530
2017-06-23,44.17,17.9,0,580
2017-06-26,45.265,16.2,1.3,550
2017-06-27,45.03,18.2,0,560
2017-06-28,45.3,19.5,0,560
2017-06-29,46.36,20.3,29.8,560
2017-06-30,46.47,21,0,540
2017-07-03,47.62,20.9,50.4,600
2017-07-04,48.43,19.2,18.8,610
2017-07-05,48.34,19.9,0,630
2017-07-06,47.07,20.8,0,580
2017-07-07,46.05,21.7,2,560
2017-07-10,45.24,22.5,19.2,624
2017-07-11,45.27,22.1,21.9,670
2017-07-12,46.82,23,0,780
2017-07-13,46.1,23.1,0,790
2017-07-14,46.99,23.2,0,790
2017-07-17,47.65,22.7,0,890
2017-07-18,47.2,22.3,0,910
2017-07-19,47.41,24.3,0,910
2017-07-20,48.33,24.3,0,930
2017-07-21,48.17,24.4,0,890
2017-07-24,46.51,23,3.8,1020
2017-07-25,47.3,19.9,6.2,1020
2017-07-26,49.05,19.3,0.9,1130
2017-07-27,49.35,20,0,1130
2017-07-28,49.72,20.1,1.9,1090
2017-07-31,50.38,19.5,3.1,1210
2017-08-01,51.22,20.7,0,1195
2017-08-02,50.29,19.9,0,1220
2017-08-03,50.83,19.8,0,1260
2017-08-04,50.36,22.2,0,1245
2017-08-07,50.8,22.9,4.5,1260
2017-08-08,51.24,21.5,0,1255
2017-08-09,51.43,19.9,5.2,1290
2017-08-10,51.62,19.5,32.4,1370
2017-08-11,49.86,18.5,20.8,1420
2017-08-14,50.36,17.9,33.6,1620
2017-08-16,49.53,17.6,14.5,1560
2017-08-17,48.65,18.2,8.9,1570
2017-08-18,49.26,19,2.7,1630
2017-08-21,50.72,20.7,16,1670
2017-08-22,49.97,22.1,0.8,1720
2017-08-23,49.93,22.4,21.6,1820
2017-08-24,50.55,22.4,27.6,1720
2017-08-25,50.56,20,0,1760
2017-08-28,50.55,17.3,9.7,1760
2017-08-29,50.1,15.7,0.1,1720
2017-08-30,49.93,14.4,0,1740
2017-08-31,49.26,13.7,0,1660
2017-09-01,50.35,14.1,0,1840
2017-09-04,50.6,15.5,0,2000
2017-09-05,51.02,13.5,0.7,2060
2017-09-06,52.14,14.8,1.6,2040
2017-09-07,52.99,16.7,0,2020
2017-09-08,53.18,16.9,0,1920
2017-09-11,52.14,14.7,11.8,1840
2017-09-12,52.17,16.3,0,1800
2017-09-13,52.87,13,0,1780
2017-09-14,53.57,13.3,0,1740
2017-09-15,53.64,14.2,0,1720
2017-09-18,54.19,14.6,0,1740
2017-09-19,54.07,16.6,31.1,1680
2017-09-20,53.93,13.5,0,1700
2017-09-21,54.65,12.2,0,1620
2017-09-22,54.66,13.5,0,1680
2017-09-25,54.83,15.6,0,1620
2017-09-26,56.15,17.8,0,1520
2017-09-27,55.65,15.6,12,1480
2017-09-28,55.55,13.7,1.7,1360
2017-09-29,55.19,10.2,0,1420
2017-10-10,54.08,13.9,0,1300
2017-10-11,54.78,12.3,17.1,1280
2017-10-12,54.97,8.4,1.7,1020
2017-10-13,55.4,7,0,840
2017-10-16,55.98,9,0,740
2017-10-17,56.33,9,0,660
2017-10-18,55.92,8.9,1.6,640
2017-10-19,55.51,8.5,0,580
2017-10-20,55.13,8.2,0,540
2017-10-23,55.85,4.8,0,570
2017-10-24,55.28,3,0,570
2017-10-25,56.2,6.4,0,570
2017-10-26,56.21,7.6,0,570
2017-10-27,57,9.4,0,570
2017-10-30,58.33,3.4,0,576
2017-10-31,58.32,4.3,0,576
2017-11-01,59.61,8.1,0,540
2017-11-02,58.58,9.6,0,536
2017-11-03,58.93,8.3,0.9,546
2017-11-06,60.58,7.1,0,540
2017-11-07,62.39,9.5,0,546
2017-11-08,61.8,8.9,0,596
2017-11-09,61.61,2.5,0,600
2017-11-10,62.06,6.6,6.6,620
2017-11-13,61.63,4,0.5,620
2017-11-14,61.25,2.9,0.3,600
2017-11-15,60.04,-2.1,0,600
2017-11-16,60.29,-4.1,0,616
2017-11-17,59.66,-1.2,0,644
2017-11-20,60.68,-4.9,0,624
2017-11-21,60.48,-3.2,0,650
2017-11-22,61.12,-0.5,0.2,656
2017-11-23,61.13,-4.9,0,700
2017-11-24,61.62,-5.8,0.6,720
2017-11-27,61.5,-2.5,0,620
2017-11-28,61.25,3.5,0,596
2017-11-29,60.97,2.5,0,596
2017-11-30,60.82,-3.7,0,596
2017-12-04,60.99,-4.3,0.6,584
2017-12-05,60.22,-10.5,0,550
2017-12-06,60.72,-5.6,0.2,546
2017-12-07,59.43,-3.1,0,550
2017-12-08,60.26,-9,0,622
2017-12-11,60.96,-12.9,0,642
2017-12-12,62.52,-15.2,0,642
2017-12-13,61.33,-12.8,0,642
2017-12-14,60.23,-11.6,0,660
2017-12-15,61.18,-5.7,0,666
2017-12-18,61.28,-5.8,0,686
2017-12-19,61.4,-8.8,0,690
2017-12-20,61.6,-7.4,0,700
2017-12-21,62.17,-4.8,0,704
2017-12-22,62.37,-1.7,0,704
2017-12-26,62.61,-8.7,0,690
2017-12-27,63.94,-12,0,696
2017-12-28,63.85,-6.2,0,690
2017-12-29,64.33,-3.2,0,680
2018-01-02,64.37,-5.2,0,685
2018-01-03,64.15,-9.7,0,683
2018-01-04,65.35,-9,0,685
2018-01-05,65.33,-6.9,0,685
2018-01-08,65.04,-2.2,0,700
2018-01-09,65.51,-9.2,0,700
2018-01-10,66.59,-12.2,0,700
2018-01-11,66.5,-15.9,0,700
2018-01-12,66.29,-15.6,0,696
2018-01-15,67.03,0.6,0.1,680
2018-01-16,67.09,0.4,0,700
2018-01-17,66.27,0.5,1.7,640
2018-01-18,66.42,-1.4,0,626
2018-01-19,65.95,-3.4,0,630
2018-01-22,66.09,-4.4,2.5,636
2018-01-23,66.49,-15.3,0,650
2018-01-24,66.86,-19,0,646
2018-01-25,67.98,-18.1,0,640
2018-01-26,67.4,-19.4,0,640
2018-01-29,67.55,-13.6,0,690
2018-01-30,66.38,-10.5,0,780
2018-01-31,65.77,-6.7,0,830
2018-02-01,66.12,-9.9,0,836
2018-02-02,67.02,-10.2,0,910
2018-02-05,65.07,-14.8,0,1000
2018-02-06,64.25,-15.9,0,1060
2018-02-07,64.05,-14.1,0,1090
2018-02-08,62.26,-8.9,0,1050
2018-02-09,61.12,-3.4,0,1020
2018-02-12,60.29,-11.8,0,930
2018-02-13,59.84,-7.3,0,910
2018-02-14,59.4,-0.5,0,880
2018-02-19,61.77,-2.4,0,820
2018-02-20,62.05,-3.3,0,840
2018-02-21,61.3,-6.1,0,840
2018-02-22,61.6,-4.5,0,820
2018-02-23,62.77,-1,0.3,820
2018-02-26,63.9,-3.9,0,850
2018-02-27,64.02,0.8,0,860
2018-02-28,63.22,-0.1,42.9,860
2018-03-02,60.28,-5,0,860
2018-03-05,61.32,-5,17.4,860
2018-03-06,62.04,-6,0,880
2018-03-07,61.61,-1.4,2.8,880
2018-03-08,60.8,-1.8,9,870
2018-03-09,60.28,-3.8,0.5,870
2018-03-12,61.71,4.1,0,920
2018-03-13,61.25,8.5,0,860
2018-03-14,61.23,11.7,0,890
2018-03-15,61.45,7.1,6.6,880
2018-03-16,61.74,-5.7,3.5,830
2018-03-19,62.48,0.3,14.8,830
2018-03-20,62.98,-4.4,0,820
2018-03-21,63.89,-4.4,7.5,840
2018-03-22,65.44,-1.4,0,900
2018-03-23,65.33,2.2,0,920
2018-03-26,65.97,9.2,0,920
2018-03-27,65.83,9.9,0,910
2018-03-28,65.24,11.6,0,890
2018-03-29,65.33,6.9,0,860
2018-03-30,61.72,6.1,0,850
2018-04-02,66.79,14,0,850
2018-04-03,65.16,11.3,0,850
2018-04-04,64.7,0.6,18.9,820
2018-04-05,65.38,0.7,5.1,830
2018-04-06,65.37,1.9,5.1,790
2018-04-09,64.7,2.9,0.3,800
2018-04-10,66.51,11.4,1.2,830
2018-04-11,67.58,9.7,3.4,830
2018-04-12,68.63,9.3,0,840
2018-04-13,69.04,5.8,0,820
2018-04-16,68.18,5.5,0,830
2018-04-17,68.23,6.9,0,840
2018-04-18,68.81,9.9,0,810
2018-04-19,70.75,13.2,0,800
2018-04-20,70.42,16.2,0,800
2018-04-23,70.29,3.8,48.9,820
2018-04-24,71.24,4.3,13.7,820
2018-04-25,70.36,8.2,0,820
2018-04-26,70.63,10.9,0,790
2018-04-27,70.88,8.5,0,780
2018-04-30,70.05,14.4,0,800
2018-05-02,70.25,6.4,21.3,800
2018-05-03,70.54,4.7,1.6,780
2018-05-04,70.47,8.9,0,790
2018-05-08,72.48,6.3,6.5,720
2018-05-09,73.93,4.1,0.8,705
2018-05-10,74.73,11.2,0,705
2018-05-11,74.46,14.2,0,670
2018-05-14,73.77,16.1,0,663
2018-05-15,75.3,20.5,0,678
2018-05-16,75.1,19.7,4.3,678
2018-05-17,76.67,16.9,51.5,678
2018-05-18,77.06,6.6,81.5,675
2018-05-21,76.43,8.7,0,600
2018-05-23,76.65,14.1,5.8,540
2018-05-24,77.03,15.7,0,530
2018-05-25,75.78,16.7,0,530
2018-05-28,73.24,15.4,0,520
2018-05-29,70.34,17.9,1.5,520
2018-05-30,73.53,15.5,1.1,520
2018-05-31,75.45,13.8,0,510
2018-06-01,75.11,16.5,0,510
2018-06-04,74.4,18.3,0,490
2018-06-05,73.61,17.8,0,490
2018-06-07,73.58,21,0,490
2018-06-08,74.87,18.1,0,490
2018-06-11,74.36,10.4,4.3,500
2018-06-12,74.75,11.3,0,490
2018-06-14,74.31,13.1,0,550
2018-06-15,70.34,11.2,0.7,560
2018-06-18,70.97,18.4,0,600
2018-06-19,72.07,17.7,0,600
2018-06-20,72.65,18.4,0,590
2018-06-21,71.25,17.3,0,580
2018-06-22,71.77,18.8,0,590
2018-06-25,72.81,21,0,640
2018-06-26,73.03,18.3,45.8,650
2018-06-27,74.36,21,0,690
2018-06-28,75.19,19.4,17,707
2018-06-29,75.86,19.6,0.3,667
2018-07-02,75.57,18.9,48.8,687
2018-07-03,74.77,20.5,16.6,693
2018-07-04,75.07,18.9,28.1,680
2018-07-05,74.92,16.7,6.8,670
2018-07-06,74.18,14,27.8,660
2018-07-09,74.67,13.9,18.2,720
2018-07-10,76,19.6,4.1,730
2018-07-11,74.75,21.4,7.1,860
2018-07-12,72.56,23.1,0,880
2018-07-13,71.65,23.2,0,920
2018-07-16,72.95,24.3,0,1021
2018-07-17,70.36,23.7,0,951
2018-07-18,69.68,23.3,0,1000
2018-07-19,70.41,23.3,0,1060
2018-07-20,71.52,23.4,0,1080
2018-07-23,71.5,25.1,0,1240
2018-07-24,71.59,25.1,0,1320
2018-07-25,72.49,25.3,0,1340
2018-07-26,73.41,25.5,0,1472
2018-07-27,73.42,24.5,0,1620
2018-07-30,73.38,21.1,8.8,1580
2018-07-31,73.69,22.5,0,1700
2018-08-01,72.42,23.6,0,1600
2018-08-02,71.14,22.7,0,1560
2018-08-03,71.93,25.1,0,1480
2018-08-06,72.11,21.4,54.5,1520
2018-08-07,72.65,22.2,0.1,1560
2018-08-08,73.28,22.5,24.3,1560
2018-08-09,70.34,21.8,29.2,1500
2018-08-10,70.55,21,0.1,1520
2018-08-13,71.25,24.5,4.4,1500
2018-08-14,71.79,23.2,51,1540
2018-08-16,69.6,18.8,70.6,1700
2018-08-17,70.38,16.8,0.1,1840
2018-08-20,70.81,19.8,0,1980
2018-08-21,71.11,21.1,0,2040
2018-08-22,72.405,20.7,0,2100
2018-08-23,73.14,21.1,59.5,2280
2018-08-24,74,21.2,72.2,2500
2018-08-27,74.41,18.2,81,2360
2018-08-28,75.02,18.4,32.7,2460
2018-08-29,74.34,20.4,29.6,2300
2018-08-30,75.76,21.8,27.2,2180
2018-08-31,75.85,18.6,1.9,2020
2018-09-03,76.18,18.7,58.1,1940
2018-09-04,76.88,18.8,21.5,1700
2018-09-05,75.83,17.9,0,1640
2018-09-06,75.31,17.9,0,1620
2018-09-07,74.73,15.7,3.6,1540
2018-09-10,75.83,12.9,11.1,1520
2018-09-11,76.22,12.1,0,1580
2018-09-12,77.45,13.8,0,1600
2018-09-13,77.2,14.7,0,1560
2018-09-14,76.31,15.1,2.1,1500
2018-09-17,76.43,16.3,0,1480
2018-09-18,75.85,14.1,0,1440
2018-09-19,77.02,15.4,1.8,1440
2018-09-20,77.53,13.8,37.1,1380
2018-09-21,77.35,14,38.6,1400
2018-09-27,80.36,9.9,0.2,1260
2018-09-28,80.03,9.1,0,1180
2018-10-01,80.83,8.9,0,1100
2018-10-02,82.88,8.4,0,1020
2018-10-04,84.44,10.8,2.6,870
2018-10-05,83.2,12.4,40.7,910
2018-10-08,81.61,7.6,0,1000
2018-10-10,83.04,7.9,0.1,900
2018-10-11,80.66,3.9,0,840
2018-10-12,79.36,3.8,0,810
2018-10-15,79.3,8.2,0,807
2018-10-16,78.83,7.6,0,827
2018-10-17,80.23,7.4,2.6,810
2018-10-18,78.43,6.3,47.1,790
2018-10-19,77.88,6.3,0,810
2018-10-22,78.78,7.6,0,820
2018-10-23,77.83,7.6,1.1,780
2018-10-24,74.42,6.9,0,780
2018-10-25,74.96,6,0,780
2018-10-26,75.42,7.4,2.5,780
2018-10-29,76.01,2.7,0,790
2018-10-30,76.18,1,0,780
2018-10-31,75.66,2,0,780
2018-11-01,73.38,1.3,0,780
2018-11-02,71.67,3.3,0,790
2018-11-05,71.2,5.2,0,810
2018-11-06,70.34,7.6,0,830
2018-11-07,70.64,7.8,3.9,810
2018-11-08,71.54,8.7,39.7,820
2018-11-09,69.36,6.8,2.1,820
2018-11-12,70.59,3.1,1.2,760
2018-11-13,68.48,3.9,0,760
2018-11-14,64.46,2.1,0,780
2018-11-15,65.39,2.6,0,780
2018-11-16,66.49,4.9,0,720
2018-11-19,66.17,1.7,0,740
2018-11-20,65.51,2,0,720
2018-11-21,62.65,1.7,0.8,720
2018-11-22,62.44,-3.2,0,700
2018-11-23,61.08,-4.2,0,750
2018-11-26,59.13,2.1,0,700
2018-11-27,59.07,4.5,0,640
2018-11-28,60.18,-0.1,0,660
2018-11-29,58.3,-1.6,0,660
2018-11-30,59.02,-1.4,0,680
2018-12-03,61.19,6.1,4.4,663
2018-12-04,61.54,6.2,11.1,650
2018-12-05,59.81,-1.5,0,657
2018-12-06,59.85,-0.9,3.7,670
2018-12-10,60.22,-9.1,0,697
2018-12-11,58.37,-5.9,1.7,697
2018-12-12,59.23,-8.1,0,697
2018-12-13,58.81,-7.1,0.1,697
2018-12-14,59.67,-12,0,647
2018-12-17,58.92,-2.4,0,610
2018-12-18,57.21,-2.6,0,570
2018-12-19,55.05,0.6,0,560
2018-12-20,54.47,-1.9,0,560
2018-12-21,53.51,-0.4,0,560
2018-12-24,51.515,-6.4,0,560
2018-12-26,49.52,-3,0,580
2018-12-27,53.07,-12.5,0,547
2018-12-28,52.86,-14.3,0,547
2018-12-31,53.07,-9.6,0,553
2019-01-02,51.86,-9.1,0,577
2019-01-03,53.2,-7.5,0,580
2019-01-04,55.59,-5.1,0,570
2019-01-07,56.79,-6.2,0,580
2019-01-08,56.18,-7.2,0,530
2019-01-09,58.07,-9.8,0,510
2019-01-10,59.6,-4.5,0,510
2019-01-11,61.16,-5.7,0,500
2019-01-14,58.92,-4.3,0,460
2019-01-15,58.63,-5.1,0,480
2019-01-16,60.15,-10.1,0,478
2019-01-17,60.03,-5.3,0,460
2019-01-18,61.12,-4,0,450
2019-01-21,61.88,-6,0,450
2019-01-22,61.43,-3.2,0,440
2019-01-23,61.23,-2.3,0,460
2019-01-24,60.41,-5.7,0,430
2019-01-25,61.16,-6.8,0,430
2019-01-28,60.32,-4,0,440
2019-01-29,59.44,-5.8,0,440
2019-01-30,60.93,-0.2,0,440
2019-01-31,61.82,-4.1,0.5,450
2019-02-01,60.87,-7.7,0,430
2019-02-07,62.51,-2.7,1.4,430
2019-02-08,61.62,-8.6,0,420
2019-02-11,62.02,-6.9,0,412
2019-02-12,62.23,-5.6,0,412
2019-02-13,63.34,-7.8,0,420
2019-02-14,65.32,-7.2,0,412
2019-02-15,65.12,-3.5,0,422
2019-02-18,66.73,-1.4,0,400
2019-02-19,66.48,-1.1,6.6,400
2019-02-20,66.38,-3.8,0,400
2019-02-21,67.12,-3.8,0,400
2019-02-22,67.22,-2.1,0,408
2019-02-25,66.84,0.7,0,368
2019-02-26,64.56,-1,0,370
2019-02-27,65.3,1.9,0,370
2019-02-28,65.98,0.9,0,360
2019-03-04,65.36,2,0,370
2019-03-05,65.73,3.9,0,370
2019-03-06,65.85,2.9,0.5,380
2019-03-07,66.47,-0.5,5.7,380
2019-03-08,65.77,1.2,0,380
2019-03-11,66.81,1.3,0,380
2019-03-12,67.15,-1,2.5,380
2019-03-13,67.22,-3.1,0,380
2019-03-14,68.17,-1.5,0,380
2019-03-15,67.71,-0.1,10.7,380
2019-03-18,67.32,3.8,0,380
2019-03-19,67.63,7.3,0,376
2019-03-20,67.67,7.4,14.9,376
2019-03-21,68.23,5,7.1,360
2019-03-22,67.46,-1.2,0,360
2019-03-25,66.34,3.3,0,370
2019-03-26,67.17,6.4,0,370
2019-03-27,67.37,7.7,0,366
2019-03-28,66.56,0.3,0.5,366
2019-03-29,67.23,2.1,0,366
2019-04-01,68.23,-1,0,366
2019-04-02,68.81,-0.5,0,362
2019-04-03,69.43,1.9,0,340
2019-04-04,68.67,6,0,334
2019-04-05,68.82,6.7,0.1,334
2019-04-08,70.29,4.2,0,334
2019-04-09,70.53,1.7,14.7,334
2019-04-10,70.08,0.1,11.3,334
2019-04-11,70.52,0.8,0,324
2019-04-12,70.1,3.6,0,324
2019-04-15,70.32,7.9,0,334
2019-04-16,70.21,10.8,0,334
2019-04-17,71.33,12,0,334
2019-04-18,71.07,10.1,0,334
2019-04-19,71.5,4.1,0,334
2019-04-22,73.36,10.1,0,334
2019-04-23,73.77,15.6,0,334
2019-04-24,73.67,13.8,5.3,344
2019-04-25,74.46,4.9,6.4,350
2019-04-26,73.45,2.5,12.5,364
2019-04-29,71.09,6.3,1.7,364
2019-04-30,71.63,8.8,0,364
2019-05-02,71.43,12.8,0,354
2019-05-03,69.93,12.6,0,354
2019-05-07,70.29,9.2,0,354
2019-05-08,69.28,12.6,0,361
2019-05-09,69.09,14.2,0,364
2019-05-10,70.1,13.1,0,369
2019-05-13,70.97,13.3,0.1,360
2019-05-14,69.7,15.4,0,360
2019-05-15,70.46,14.3,0,376
2019-05-16,72.04,17,0,361
2019-05-17,72.46,16.8,0,390
2019-05-20,71,13.5,0.6,460
2019-05-21,71.64,12.4,0,432
2019-05-22,71.23,15.3,0,402
2019-05-23,69.22,17.1,0,407
2019-05-24,66.73,19.7,0,402
2019-05-27,66.88,16,2,410
2019-05-28,68.31,14.2,0,420
2019-05-29,67.13,15.3,0,430
2019-05-30,67.12,15.8,0,416
2019-05-31,63.83,14.8,0,416
2019-06-03,60.17,18.4,0,432
2019-06-04,60.03,20.9,0,464
2019-06-05,60.685,19.8,0,464
2019-06-07,61.2,13.1,93.9,506
2019-06-10,61.92,11.2,5.5,506
2019-06-11,61.28,10.5,1.1,506
2019-06-12,59.9,13,0,550
2019-06-13,60.28,17.3,0,600
2019-06-14,59.9,15.3,4.8,620
2019-06-17,60.74,17.6,0,610
2019-06-18,59.92,16.6,8.2,630
2019-06-19,61.22,17.8,0.1,620
2019-06-20,62.61,19.1,0,600
2019-06-21,64.22,15.2,1,600
2019-06-24,64.02,16.6,0,600
2019-06-25,63.38,19,0,590
2019-06-26,64.29,18.3,2,590
2019-06-27,64.42,18.9,0.6,670
2019-06-28,64.88,17.1,0,760
2019-07-01,64.92,19.2,0,760
2019-07-02,63.43,18.5,0,740
2019-07-03,60.62,18.5,3,710
2019-07-04,61.75,19.9,0,670
2019-07-05,61.62,20.2,0,690
2019-07-08,63.32,15.4,7.3,680
2019-07-09,62.63,14.9,1.9,740
2019-07-10,63.9,15,29.6,750
2019-07-11,65.95,16.9,62,820
2019-07-12,65.88,18.1,0,870
2019-07-15,65.22,18.1,2.2,760
2019-07-16,64.58,18.7,0,760
2019-07-17,63.23,20.5,1.1,720
2019-07-18,62.14,21.5,0,670
2019-07-19,61.55,21.5,6.3,690
2019-07-22,62.74,23.2,0,860
2019-07-23,62.11,23.7,0,750
2019-07-24,63.21,23.3,0,690
2019-07-25,63.03,23.5,1.7,710
2019-07-26,62.83,22.7,30.3,700
2019-07-29,62.53,23.2,0,740
2019-07-30,63.63,24.2,0,740
2019-07-31,64.57,24.2,0.6,720
2019-08-01,63.05,23.7,1.1,780
2019-08-02,60.33,23.8,0.5,850
2019-08-05,59.68,23.4,0,830
2019-08-06,58.75,21.3,2.9,800
2019-08-07,57.89,22,102.3,820
2019-08-08,56.83,23.7,2.4,940
2019-08-09,57,24,0,900
2019-08-12,57.8125,24.1,0,840
2019-08-13,57.76,22.8,0,820
2019-08-14,59.66,21.5,3.1,820
2019-08-16,58.2,21.5,1.1,880
2019-08-19,58.4,18.1,0,820
2019-08-20,59.24,18.6,0,820
2019-08-21,60.09,20.9,1.5,840
2019-08-22,60.29,22.2,0,880
2019-08-23,59.43,19.6,0,880
2019-08-26,58.59,18.9,0,940
2019-08-27,58.07,18.2,2.2,960
2019-08-28,58.99,19.9,0,960
2019-08-29,59.32,18.4,0.3,1000
2019-08-30,59.62,18.2,0,1040
2019-09-02,57.62,17.8,0,1020
2019-09-03,56.48,16.5,20.1,1140
2019-09-04,56.72,18.9,6.8,1260
2019-09-05,58.53,20.3,23.4,1320
2019-09-06,59.23,20.7,2.8,1320
2019-09-09,60.12,20.3,0,1420
2019-09-10,60.89,18.8,3.8,1360
2019-09-11,60.89,16.7,30.9,1370
2019-09-16,63.88,14.2,0,1280
2019-09-17,67.53,14.3,0,1400
2019-09-18,63.3,15.7,0,1440
2019-09-19,63.23,14.3,0,1440
2019-09-20,64.28,13,0,1520
2019-09-23,63.59,10.7,7.8,1840
2019-09-24,63.46,12.4,0,1760
2019-09-25,61.57,12.7,0,1740
2019-09-26,61.73,14.7,0,1840
2019-09-27,62.07,14.4,0,1780
2019-09-30,60.94,14.9,0,1960
2019-10-01,59.22,15.7,0,2060
2019-10-02,58.67,16.6,55.1,2060
2019-10-04,57.84,15.5,0,2200
2019-10-07,58.24,10.4,0,1820
2019-10-08,58.03,10.4,0,1720
2019-10-10,57.77,9.8,0,1560
2019-10-11,60.44,11.7,0.2,1520
2019-10-14,60.03,9.7,5.1,1480
2019-10-15,59.42,6.4,3.3,1440
2019-10-16,58.8,8.4,0,1520
2019-10-17,59.23,8,0,1620
2019-10-18,59.7,10.5,1.2,1600
2019-10-21,59.38,8.5,0,1548
2019-10-22,58.95,8.7,0,1518
2019-10-23,59.67,9.4,0.2,1480
2019-10-24,61.04,11.8,0,1430
2019-10-25,61.46,11.7,0,1405
2019-10-28,61.06,6.8,0,1220
2019-10-29,61,8.4,0.1,1200
2019-10-30,61.32,6.4,0,1220
2019-10-31,61.1,10.3,0,1140
2019-11-01,58.72,9.4,0,1080
2019-11-04,60.74,5.8,0.1,940
2019-11-05,61.34,6.2,0,940
2019-11-06,61.49,5.8,0,910
2019-11-07,61.13,5.4,0,860
2019-11-08,60.88,3.5,0,880
2019-11-11,61.15,5.9,0,910
2019-11-12,62.16,3.5,0,910
2019-11-13,61.48,3.4,3.3,910
2019-11-14,62.47,-3.6,0,930
2019-11-15,61.93,2,4,1000
2019-11-18,62.84,1.8,23.4,1100
2019-11-19,61.86,-4.1,0,1100
2019-11-20,60.45,-3,0,1100
2019-11-21,62.13,-0.9,0,1060
2019-11-22,63.74,2.9,0,1020
2019-11-25,63.43,0.6,7.4,950
2019-11-26,63.1,1.3,0,930
2019-11-27,63.69,2.3,4.8,890
2019-11-28,63.33,-0.6,0.7,940
2019-11-29,63.83,-1.9,0,950
2019-12-02,60.83,-3.7,0,960
2019-12-03,60.98,-4.5,0,920
2019-12-04,61.11,-1.9,0,980
2019-12-05,62.73,-7,0,990
2019-12-09,63.74,-0.1,0,1020
2019-12-10,63.84,3.9,0,960
2019-12-11,63.78,2.6,0.2,980
2019-12-12,64.01,-5.1,0,1000
2019-12-13,64.92,-3.2,0,970
2019-12-16,65.54,1.7,0,990
2019-12-17,65.62,5,0,990
2019-12-18,66.14,-0.2,0,1020
2019-12-19,66.48,-3.1,0,1000
2019-12-20,66.87,-5,0,1000
2019-12-23,66.21,-1.2,0.5,1000
2019-12-24,66.77,-5.2,0,900
2019-12-26,67.88,-2.9,0,920
2019-12-27,67.81,-6.3,0,980
2019-12-30,67.81,0.2,0,1040
2019-12-31,67.27,-11.1,0.1,1160
2020-01-02,65.69,-4.4,0,1189
2020-01-03,67.79,-3.2,0,1090
2020-01-06,69.65,-2.2,0.1,1050
2020-01-07,68.34,2.8,44.6,1110
2020-01-08,69.24,1,5.7,1080
2020-01-09,66.17,-4.1,0,1008
2020-01-10,65.93,-4.1,0,1008
2020-01-13,65.68,-6.9,0,996
2020-01-14,64.78,-7.3,0,1016
2020-01-15,64.61,-7.9,0,996
2020-01-16,64.74,-6.7,0,1016
2020-01-17,65.1,-4.3,0,996
2020-01-20,65.24,-3.7,0,996
2020-01-21,64.27,-4.3,0,996
2020-01-22,64.26,-1.3,0,1020
2020-01-23,62.77,0.3,0,1000
2020-01-28,58.57,0.2,10.4,1025
2020-01-29,59.37,-0.4,0,1020
2020-01-30,57.76,-2.4,6,1040
2020-01-31,58.45,-3.7,0,1000
2020-02-03,55.23,-5,0,960
2020-02-04,53.99,-7.5,0,940
2020-02-05,53.57,-11.5,0,940
2020-02-06,55.18,-12.8,0,940
2020-02-07,54.37,-6.2,0,970
2020-02-10,53.33,-2.6,0,960
2020-02-11,53.03,-0.9,0,960
2020-02-12,54.23,3.1,5.9,960
2020-02-13,54.54,3.3,0.1,960
2020-02-14,55.23,2.7,0,980
2020-02-17,55.98,-10.1,0,1020
2020-02-18,55.11,-8.3,0,1000
2020-02-19,56.39,-2.4,0,1060
2020-02-20,56.92,0.2,0,1020
2020-02-21,56.41,2.1,0,975
2020-02-24,54.64,2.9,0,975
2020-02-25,54.48,0.5,30.5,1050
2020-02-26,52.28,-0.8,2.2,1025
2020-02-27,50.62,-2.5,0.6,950
2020-02-28,49.05,-1.3,0,950
2020-03-02,50.58,-1,0,950
2020-03-03,51.72,1,0.2,950
2020-03-04,50.81,-2.5,0.1,950
2020-03-05,50.78,-2.8,0,975
2020-03-06,48.58,-0.8,0,950
2020-03-09,32.87,3.8,0,960
2020-03-10,34.18,2.8,16.6,1000
2020-03-11,34.58,-0.8,0,1000
2020-03-12,32.69,3.2,0,980
2020-03-13,33.93,1.2,0,1000
2020-03-16,31.49,-1.2,1.1,1000
2020-03-17,30.83,0.3,0.7,960
2020-03-18,28.26,5.2,0,960
2020-03-19,25.82,4.3,5.2,940
2020-03-20,28.67,3.8,0,920
2020-03-23,24.6,2.3,0,940
2020-03-24,26.64,1.8,0,940
2020-03-25,27.05,6.8,0,940
2020-03-26,25.74,10.8,0,940
2020-03-27,25.04,5.4,7.8,930
2020-03-30,23.24,3.5,0,1020
2020-03-31,23.43,5.7,0,1000
2020-04-01,21.23,3,3.8,980
2020-04-02,21.55,3.9,0,1020
2020-04-03,24.51,7,0,960
2020-04-06,24.87,4.9,0,940
2020-04-07,24.88,6.7,0,940
2020-04-08,23.52,1.7,0,940
2020-04-09,23.32,1.1,0,970
2020-04-10,22.76,2.7,0,970
2020-04-13,22.31,2.7,0.5,970
2020-04-14,21.66,8.2,0,1010
2020-04-16,19.72,5.4,0,1020
2020-04-17,20.61,5.9,2.5,1030
2020-04-20,20.78,5.5,1.4,1030
2020-04-21,17.37,2.3,0,1030
2020-04-22,13.52,0.5,0,1130
2020-04-23,18.13,2.8,0,1190
2020-04-24,18.17,5.1,0,1260
2020-04-27,17.97,3.6,0,1290
2020-04-28,16.63,8.3,0,1460
2020-04-29,17.12,12.9,0,1580
2020-05-04,24.33,13.1,0,1680
2020-05-06,26.88,10.3,0,1420
2020-05-07,26,9.9,0,1250
2020-05-08,25.92,13.1,1.9,1200
2020-05-11,26.72,13.1,0,1121
2020-05-12,26.93,10.7,1.4,1100
2020-05-13,26.84,12,0,1000
2020-05-14,29.83,15.4,0,1000
2020-05-15,31.94,12.2,14.5,1020
2020-05-18,32.9,12,23.2,1000
2020-05-19,33.18,7.6,26.5,1120
2020-05-20,32.95,5.6,0.6,1120
2020-05-21,34.1,7.8,0,1240
2020-05-22,32.62,9.7,0.9,1240
2020-05-25,34.04,14.7,0,1160
2020-05-26,34.81,13.1,1,1160
2020-05-27,34.48,13.4,0.1,1140
2020-05-28,33.17,12.3,0,1160
2020-05-29,34.86,12.6,0,1120
2020-06-01,37.97,16.2,0,1000
2020-06-02,38.93,15.4,0,960
2020-06-03,39.87,19.2,0,910
2020-06-04,38.82,20.4,0,900
2020-06-05,40.63,15.5,0,800
2020-06-08,42.94,22,0,860
2020-06-09,40.85,22.8,0,860
2020-06-10,40.91,21.7,6.4,860
2020-06-11,40.6,20.7,0.8,860
2020-06-12,38.42,20,0,860
2020-06-15,38.35,19.3,0,1020
2020-06-16,40.29,17,0,1040
2020-06-17,41.46,19.7,0,920
2020-06-18,41.09,17.2,0,920
2020-06-19,42.95,15.2,0,908
2020-06-22,42.32,21.4,0,974
2020-06-23,43.39,20,0,972
2020-06-24,42.49,16.6,9.6,1004
2020-06-25,40.58,18.6,1.1,990
2020-06-26,42.02,18.1,0,966
2020-06-29,40.63,17.7,6.4,898
2020-06-30,42.07,15.1,130.7,908
2020-07-01,42.7,14.7,8.6,950
2020-07-02,42.85,17.8,0,855
2020-07-03,42.68,16.7,0,815
2020-07-06,43.66,19,0,827
2020-07-07,42.9,19.7,0,890
2020-07-08,43.34,18.8,0,910
2020-07-09,43.63,18.4,0,910
2020-07-10,43.2,18.6,4.5,910
2020-07-13,43.38,14,60.2,1114
2020-07-14,42.78,14,30.1,1234
2020-07-15,44.18,14.7,0.1,1234
2020-07-16,43.37,16.4,0,1227
2020-07-17,42.86,17.6,0,1166
2020-07-20,42.72,21.8,5.6,1344
2020-07-21,43.87,20.5,0,1468
2020-07-22,44.12,19.3,0,1356
2020-07-23,44.42,16.7,52.8,1290
2020-07-24,43.11,16.7,136.8,1318
2020-07-27,43.13,17.9,0.1,1394
2020-07-28,43.12,17.9,3.2,1418
2020-07-29,43.27,19,21,1454
2020-07-30,43.14,21.2,7.5,1320
2020-07-31,43.1,22.7,0,1330
2020-08-03,42.48,21,28.5,1366
2020-08-04,42.97,22.9,12.7,1306
2020-08-05,43.76,21.6,13.5,1214
2020-08-06,43.71,21.9,34.6,1260
2020-08-07,43.88,20.2,0.6,1544
2020-08-10,42.865,23,8.4,1672
2020-08-11,44.12,21.3,30.7,1814
2020-08-12,43.63,23.8,0,1906
2020-08-13,44.18,24.3,0,1974
2020-08-14,43.44,24.3,0.8,2054
2020-08-18,44.46,23.9,0,2030
2020-08-19,43.8,23.9,0,2034
2020-08-20,43.89,21.5,0,2062
2020-08-21,43.96,19.2,0,2016
2020-08-24,43.78,21.9,0,2464
2020-08-25,44.34,24.7,0,2444
2020-08-26,44.83,21.7,6,2554
2020-08-27,45.01,24.3,0.4,2620
2020-08-28,44.12,24.7,0.9,2740
2020-08-31,45.93,18.2,8.9,2340
2020-09-01,45.11,20.5,1.1,2140
2020-09-02,45.3,20.5,115.1,1980
2020-09-03,43.43,19.2,115.9,2266
2020-09-04,43.78,17.4,0,2432
2020-09-07,41.42,17.1,137.3,2412
2020-09-08,40.68,18.4,2.1,2624
2020-09-09,39.49,16.5,6.6,2432
2020-09-10,39.74,16.5,0,2454
2020-09-11,39.27,14.9,3,2474
2020-09-14,38.89,16.1,0,2930
2020-09-15,39.24,15.5,0,2790
2020-09-16,41.21,17.5,1.8,2914
2020-09-17,41.67,15.8,0,2826
2020-09-18,43.02,15.4,0,2890
2020-09-21,41.63,10.2,0,2726
2020-09-22,41.14,10,0,2690
2020-09-23,41.38,11.2,6.9,2650
2020-09-24,41.21,12.5,18.1,2698
2020-09-25,41.98,13,47,2678
2020-09-28,41.41,11,0,2742
2020-09-29,41.87,11.4,0,2762
2020-10-05,39.27,7.6,0,2602
2020-10-06,40.55,6.3,0,2374
2020-10-07,41.24,7.2,0,2278
2020-10-08,41.46,9.9,0,2218
2020-10-12,41.28,11.5,0,1527
2020-10-13,41.19,8.1,0,1381
2020-10-14,41.62,7.1,0,1203
2020-10-15,42.01,4.9,0,1075
2020-10-16,41.88,6.2,0,995
2020-10-19,41.77,6.3,0,953
2020-10-20,41.58,6.7,0,941
2020-10-21,41.71,6.9,0,851
2020-10-22,41.36,9.5,0,777
2020-10-23,41.67,3.9,0,778
2020-10-26,39.84,4.9,0,756
2020-10-27,39.9,7.2,0,756
2020-10-28,39.27,9.1,0,682
2020-10-29,38.26,2.5,0,610
2020-10-30,37.18,3.6,0,620
2020-11-02,36.3,6.3,0,616
2020-11-03,39.52,0.2,0,624
2020-11-04,39.76,-0.3,0,532
2020-11-05,40.69,6,0,532
2020-11-06,40.57,9.7,0,572
2020-11-09,40.34,0.4,0,622
2020-11-10,42.49,0.8,0,600
2020-11-11,44.44,1.6,0,648
2020-11-12,43.95,5.2,0,648
2020-11-13,43.15,6,0,753
2020-11-16,43.74,7.3,0,655
2020-11-17,43.87,10.7,0,722
2020-11-18,43.78,14.8,0.8,731
2020-11-19,44,12.8,21.1,795
2020-11-20,44.19,0,0,825
2020-11-23,45.61,-1.5,0,705
2020-11-24,45.86,-0.6,0,643
2020-11-25,47.87,-0.4,0,693
2020-11-26,47.49,-0.7,0,693
2020-11-27,47.13,-0.1,0,643
2020-11-30,47.02,-5,0,523
2020-12-01,47.59,-4.7,0,545
2020-12-02,47.08,-2.7,0.5,565
2020-12-03,48.06,-3.6,0,527
2020-12-07,48.29,-0.9,0,513
2020-12-08,48.3,-5.9,0,513
2020-12-09,49.14,-4.8,0,509
2020-12-10,49.03,0.3,0,509
2020-12-11,50.47,0.5,0,509
2020-12-14,50.65,-13.1,0,524
2020-12-15,50.17,-14.2,0,524
2020-12-16,50.85,-13.5,0,535
2020-12-17,51.46,-11.4,0,541
2020-12-18,51.11,-5.8,0,536
2020-12-21,50.26,-5.8,0,515
2020-12-22,49.75,-3.4,0,497
2020-12-23,49.61,0,0,470
2020-12-24,51.28,-1.5,0,458
2020-12-28,51.07,1,0,463
2020-12-29,50.97,-3,0.5,469
2020-12-30,51.05,-14.2,0,469
2020-12-31,51.14,-14.5,0,461
2021-01-04,52.49,-7.1,0,473
2021-01-05,50.5,-9.3,0.1,510
2021-01-06,53.51,-13,0.5,520
2021-01-07,54.52,-18.8,1.1,510
2021-01-08,54.58,-19.7,0,510
2021-01-11,55.33,-13,0,522
2021-01-12,55.71,-8.2,0,592
2021-01-13,56.44,-1,0,592
2021-01-14,55.7,-3.1,0,602
2021-01-15,55.39,0.3,0.4,602
2021-01-18,54.19,-8.9,1.2,622
2021-01-19,55.19,-12.3,0,662
2021-01-20,56.24,-5,0,610
2021-01-21,55.49,2.3,0,610
2021-01-22,55.2,2,0,610
2021-01-25,55.41,-0.5,0,622
2021-01-26,55.32,-0.1,0,612
2021-01-27,55.74,-1.6,0,702
2021-01-28,54.77,-7.6,2.6,722
2021-01-29,54.65,-13.9,0,732
2021-02-01,55,2.4,0,702
2021-02-02,56.77,-9.1,0,712
2021-02-03,57.64,-8.7,0,722
2021-02-04,58.36,-6.5,0.6,738
2021-02-05,58.94,-2.7,0,805
2021-02-08,59.8,-6.9,0,715
2021-02-09,60.49,-5.6,0,755
2021-02-10,60.39,-2.1,0,815
2021-02-15,62.48,-2.4,0.1,795
2021-02-16,62.3,-10.4,0,825
2021-02-17,62.8,-14.2,0,845
2021-02-18,63.26,-11.8,0,945
2021-02-19,60.83,-2.7,0,982
2021-02-22,61.28,7.1,0,972
2021-02-23,63.54,-2.8,0,984
2021-02-24,62.89,-5.2,0,922
2021-02-25,65.39,-0.7,0,902
2021-02-26,64.29,-1.1,0,1012
2021-03-02,61.41,-6.6,4.4,1046
2021-03-03,61.44,-4.6,0,1046
2021-03-04,63.11,1.4,0,1002
2021-03-05,66.37,3.6,0,962
2021-03-08,68.32,-1.5,0,1022
2021-03-09,66.4,3,0,1022
2021-03-10,65.3,1.8,0,1022
2021-03-11,66.82,4.9,0,1074
2021-03-12,67.9,2.2,10.5,1014
2021-03-15,68.25,5.2,0,1062
2021-03-16,66.46,7,0.7,1034
2021-03-17,66.57,2,0,1034
2021-03-18,65.29,2.3,0,1004
2021-03-19,62.2,4.2,0,1004
2021-03-22,63.18,0.7,0,1104
2021-03-23,63,5,0,1064
2021-03-24,60.98,7.2,0,1064
2021-03-25,62.43,9,0,1044
2021-03-26,62.07,7.4,0,1064
2021-03-29,63.11,6.8,0.1,1084
2021-03-30,63.9,6.1,0,1084
2021-03-31,63.36,5.2,0,1024
2021-04-01,61.51,6.1,0,1104
2021-04-02,61.6,7.6,0,1104
2021-04-05,61.91,2.8,0,1084
2021-04-06,61.34,7.9,0,1104
2021-04-07,60.88,9.2,0,1084
2021-04-08,61.24,5,0.2,1084
2021-04-09,60.94,2.3,5.1,1084
2021-04-12,61.1,9.4,10.7,1064
2021-04-13,61.58,8.9,5.2,1104
2021-04-14,62.56,5.2,0,1104
2021-04-15,64.17,6.4,0,1084
2021-04-16,65.12,7.6,0,1082
2021-04-19,64.83,10.6,0,1102
2021-04-20,65.74,12.7,0,1064
2021-04-21,63.71,12.7,0,1064
2021-04-22,62.25,13.6,0,1044
2021-04-23,62.93,8.9,0,1064
2021-04-26,62.37,8.5,0,1064
2021-04-27,63.27,11.7,0,1064
2021-04-28,63.57,11.5,0,1064
2021-04-29,65.1,7,4.8,955
2021-04-30,65.27,6,18.9,975
2021-05-03,64.38,10.8,0,890
2021-05-04,65.83,12.1,0.4,872
2021-05-06,67.17,12.6,0,878
2021-05-07,65.9,10.9,4.7,828
2021-05-10,66.74,8.2,0,863
2021-05-11,65.54,9,0,843
2021-05-12,66.56,10.3,0,734
2021-05-13,65.37,14.1,0,734
2021-05-14,65.26,16.4,0,552
2021-05-17,67.17,9.5,8.1,590
2021-05-18,68.41,13.6,0,542
2021-05-20,65.03,12.7,5.6,582
2021-05-21,63.25,10,2.2,685
2021-05-24,66.26,15.5,0,625
2021-05-25,67.37,8.4,5.3,625
2021-05-26,66.835,12.7,0,625
2021-05-27,66.41,11.5,1.6,705
2021-05-28,67.41,10,19.5,705
2021-05-31,67.94,12.7,5,725
2021-06-01,69.1,16,0.1,705
2021-06-02,69.21,17.7,0,625
2021-06-03,69.97,14.7,17.7,685
2021-06-04,70.1,14.4,1.9,625
2021-06-07,70.03,17.4,0,695
2021-06-08,69.34,17.1,0.4,605
2021-06-09,71.14,19,0,585
2021-06-10,70.71,20.8,0,633
2021-06-11,71.18,18.5,3,602
2021-06-14,72.01,15.8,0,550
2021-06-15,71.79,16.2,9.1,620
2021-06-16,72.78,13.7,34.5,580
2021-06-17,72.35,15.4,0,580
2021-06-18,70.98,17.1,0,580
2021-06-21,71.79,15.4,0.8,665
2021-06-22,72.52,12.9,1.7,605
2021-06-23,73.43,13.3,0.1,605
2021-06-24,73.73,17.3,0,605
2021-06-25,73.46,17.6,2,585
2021-06-28,73.88,17,0,665
2021-06-29,72.85,17.1,0,585
2021-06-30,72.87,18,3.4,582
2021-07-01,73.85,19,0,665
2021-07-02,74.09,17.6,0,634
2021-07-05,74.68,19.1,0,857
2021-07-06,75.88,20.2,0,833
2021-07-07,73.29,20.8,0,837
2021-07-08,70.63,20.5,2.2,864
2021-07-09,73.03,20.1,12.3,850
2021-07-12,73.54,22.7,0,831
2021-07-13,74.36,22.8,0,707
2021-07-14,74.72,23.1,0,676
2021-07-15,72.23,22.3,0,597
2021-07-16,72.18,21.7,0,609
2021-07-19,71.68,22.4,0,675
2021-07-20,71.565,22.4,0,745
2021-07-21,68.67,22.1,0,694
2021-07-22,71.43,21.5,0,639
2021-07-23,72.25,22.7,0,643
2021-07-26,71.59,23.5,0,819
2021-07-27,73.02,22.5,0,879
2021-07-28,72.82,22,0,951
2021-07-29,73.68,23,0,843
2021-07-30,73.9,23.6,13.2,959
2021-08-02,73.28,22.6,2.7,1082
2021-08-03,71.88,23.8,0,1172
2021-08-04,71.37,24.8,0,1132
2021-08-05,68.8,24.2,0,1090
2021-08-06,70.72,22.1,14.6,1082
2021-08-09,69.935,18.6,33.5,1032
2021-08-10,68.91,19.1,8.5,1036
2021-08-11,69.77,20.7,0,1020
2021-08-12,70.52,19.5,0,957
2021-08-13,70.03,19.5,0,986
2021-08-17,68.45,16.9,9.8,913
2021-08-18,68.58,17.4,34.9,1044
2021-08-19,65.35,17.6,0.9,1108
2021-08-20,65.37,18.4,0.1,1032
2021-08-23,66.09,17.3,5.9,927
2021-08-24,68.7,19.7,15,827
2021-08-25,69.69,19.6,3.3,956
2021-08-26,70.11,20.2,0,972
2021-08-27,70.76,18.2,0.6,940
2021-08-30,71.13,18.9,0,1104
2021-08-31,71.19,15.3,34.5,1034
2021-09-01,70.43,15.7,69,1126
2021-09-02,69.74,16.3,0.1,1320
2021-09-03,71.26,15.5,0,1252
2021-09-06,69.99,16.1,0.8,1276
2021-09-07,70.35,16.4,22.5,1414
2021-09-08,69.78,16.8,1.2,1414
2021-09-09,70.65,18,0,1308
2021-09-10,70.85,17.3,0,1308
2021-09-13,71.73,17.3,0,1532
2021-09-14,72.29,15.5,0,1516
2021-09-15,72.26,15.4,1.1,1520
2021-09-16,73.09,15.8,0.2,1520
2021-09-17,73.06,14.8,9.9,1524
2021-09-23,74.11,14.1,0,1524
2021-09-24,74.77,12.7,7.2,1392
2021-09-27,76.17,14.4,0.5,1156
2021-09-28,77.34,15.1,0,1126
2021-09-29,75.7,16,14.9,1084
2021-09-30,75.92,14.5,0.3,1060
2021-10-01,75.68,13.8,0,1020
2021-10-05,79.57,17.8,0.6,956
2021-10-06,80.55,13.5,8.2,890
2021-10-07,77.41,14.8,2.4,833
2021-10-08,81.23,14.3,6,766
2021-10-12,82.07,11.4,2.4,674
2021-10-13,81.43,12.3,0,614
2021-10-14,82.28,14.7,0,584
2021-10-15,82.99,12.2,18.1,584
2021-10-18,83.89,4.6,0,604
2021-10-19,83.03,5.6,0.2,721
2021-10-20,82.56,3.9,0,725
2021-10-21,83.12,3.5,0,660
2021-10-22,82.57,3.4,0,748
2021-10-25,84.37,4.1,0,752
2021-10-26,83.94,6.8,0,752
2021-10-27,83.46,9.7,0.7,712
2021-10-28,81.91,4.7,0,736
2021-10-29,82.57,4.3,0,739
2021-11-01,81.99,7.6,0,796
2021-11-02,83.31,5.1,0.1,834
2021-11-03,81.89,7.6,1.5,868
2021-11-04,81.555,5,0,924
2021-11-05,79.48,4.7,0,1085
2021-11-08,81.99,6,14.3,1136
2021-11-09,82.24,-0.2,2,1188
2021-11-10,83.97,-1,0,1220
2021-11-11,81.83,-0.2,0,1340
2021-11-12,81.57,-0.9,0,1356
2021-11-15,80.89,4,0,1206
2021-11-16,81.96,2.9,0,1124
2021-11-17,81.01,1.3,0,1032
2021-11-18,78.66,6.9,0,1140
2021-11-19,80.89,7.8,0,1104
2021-11-22,78.42,-1.7,0.7,1138
2021-11-23,78.47,-5.4,0,1092
2021-11-24,81.86,-1.1,0,1128
2021-11-25,81.44,2.1,0,1068
2021-11-26,77.38,-1,0,1092
2021-11-29,75.17,3.5,0,1080
2021-11-30,71.88,1,14,937
2021-12-01,71.13,-6.7,0,969
2021-12-02,69.13,-3.9,0,1024
2021-12-06,70.12,-0.7,0,917
2021-12-07,73.22,-1,6.2,929
2021-12-08,73.83,-0.4,0,917
2021-12-09,74.48,-0.7,0,849
2021-12-10,72.73,2.3,0,842
2021-12-13,74.11,-6.4,0,891
2021-12-14,73.39,-1.7,0,883
2021-12-15,72.01,2,0.1,886
2021-12-16,73.37,1.6,0,857
2021-12-17,73.36,-8.6,0,800
2021-12-20,70.11,1.6,0.1,886
2021-12-21,70.56,2.3,0,833
2021-12-22,72.56,-2.5,0,813
2021-12-23,73.54,-2.9,0,817
2021-12-24,74.37,-2.9,0,797
2021-12-27,76.12,-10.5,0,925
2021-12-28,76.47,-5.6,0,894
2021-12-29,76.91,-2.7,0,922
2021-12-30,77.24,-8.7,0,926
2021-12-31,77.12,-11.8,0,896
