date,ondo,sun,snow,price
2015-01-04,-1.9,7.48,0.1,4807
2015-01-05,-1.1,7.04,0.3,4717
2015-01-06,-1.7,10.48,0,4667
2015-01-07,-8.7,9.97,0,4623
2015-01-08,-8.9,10.08,0,4504
2015-01-11,-1.5,9.57,0,4399
2015-01-12,-6.2,10.27,0,4449
2015-01-13,-4,8.18,0,4608
2015-01-14,-1.1,3.37,0,4809
2015-01-15,0.7,6.62,0,5075
2015-01-18,-5.1,9.68,2.8,5658
2015-01-19,0.1,5.19,0,5908
2015-01-20,-3.3,10.12,0,6112
2015-01-21,0.4,3.51,0,6250
2015-01-22,0.8,3.5,0,6413
2015-01-25,0.4,3.04,0,6825
2015-01-26,2.9,2.1,0,6859
2015-01-27,-1.8,11.16,0,6902
2015-01-28,-4.7,10.74,0,7070
2015-01-29,-2,4.54,0,7291
2015-02-01,-6.1,12.59,0,7823
2015-02-02,-4.6,10.5,0,7957
2015-02-03,-3.1,8.87,0,8092
2015-02-04,-2.8,7.58,0,8244
2015-02-05,-2.3,10.53,0,8481
2015-02-08,-8.1,12.47,0,8481
2015-02-09,-7.5,12.28,0,8461
2015-02-10,1.1,10.75,0,8234
2015-02-15,3.2,6.89,0,7272
2015-02-16,2.2,1.3,0,7199
2015-02-17,1.3,6.72,0,7190
2015-02-18,-0.1,3.63,0,7307
2015-02-19,-1.5,13.18,0,7300
2015-02-22,3.2,10.06,0,7084
2015-02-23,0,11.89,0,6930
2015-02-24,-0.5,13.83,0,6916
2015-02-25,4.1,11,0,6977
2015-02-26,1.1,14.37,0,6889
2015-03-02,0.2,16.81,0,7027
2015-03-03,2.3,6.8,0,6952
2015-03-04,-2.7,18.07,0,6856
2015-03-05,-3.2,15.81,0,6632
2015-03-08,4.6,15.75,0,6098
2015-03-09,2.1,16.52,0,5909
2015-03-10,-4.4,19.34,0,5720
2015-03-11,-0.6,13.97,0,5686
2015-03-12,0.5,18.59,0,5676
2015-03-15,2.8,16.79,0,5671
2015-03-16,5.8,16.37,0,5748
2015-03-17,8.1,11.93,0,5748
2015-03-18,7.2,1.85,0,5665
2015-03-19,11.2,18.94,0,5611
2015-03-22,6.8,18.93,0,5436
2015-03-23,2.8,20.82,0,5405
2015-03-24,2.7,20.64,0,5455
2015-03-25,3.1,21.15,0,5496
2015-03-26,5.9,20.88,0,5448
2015-03-29,9.6,15.05,0,5192
2015-03-30,11.3,19.42,0,5114
2015-03-31,10.1,2.54,0,5065
2015-04-01,8.7,4.02,0,4987
2015-04-02,12,17.08,0,4916
2015-04-05,8.4,3.3,0,4725
2015-04-06,10.1,4.66,0,4687
2015-04-07,5.8,13.2,0,4626
2015-04-08,6.3,14.66,0,4617
2015-04-09,7.3,18.19,0,4608
2015-04-12,10.6,10.5,0,4613
2015-04-13,9,6.96,0,4598
2015-04-14,6.6,7.55,0,4545
2015-04-15,8.7,19.33,0,4482
2015-04-16,8.1,10.07,0,4401
2015-04-19,11.4,3.02,0,4206
2015-04-20,8.6,5.09,0,4166
2015-04-21,10.5,23.31,0,4143
2015-04-22,11.6,19.42,0,4147
2015-04-23,11.9,23.26,0,4172
2015-04-26,15.8,23.54,0,4208
2015-04-27,17.3,22.82,0,4247
2015-04-28,16.7,13.64,0,4303
2015-04-29,15.3,3.87,0,4350
2015-04-30,17.6,20.57,0,4435
2015-05-03,17.5,7.28,0,4709
2015-05-04,15,24.49,0,4753
2015-05-06,12.5,16.33,0,4694
2015-05-07,14.8,22.36,0,4676
2015-05-10,17.2,24.66,0,4720
2015-05-11,16.3,14.23,0,4639
2015-05-12,13.7,22.27,0,4519
2015-05-13,17,25.25,0,4420
2015-05-14,19.8,23.58,0,4348
2015-05-17,15.3,24.88,0,4127
2015-05-18,15.8,16.95,0,4100
2015-05-20,14.1,20.2,0,4124
2015-05-21,16.7,27.7,0,4121
2015-05-24,18.5,27.5,0,4109
2015-05-25,19.2,26.4,0,4122
2015-05-26,20.2,27.43,0,4137
2015-05-27,19.5,27.93,0,4162
2015-05-28,21.2,24.73,0,4172
2015-05-31,18.9,21.05,0,4030
2015-06-01,19.4,23.69,0,4039
2015-06-02,22.1,19.59,0,4055
2015-06-03,20.4,26.47,0,4095
2015-06-04,20.3,24.73,0,4152
2015-06-07,20.8,25.28,0,4216
2015-06-08,19.5,13.76,0,4163
2015-06-09,20.7,22.08,0,4056
2015-06-10,23.8,25.21,0,3961
2015-06-11,21.7,9.49,0,3940
2015-06-14,21.9,17.02,0,3810
2015-06-15,23.4,18.45,0,3722
2015-06-16,22.3,24.07,0,3692
2015-06-17,22.8,12.39,0,3698
2015-06-18,22.7,18.95,0,3728
2015-06-21,21,21.16,0,3726
2015-06-22,22.5,18.56,0,3726
2015-06-23,23.1,24.23,0,3778
2015-06-24,22.4,5.53,0,3796
2015-06-25,21.9,9.88,0,3754
2015-06-28,23,23.91,0,3864
2015-06-29,24.4,25.18,0,3920
2015-06-30,22.2,13.78,0,3996
2015-07-01,22,20.41,0,3282
2015-07-02,21.5,23,0,3333
2015-07-03,19.8,23.45,0,3367
2015-07-06,22.3,18.19,0,3473
2015-07-07,19.4,5.52,0,3465
2015-07-08,19.4,8.38,0,3483
2015-07-09,22.8,9.13,0,3493
2015-07-10,24.4,21.4,0,3557
2015-07-13,23,5.5,0,3689
2015-07-14,23.9,18.56,0,3680
2015-07-15,23.5,15.07,0,3724
2015-07-16,20.1,23.39,0,3840
2015-07-17,19.5,19.43,0,3866
2015-07-20,24.7,14.19,0,3953
2015-07-21,25.5,11.5,0,3918
2015-07-22,26.7,17.16,0,3837
2015-07-23,25.6,8.87,0,3752
2015-07-24,23.9,2.7,0,3734
2015-07-27,24.2,9.16,0,3803
2015-07-28,25.6,18.6,0,3792
2015-07-29,24.3,7.93,0,3851
2015-07-30,26.9,18.83,0,3839
2015-07-31,27.2,23.03,0,3802
2015-08-03,26.5,23.02,0,3891
2015-08-04,25.8,22.72,0,3968
2015-08-05,25.7,22.41,0,3947
2015-08-06,27.5,21.31,0,3974
2015-08-07,28,20.83,0,3857
2015-08-10,24.1,11.22,0,3713
2015-08-11,24,6.19,0,3701
2015-08-12,24.4,20.19,0,3620
2015-08-13,23.7,18,0,3566
2015-08-17,23.5,22.74,0,3553
2015-08-18,24.7,17.43,0,3541
2015-08-19,23.1,12.31,0,3608
2015-08-20,23.5,8.74,0,3607
2015-08-21,22.9,12.82,0,3556
2015-08-24,23.9,13.76,0,3681
2015-08-25,20.1,3.32,0,3833
2015-08-26,20.4,20.73,0,4028
2015-08-27,21.5,14.75,0,4302
2015-08-28,20,13.79,0,4493
2015-08-31,22.3,20.15,0,4689
2015-09-01,22.7,11.99,0,4668
2015-09-02,20.8,11.5,0,4779
2015-09-03,20.7,16,0,4990
2015-09-04,21.8,16.78,0,5083
2015-09-07,18.5,19.93,0,5454
2015-09-08,17,22.42,0,5528
2015-09-09,17.4,22.25,0,5443
2015-09-10,17.7,20.87,0,5428
2015-09-11,18.3,12.12,0,5516
2015-09-14,16.4,17.83,0,5756
2015-09-15,16.3,19.7,0,5583
2015-09-16,17,13.01,0,5425
2015-09-17,17.2,16.74,0,5287
2015-09-18,18.3,18.87,0,5155
2015-09-21,17.6,18.15,0,4982
2015-09-22,17.9,19.58,0,4933
2015-09-23,16.4,6.35,0,4893
2015-09-24,19,9.14,0,4771
2015-09-25,17.9,13.39,0,4585
2015-09-30,17.7,10.44,0,4053
2015-10-01,15.3,1.71,0,3940
2015-10-02,13.1,18.07,0,3818
2015-10-05,13.3,16.74,0,3736
2015-10-06,14,16.16,0,3645
2015-10-07,15.6,13.13,0,3736
2015-10-08,15.2,14.17,0,3650
2015-10-12,9.4,14.13,0,3722
2015-10-13,9.7,16.07,0,3820
2015-10-14,12.3,15.43,0,3809
2015-10-15,12.7,12.79,0,3884
2015-10-16,12.9,9.72,0,4058
2015-10-19,13.4,12.31,0,4240
2015-10-20,13.8,9.41,0,4233
2015-10-21,13.7,11.51,0,4205
2015-10-22,14.7,12.43,0,4197
2015-10-23,13.7,9.28,0,4169
2015-10-26,11.5,12.44,0,4159
2015-10-27,10.9,5.29,0,4166
2015-10-28,8.3,13.18,0,4231
2015-10-29,7.7,13.26,0,4313
2015-10-30,2.9,13.67,0,4413
2015-11-02,6.5,11.92,0,4661
2015-11-03,5.8,11.83,0,4765
2015-11-04,6.2,12.44,0,4917
2015-11-05,8.4,9.87,0,5031
2015-11-06,9.6,8.93,0,5071
2015-11-09,10.3,3.14,0,5008
2015-11-10,8.9,6.41,0,5011
2015-11-11,9.9,8.78,0,4950
2015-11-12,12,9.05,0,4890
2015-11-13,10.4,1.41,0,4884
2015-11-16,9.9,3.45,0,4825
2015-11-17,12.9,3.66,0,4828
2015-11-18,9.2,1.26,0,4877
2015-11-19,8.3,2.06,0,4915
2015-11-20,8,5.06,0,4932
2015-11-23,8.1,1.36,0,5072
2015-11-24,6.3,3.97,0,5083
2015-11-25,2.7,1.55,0,5037
2015-11-26,-1.6,4.62,3.5,4973
2015-11-27,-2.9,2.56,0,4972
2015-11-30,2.7,6.82,0,5196
2015-12-01,0.7,9.87,0,5185
2015-12-02,3.6,0.97,0,5175
2015-12-03,-1,5.09,7.5,5178
2015-12-07,1.3,8.16,0.6,5234
2015-12-08,2.1,9.3,0,5160
2015-12-09,1.1,6.95,0,5091
2015-12-10,5.1,1.57,0,4969
2015-12-11,4.6,4.17,0,4863
2015-12-14,4,1.14,0,4779
2015-12-15,4.7,4.69,0,4728
2015-12-16,-0.5,4.26,2,4664
2015-12-17,-6.2,10.06,0,4627
2015-12-18,-5.1,4.94,0,4636
2015-12-21,0.2,3.28,0,4532
2015-12-22,2,6.35,0,4544
2015-12-23,3.3,1.43,0,4563
2015-12-24,1,5.09,0.1,4647
2015-12-28,-7.5,9.31,0,4822
2015-12-29,-7.8,8.25,0,4860
2015-12-30,-3.6,8.58,0,5005
2015-12-31,-1.1,5.32,0,5105
2016-01-04,2.8,7.85,0,5766
2016-01-05,-2.6,7.38,0,5873
2016-01-06,-4,6.26,0,6000
2016-01-07,-4.7,8.97,0,6050
2016-01-08,-6.3,9.72,0,5993
2016-01-11,-5.5,9.76,0,6050
2016-01-12,-7.2,10.2,0,6029
2016-01-13,-4.3,7.01,0.8,6032
2016-01-14,-5,10.21,0,5991
2016-01-15,-5.2,8.2,0,5975
2016-01-18,-5.4,4.71,5.3,5840
2016-01-19,-12.5,8.53,1.4,5775
2016-01-20,-13.6,8.27,0,5685
2016-01-21,-10,8.2,0,5688
2016-01-22,-9.7,10.86,1.5,5764
2016-01-25,-12.3,12.67,0.4,6339
2016-01-26,-7.3,7.75,0.1,6547
2016-01-27,-5,9.63,0.5,6701
2016-01-28,-3.7,3.36,0,7051
2016-01-29,1.7,2.39,0,7537
2016-02-01,-7.3,12.83,0,7996
2016-02-02,-8.6,12.93,0,8031
2016-02-03,-7.3,11.88,0,8113
2016-02-04,-2.3,10.33,0,7986
2016-02-05,-5,11.74,0,7745
2016-02-11,3.6,8.31,0,7714
2016-02-12,6.1,1.74,0,7925
2016-02-15,-6.2,14.6,0.2,8584
2016-02-16,-4.2,7.81,1.1,8961
2016-02-17,-3.3,14.1,0,9216
2016-02-18,1.3,10.76,0,9339
2016-02-19,1,4,0,9321
2016-02-22,0,9.2,0,9599
2016-02-23,0.9,11.86,0,9594
2016-02-24,-3.8,15.26,0,9537
2016-02-25,-2.4,12.61,2.8,9508
2016-02-26,1.5,9.12,5,9567
2016-02-29,-6.4,12.51,1.5,10452
2016-03-02,-1.2,16,0,9483
2016-03-03,2.3,12.97,0,9485
2016-03-04,6.8,4.19,0,9587
2016-03-07,6.1,7.34,0,9499
2016-03-08,3.2,5.6,0,9365
2016-03-09,1.8,16.57,0,9249
2016-03-10,-0.7,18.56,0,9034
2016-03-11,-1.6,18.92,0,8741
2016-03-14,0.8,12,0,7887
2016-03-15,2.6,17.74,0,7764
2016-03-16,5.5,16.78,0,7660
2016-03-17,7.3,15.2,0,7380
2016-03-18,7.8,6.34,0,7121
2016-03-21,7.1,18.7,0,6524
2016-03-22,7.7,19.15,0,6223
2016-03-23,6.7,16.37,0,6175
2016-03-24,4.6,19,0,5976
2016-03-25,3.7,15.49,0,5747
2016-03-28,5.5,20.49,0,5158
2016-03-29,10,13.84,0,5078
2016-03-30,10,19.73,0,4971
2016-03-31,8.9,15.42,0,4852
2016-04-01,11.6,20.57,0,4783
2016-04-04,10.8,18.87,0,4764
2016-04-05,10.4,22.5,0,4670
2016-04-06,12.5,13.47,0,4455
2016-04-07,12.5,11.29,0,4315
2016-04-08,11.7,17.75,0,4283
2016-04-11,10,22.27,0,4246
2016-04-12,11.1,17.07,0,4225
2016-04-14,13.7,14.93,0,4324
2016-04-15,13.7,23.14,0,4407
2016-04-18,10.7,21.23,0,4557
2016-04-19,10.3,22.16,0,4573
2016-04-20,11.3,8.52,0,4599
2016-04-21,12.6,5.91,0,4625
2016-04-22,16.6,20.32,0,4650
2016-04-25,14.8,23.04,0,4685
2016-04-26,18.4,22.17,0,4707
2016-04-27,11.1,4.67,0,4753
2016-04-28,13.3,17.06,0,4774
2016-04-29,13.7,22.87,0,4814
2016-05-02,18.1,19.99,0,4879
2016-05-03,13.4,2.03,0,4930
2016-05-04,15.2,26.56,0,4990
2016-05-09,18.7,20.65,0,4849
2016-05-10,12.6,3.14,0,4885
2016-05-11,15.7,25.33,0,4883
2016-05-12,16.8,26.06,0,4826
2016-05-13,15.6,18.65,0,4721
2016-05-16,13.8,25.44,0,4433
2016-05-17,15.6,26.59,0,4357
2016-05-18,18.7,26.64,0,4327
2016-05-19,19.9,25.97,0,4260
2016-05-20,18.9,26.17,0,4179
2016-05-23,19.7,22.93,0,4288
2016-05-24,16,6.62,0,4289
2016-05-25,16.6,19.54,0,4269
2016-05-26,18.3,17,0,4229
2016-05-27,19.9,19.89,0,4190
2016-05-30,19.7,26.06,0,3995
2016-05-31,20.3,23.13,0,4013
2016-06-01,20.1,26.12,0,4051
2016-06-02,19.2,26.48,0,4012
2016-06-03,20.1,23.59,0,3990
2016-06-07,20.9,14.45,0,4004
2016-06-08,20.4,19.04,0,3972
2016-06-09,22.5,23.64,0,3926
2016-06-10,23.6,23.93,0,3885
2016-06-13,23.3,21.8,0,3652
2016-06-14,23.2,21.62,0,3569
2016-06-15,20.6,9.1,0,3506
2016-06-16,20.6,14.87,0,3482
2016-06-17,21.8,24.08,0,3530
2016-06-20,22.9,21.04,0,3532
2016-06-21,23.9,20.63,0,3533
2016-06-22,24.1,16.11,0,3519
2016-06-23,24.4,22.13,0,3489
2016-06-24,21.1,6.84,0,3440
2016-06-27,21.3,17.6,0,3296
2016-06-28,22.3,20.73,0,3321
2016-06-29,22.1,15.98,0,3376
2016-06-30,24.1,13.54,0,3432
2016-07-01,23.6,7.34,0,3450
2016-07-04,19.4,3.42,0,3453
2016-07-05,23.2,9.12,0,3475
2016-07-06,23.7,13.67,0,3483
2016-07-07,23.8,13.15,0,3462
2016-07-08,25.3,20.61,0,3473
2016-07-11,25.8,17.81,0,3619
2016-07-12,23.2,10,0,3672
2016-07-13,24.7,17.49,0,3745
2016-07-14,22.8,12.87,0,3804
2016-07-15,22.8,15.74,0,3886
2016-07-18,22.3,14.38,0,3924
2016-07-19,24,24.16,0,3982
2016-07-20,24,23.62,0,3945
2016-07-21,24.2,21.29,0,3850
2016-07-22,25.2,25.29,0,3756
2016-07-25,26.3,15.73,0,3678
2016-07-26,26.2,21.02,0,3730
2016-07-27,25.7,12.78,0,3768
2016-07-28,26.6,22.15,0,3757
2016-07-29,23.8,7.6,0,3823
2016-08-01,26.3,17.31,0,3768
2016-08-02,25.5,9.66,0,3768
2016-08-03,26.3,14.4,0,3891
2016-08-04,27,16.23,0,3968
2016-08-05,27.5,20.34,0,3947
2016-08-08,27.6,21.96,0,3724
2016-08-09,27.4,18.01,0,3683
2016-08-10,27.4,20.45,0,3706
2016-08-11,27.5,22.35,0,3689
2016-08-12,27.5,23.95,0,3607
2016-08-16,27.9,18.83,0,3577
2016-08-17,26.4,20.51,0,3524
2016-08-18,26.9,17.93,0,3518
2016-08-19,27.7,17.1,0,3608
2016-08-22,26.6,22.46,0,3591
2016-08-23,26.9,15.84,0,3611
2016-08-24,25.8,21.43,0,3645
2016-08-25,25.6,15.68,0,3726
2016-08-26,18.4,3.4,0,3837
2016-08-29,17.8,15.69,0,4400
2016-08-30,17.6,5.17,0,4564
2016-08-31,16.5,4.96,0,4635
2016-09-01,21.7,16.75,0,4603
2016-09-02,20,11.89,0,4673
2016-09-05,23.6,12.9,0,4773
2016-09-06,22.3,10.7,0,4829
2016-09-07,20.8,10.81,0,4943
2016-09-08,21.3,15.4,0,4988
2016-09-09,21.1,14.54,0,4871
2016-09-12,21.6,11.34,0,5165
2016-09-13,21.4,17.37,0,5224
2016-09-19,18.2,11.64,0,4106
2016-09-20,16.3,19.91,0,3939
2016-09-21,14.9,14.14,0,3806
2016-09-22,17.6,16.54,0,3760
2016-09-23,17.4,16.62,0,3699
2016-09-26,18.9,8.62,0,3286
2016-09-27,19.6,5.38,0,3197
2016-09-28,20.7,12.91,0,3162
2016-09-29,16.7,5.59,0,3133
2016-09-30,16.9,4.09,0,3081
2016-10-04,19.7,15.68,0,2883
2016-10-05,17.1,6.56,0,2905
2016-10-06,16.1,16.81,0,2967
2016-10-07,17.1,12,0,3047
2016-10-10,11.4,10.29,0,2955
2016-10-11,11.4,11.01,0,2926
2016-10-12,11.7,13.61,0,2992
2016-10-13,11.4,11.01,0,3062
2016-10-14,11.9,13.36,0,3103
2016-10-17,14.9,12.81,0,3579
2016-10-18,14,7.44,0,3638
2016-10-19,13.8,11.98,0,3635
2016-10-20,14.6,7.94,0,3634
2016-10-21,14.3,5.32,0,3624
2016-10-24,10.4,13.93,0,3576
2016-10-25,10.8,4.83,0,3571
2016-10-26,10.5,4.66,0,3565
2016-10-27,12.1,6.87,0,3590
2016-10-28,11.3,2.63,0,3662
2016-10-31,5,1.95,0,3964
2016-11-01,0.6,14.12,0,4077
2016-11-02,1.4,13.23,0,4145
2016-11-03,5.5,8.38,0,4185
2016-11-04,8.1,10.93,0,4233
2016-11-07,12.3,8.28,0,4258
2016-11-08,5.6,11.19,0,4193
2016-11-09,0.8,12.33,0,4148
2016-11-10,4.9,4.81,0,4112
2016-11-11,6.1,9.8,0,4087
2016-11-14,12.5,8.45,0,4154
2016-11-15,6.6,12.06,0,4151
2016-11-16,1.9,8.77,0,4148
2016-11-17,3.8,9.56,0,4206
2016-11-18,6.4,5.35,0,4292
2016-11-21,6,2.33,0,4360
2016-11-22,3.3,5.1,0,4392
2016-11-23,0.2,9.89,0,4409
2016-11-24,-4.2,11.17,0,4404
2016-11-25,-3.5,7.02,0,4372
2016-11-28,-0.5,9.75,0,4361
2016-11-29,-1.8,10.32,0,4474
2016-11-30,3.7,4.6,0,4648
2016-12-01,3.8,8.37,0,4717
2016-12-05,4.3,5.88,0,4906
2016-12-06,-2.7,10.53,0,5005
2016-12-07,-4.2,5.56,0,5037
2016-12-08,-1.5,6.5,0,5000
2016-12-09,0.5,6.73,0,4979
2016-12-12,0,7.23,0,4817
2016-12-13,1.6,6.93,0,4789
2016-12-14,-0.9,3.39,0,4781
2016-12-15,-3.5,9.13,0,4763
2016-12-16,-7.2,10.09,0,4771
2016-12-19,2.9,3.47,0,5103
2016-12-20,2.8,7.72,0,5049
2016-12-21,5.1,5.42,0,5053
2016-12-22,6.8,1.24,0,5165
2016-12-23,-1.3,2.34,0.3,5224
2016-12-26,1.3,1.41,0,5359
2016-12-27,-1.7,6.27,0,5413
2016-12-28,-4.7,9.68,0,5327
2016-12-29,-5,10.1,0.4,5256
2016-12-30,-5.5,9.85,0,5265
2017-01-02,1,5.87,0,5351
2017-01-03,-0.6,8.79,0,5606
2017-01-04,0.4,6.89,0,5766
2017-01-05,1.5,4.52,0,5873
2017-01-06,1.4,9.34,0,6000
2017-01-09,2.2,7.22,0,5967
2017-01-10,-3.3,7.6,0,5996
2017-01-11,-5.2,8.46,0,6050
2017-01-12,-2.4,3.12,0.4,6029
2017-01-13,-6.6,6.32,0.6,6032
2017-01-16,-8.2,11.64,0,5941
2017-01-17,-6.1,7.49,0,5931
2017-01-18,-4.1,6.79,0,5936
2017-01-19,-3.4,6.37,5,5982
2017-01-20,-5.6,2.77,1.7,6018
2017-01-23,-11.8,10.35,2,6215
2017-01-24,-11.2,12.28,0,6374
2017-01-25,-9.8,12.34,0,6647
2017-01-26,-7.2,10.91,0.7,6810
2017-01-31,-7.5,11.78,0.3,8288
2017-02-01,-5.2,12.26,0,8348
2017-02-02,-5.6,13.54,0,8547
2017-02-03,-2.5,11.42,0,8759
2017-02-06,-2.5,12.75,0,8472
2017-02-07,-3.7,10.14,0,8277
2017-02-08,-2.6,7.63,0,8093
2017-02-09,-5,10.83,0,8115
2017-02-10,-6.8,12.19,3.8,8238
2017-02-13,-3.7,11.68,0.1,8601
2017-02-14,-3,14.55,0,8732
2017-02-15,-2.4,12.98,0,8831
2017-02-16,3.3,11.87,0,9098
2017-02-17,3.7,10.48,0,9249
2017-02-20,0.2,13.48,0,9277
2017-02-21,-2.3,15.32,0,9454
2017-02-22,1,1.61,0,9608
2017-02-23,-0.8,15.2,0,9594
2017-02-24,-1.9,16.43,0,9537
2017-02-27,0.7,15.67,0,9600
2017-02-28,1.4,16.29,0,9526
2017-03-02,0.8,12.21,0,9483
2017-03-03,-0.2,16.7,0,9485
2017-03-06,0.8,18.32,0,9641
2017-03-07,-1.8,18.19,0.8,9499
2017-03-08,-1.5,12.97,0,9345
2017-03-09,2.1,16.94,0,9199
2017-03-10,2.2,18.54,0,9008
2017-03-13,6.4,17.39,0,7759
2017-03-14,2,18.78,0,7410
2017-03-15,1.7,18.31,0,7206
2017-03-16,3,16.84,0,7069
2017-03-17,4.8,18.66,0,6947
2017-03-20,7.9,6.56,0,6476
2017-03-21,4.2,18.49,0,6277
2017-03-22,5.1,16.94,0,6172
2017-03-23,6.3,15.64,0,6175
2017-03-24,5.8,14.96,0,5976
2017-03-27,3.3,9.18,0,5386
2017-03-28,4.2,14.34,0,5235
2017-03-29,6.6,18.99,0,5149
2017-03-30,8.3,19.25,0,5053
2017-03-31,6.2,7.39,0,4946
2017-04-03,8.3,21.31,0,4958
2017-04-04,11.3,20.09,0,5020
2017-04-05,10.9,4.23,0,4980
2017-04-06,12.2,9.14,0,4830
2017-04-07,13.6,20.2,0,4675
2017-04-10,12.1,21.96,0,4512
2017-04-11,10.4,18.31,0,4462
2017-04-12,10.1,22.79,0,4405
2017-04-13,11.2,21.36,0,4406
2017-04-14,11.9,14.5,0,4469
2017-04-17,11.4,3.38,0,4570
2017-04-18,10.3,12.25,0,4624
2017-04-19,11.1,24.06,0,4641
2017-04-20,11.1,6.38,0,4636
2017-04-21,11.5,20.62,0,4649
2017-04-24,13.2,24.37,0,4739
2017-04-25,15.3,17.67,0,4751
2017-04-26,14.8,22.43,0,4780
2017-04-27,10.8,25.66,0,4865
2017-04-28,13.1,23.08,0,4948
2017-05-02,16.4,21.65,0,5188
2017-05-04,19.1,19.89,0,5468
2017-05-08,15.2,15.25,0,5360
2017-05-10,14.1,9.33,0,5277
2017-05-11,14.9,13.06,0,5209
2017-05-12,16.6,9.87,0,5081
2017-05-15,14,25.57,0,4647
2017-05-16,15.7,19.1,0,4546
2017-05-17,16.1,24.11,0,4437
2017-05-18,18.1,23.29,0,4383
2017-05-19,19.2,26.23,0,4302
2017-05-22,19.2,25.86,0,4255
2017-05-23,19.2,16.12,0,4228
2017-05-24,19.1,16,0,4183
2017-05-25,18,25.99,0,4145
2017-05-26,14.4,27.54,0,4108
2017-05-29,22.3,24.58,0,3958
2017-05-30,21.6,21.39,0,3876
2017-05-31,21.3,20.01,0,3876
2017-06-01,17.1,18.98,0,3878
2017-06-02,18,27.08,0,3824
2017-06-05,20,26.18,0,3758
2017-06-07,16.7,2.98,0,3784
2017-06-08,18.6,20.57,0,3796
2017-06-09,19.3,22.25,0,3788
2017-06-12,18.5,22.34,0,3661
2017-06-13,16.8,20.82,0,3559
2017-06-14,19.3,22.99,0,3506
2017-06-15,20.3,25.66,0,3462
2017-06-16,22.9,24.87,0,3485
2017-06-19,23.3,24.42,0,3608
2017-06-20,22.8,18.19,0,3633
2017-06-21,23.1,20.45,0,3674
2017-06-22,23.1,21.89,0,3666
2017-06-23,25.3,25.84,0,3632
2017-06-26,22.1,16.87,0,3471
2017-06-27,23.7,15.44,0,3432
2017-06-28,24.8,16.18,0,3439
2017-06-29,24.3,20.04,0,3475
2017-06-30,24.9,18.01,0,3492
2017-07-03,23.8,5.89,0,3455
2017-07-04,25.7,16.1,0,3473
2017-07-05,25.5,17.4,0,3495
2017-07-06,25.7,14.37,0,3489
2017-07-07,25.3,8.47,0,3467
2017-07-10,24.4,4.89,0,3595
2017-07-11,25,18.07,0,3658
2017-07-12,25.8,18.81,0,3697
2017-07-13,24.8,22.48,0,3745
2017-07-14,24.3,19.52,0,3804
2017-07-17,24.8,7.01,0,3923
2017-07-18,24.2,12.91,0,3924
2017-07-19,25.9,16.45,0,3982
2017-07-20,26.6,19.12,0,3913
2017-07-21,27.8,18.16,0,3801
2017-07-24,25.3,6.55,0,3619
2017-07-25,26.4,17.87,0,3672
2017-07-26,24.1,26.1,0,3730
2017-07-27,24.3,21.15,0,3762
2017-07-28,23,8.17,0,3757
2017-07-31,23,2.67,0,3774
2017-08-01,25.5,18.95,0,3688
2017-08-02,26.7,16.07,0,3623
2017-08-03,25.6,23.3,0,3590
2017-08-04,27.1,21.11,0,3523
2017-08-07,26.9,22.1,0,3688
2017-08-08,25.5,14.7,0,3601
2017-08-09,23.3,5.2,0,3464
2017-08-10,23.7,10.93,0,3362
2017-08-11,24.4,17.33,0,3486
2017-08-14,22.3,4.37,0,3644
2017-08-16,23.2,11.99,0,3706
2017-08-17,22.8,17.12,0,3626
2017-08-18,24.1,14.43,0,3574
2017-08-21,24.1,8.02,0,3644
2017-08-22,25.6,16.9,0,3677
2017-08-23,25,16.59,0,3673
2017-08-24,25.6,9.79,0,3692
2017-08-25,23.7,20.18,0,3777
2017-08-28,21,10.54,0,4389
2017-08-29,19.5,21.31,0,4612
2017-08-30,16.2,7.43,0,4812
2017-08-31,18.1,21.96,0,4872
2017-09-01,18.5,23.1,0,4851
2017-09-04,19,19.45,0,5083
2017-09-05,17.9,6.26,0,5092
2017-09-06,18.8,4.71,0,5160
2017-09-07,19.5,16.34,0,5252
2017-09-08,20.3,14.03,0,5282
2017-09-11,19.5,7.02,0,5376
2017-09-12,19.2,16.94,0,5423
2017-09-13,16.5,21.05,0,5547
2017-09-14,17.6,20.52,0,5731
2017-09-15,18.1,17.76,0,5740
2017-09-18,17.3,18.17,0,5428
2017-09-19,16.7,10.02,0,5343
2017-09-20,15.8,20.25,0,5242
2017-09-21,14.6,20.04,0,5063
2017-09-22,16,17.99,0,4880
2017-09-25,19.9,14.73,0,4367
2017-09-26,20.2,16.82,0,4217
2017-09-27,18,6.25,0,4050
2017-09-28,18,18.01,0,3995
2017-09-29,11.4,16.83,0,3913
2017-10-10,19.3,9.56,0,2955
2017-10-11,16.6,4.16,0,2926
2017-10-12,11.3,2.78,0,2992
2017-10-13,10.4,14.59,0,3062
2017-10-16,13.1,9.67,0,3413
2017-10-17,13.7,15.25,0,3579
2017-10-18,13.3,5.59,0,3638
2017-10-19,13.9,11.18,0,3624
2017-10-20,12.4,14.99,0,3609
2017-10-23,10.9,14.34,0,3547
2017-10-24,8,13.19,0,3544
2017-10-25,7.8,13.41,0,3567
2017-10-26,10.8,11.2,0,3573
2017-10-27,12.3,9.38,0,3633
2017-10-30,3.9,14.12,0,3937
2017-10-31,4,13.7,0,4077
2017-11-01,9,10.18,0,4209
2017-11-02,12.1,6.75,0,4305
2017-11-03,10.7,5.25,0,4440
2017-11-06,4.7,12.27,0,4652
2017-11-07,9,11.07,0,4670
2017-11-08,12.3,9.79,0,4724
2017-11-09,5.4,11.97,0,4735
2017-11-10,7.4,6.55,0,4775
2017-11-13,4,5.62,0,5012
2017-11-14,5.6,10.26,0,5083
2017-11-15,1.9,8.8,0,5117
2017-11-16,-1,11.6,0,5110
2017-11-17,-0.2,5.5,0,5126
2017-11-20,-1.4,9.38,0,5128
2017-11-21,-2.3,10.46,0,5103
2017-11-22,-1.1,3.97,0,5083
2017-11-23,-1.7,5.92,0,5066
2017-11-24,-2.6,5.01,5,5054
2017-11-27,0.3,10.1,0,5004
2017-11-28,1.5,6.07,0,4991
2017-11-29,4.9,9.05,0,4974
2017-11-30,-0.8,10.63,0,5006
2017-12-04,-1.2,9.34,0,4976
2017-12-05,-6.5,10.22,0,4981
2017-12-06,-3,7.34,3,4953
2017-12-07,-1.2,5.46,0,4935
2017-12-08,-6.5,9.92,0,4837
2017-12-11,-7,5.67,0.9,4558
2017-12-12,-11.8,10.3,0.2,4509
2017-12-13,-11.2,10.22,0,4481
2017-12-14,-9.1,7.67,0,4499
2017-12-15,-5,6.36,0,4569
2017-12-18,-6.3,8.52,0,5041
2017-12-19,-8,8.93,0,5149
2017-12-20,-7.7,8.22,3,5181
2017-12-21,-4,10.21,0,5257
2017-12-22,-1.8,6.82,0,5435
2017-12-26,-4.2,8.87,0.4,5820
2017-12-27,-8.3,10.18,0,5964
2017-12-28,-6.4,6.27,0,5951
2017-12-29,-0.9,3.47,0,5929
2018-01-02,-4.3,4.89,0,5875
2018-01-03,-6.5,10.02,0,6022
2018-01-04,-6.6,7.67,0,6048
2018-01-05,-5.3,9.09,0,5965
2018-01-08,-0.4,2.22,2.8,5881
2018-01-09,-5,5.03,6.5,5791
2018-01-10,-8.3,8.47,8.7,5727
2018-01-11,-12.8,9.01,0,5706
2018-01-12,-13.9,10.91,1.5,5727
2018-01-15,1.7,8.89,0,5787
2018-01-16,0.1,3.5,0,5829
2018-01-17,2.1,2.94,0,5971
2018-01-18,0.9,5.69,0,6157
2018-01-19,-1.4,9.29,0,6346
2018-01-22,-0.5,5.27,0,6843
2018-01-23,-10.7,11.22,0.4,6851
2018-01-24,-14.9,12.15,0,6962
2018-01-25,-14.8,10.98,0,7052
2018-01-26,-16,11.42,0,7129
2018-01-29,-10.2,12.04,0,7893
2018-01-30,-8,11.34,0,8337
2018-01-31,-3.4,7.51,0,8465
2018-02-01,-6.7,12.8,0,8442
2018-02-02,-6.3,11.53,0.5,8581
2018-02-05,-11.3,12.52,0,8656
2018-02-06,-12.6,11.46,0.3,8472
2018-02-07,-12.1,13.82,0,8277
2018-02-08,-9,12.53,0,8083
2018-02-09,-3.7,9.21,0,8033
2018-02-12,-8.1,10.08,5.6,8431
2018-02-13,-5.3,14.49,1.6,8600
2018-02-14,1,8.63,0,8625
2018-02-19,-2,11.8,0,8117
2018-02-20,-1,12.19,0,8071
2018-02-21,-3.5,13.37,0,8216
2018-02-22,-3.5,13.82,0,8416
2018-02-23,2.1,9.21,0.5,8491
2018-02-26,0,16.45,0,8497
2018-02-27,1.5,11.97,0,8571
2018-02-28,2.9,1.77,0,8634
2018-03-02,-2.2,17.32,0,8563
2018-03-05,2.3,7.61,0,8844
2018-03-06,2.2,17.93,0,8716
2018-03-07,2.9,10.82,0,8454
2018-03-08,1.8,3.71,1.4,8134
2018-03-09,1.6,6.68,0,7846
2018-03-12,5.2,16.79,0,6819
2018-03-13,9.5,16.95,0,6423
2018-03-14,11.9,17.52,0,6073
2018-03-15,10.4,1.89,0,5918
2018-03-16,2,8.24,0,5862
2018-03-19,5.7,3.16,0,5745
2018-03-20,2.1,13.12,0,5750
2018-03-21,0.7,5.67,1.3,5597
2018-03-22,3.7,18.48,0,5472
2018-03-23,3.9,19.51,0,5464
2018-03-26,8.6,17.54,0,5109
2018-03-27,11.2,18.6,0,5043
2018-03-28,12.8,18.78,0,4965
2018-03-29,13.4,9.16,0,4861
2018-03-30,12.1,11.52,0,4798
2018-04-02,16.3,21.37,0,4726
2018-04-03,17.2,16.31,0,4657
2018-04-04,9.3,2.77,0,4588
2018-04-05,5.6,3.07,0,4556
2018-04-06,5.9,17.48,0,4553
2018-04-09,7.3,23.23,0,4385
2018-04-10,12.7,20.09,0,4508
2018-04-11,13.2,24.86,0,4589
2018-04-12,11.2,24.98,0,4619
2018-04-13,11.1,14.13,0,4723
2018-04-16,9.6,24.61,0,4941
2018-04-17,11.6,21.96,0,5000
2018-04-18,11.4,26.02,0,5057
2018-04-19,12.5,25.76,0,5068
2018-04-20,17.3,24.22,0,5064
2018-04-23,8.4,2.72,0,5088
2018-04-24,9.5,7.21,0,5090
2018-04-25,11,27.5,0,5076
2018-04-26,13.4,23.17,0,5101
2018-04-27,13.3,23.46,0,5142
2018-04-30,15.9,22.44,0,5268
2018-05-02,14.1,8.83,0,5319
2018-05-03,8,22.61,0,5371
2018-05-04,11.5,28.53,0,5450
2018-05-08,13.5,19.24,0,5306
2018-05-09,12.7,27.73,0,5269
2018-05-10,13.6,25.9,0,5249
2018-05-11,15,23.76,0,5168
2018-05-14,17.5,24.83,0,4659
2018-05-15,20.7,21.91,0,4547
2018-05-16,20.1,4.03,0,4445
2018-05-17,22.9,11.09,0,4333
2018-05-18,16.1,5.38,0,4268
2018-05-21,14.2,25.28,0,4135
2018-05-23,17.7,29.88,0,4147
2018-05-24,17.1,28.71,0,4174
2018-05-25,17.5,25.76,0,4189
2018-05-28,20.6,28.38,0,4103
2018-05-29,21.5,19.27,0,4043
2018-05-30,18.8,21.69,0,4021
2018-05-31,17.4,29.05,0,4053
2018-06-01,21,29.17,0,4066
2018-06-04,20.8,22.73,0,3907
2018-06-05,20.7,20.29,0,3948
2018-06-07,22.3,25.44,0,3978
2018-06-08,20.9,17.37,0,3998
2018-06-11,18.2,12.7,0,3872
2018-06-12,19.2,19.95,0,3775
2018-06-14,19.3,20.51,0,3561
2018-06-15,18.6,28.19,0,3545
2018-06-18,23.4,24.42,0,3658
2018-06-19,21.2,7.6,0,3659
2018-06-20,22.1,22.34,0,3679
2018-06-21,22.6,27.4,0,3720
2018-06-22,22.8,27.34,0,3701
2018-06-25,24.2,19.98,0,3617
2018-06-26,21.5,1.26,0,3630
2018-06-27,24.4,22.13,0,3623
2018-06-28,21.5,6.45,0,3640
2018-06-29,23.1,23.9,0,3652
2018-07-02,21.4,7.83,0,3673
2018-07-03,24.9,17.14,0,3623
2018-07-04,25.9,16.45,0,3618
2018-07-05,23.6,17.15,0,3631
2018-07-06,21.4,10.08,0,3644
2018-07-09,18.8,3.3,0,3694
2018-07-10,23.4,14.67,0,3800
2018-07-11,25.4,16.5,0,3915
2018-07-12,26.5,21.79,0,3992
2018-07-13,26.6,21.62,0,4049
2018-07-16,26.6,25.65,0,4247
2018-07-17,26.5,24.44,0,4244
2018-07-18,26,22.67,0,4266
2018-07-19,26.1,27.97,0,4307
2018-07-20,27.1,27.18,0,4251
2018-07-23,29,22.36,0,4069
2018-07-24,29.7,25.97,0,4078
2018-07-25,28.7,21.5,0,4135
2018-07-26,28.5,23.84,0,4241
2018-07-27,29.6,23.72,0,4326
2018-07-30,28.8,23.24,0,4391
2018-07-31,28.6,24.72,0,4450
2018-08-01,30,26.59,0,4411
2018-08-02,30,23.82,0,4343
2018-08-03,30.3,27.45,0,4226
2018-08-06,27.3,16.26,0,4042
2018-08-07,28.2,18.95,0,3856
2018-08-08,29.4,22.43,0,3635
2018-08-09,27.7,18.54,0,3464
2018-08-10,26.5,22.19,0,3362
2018-08-13,28.9,21.17,0,3553
2018-08-14,28.8,21.04,0,3577
2018-08-16,24.5,18.49,0,3630
2018-08-17,22.6,25.1,0,3660
2018-08-20,25.4,19.54,0,3856
2018-08-21,24.1,8.67,0,3904
2018-08-22,27.7,24.14,0,3988
2018-08-23,27.9,8.99,0,4040
2018-08-24,23.5,5.71,0,4108
2018-08-27,21.2,3.57,0,4584
2018-08-28,21.7,8.49,0,4768
2018-08-29,24.3,17.17,0,5020
2018-08-30,23.9,13.78,0,5192
2018-08-31,21.9,12.19,0,5221
2018-09-03,22.6,11.67,0,5430
2018-09-04,11.27123443,20.45,0,5525
2018-09-05,20.4,21.19,0,5576
2018-09-06,20.2,11.42,0,5666
2018-09-07,19.1,13.42,0,5697
2018-09-10,18.6,17.45,0,5724
2018-09-11,17.4,18.09,0,5720
2018-09-12,19.3,22.63,0,5676
2018-09-13,18.4,6.31,0,5676
2018-09-14,19.4,7.44,0,5758
2018-09-17,19.7,21.07,0,5433
2018-09-18,17.7,19.95,0,5238
2018-09-19,19.1,8.06,0,5132
2018-09-20,17.2,4.55,0,5091
2018-09-21,17.6,4.44,0,5034
2018-09-27,14,19.2,0,3977
2018-09-28,13.5,8.85,0,3887
2018-10-01,12.9,11.61,0,3501
2018-10-02,11.8,19.29,0,3420
2018-10-04,16.4,19.07,0,3392
2018-10-05,16.4,3.19,0,3391
2018-10-08,10.5,16.79,0,3353
2018-10-10,11.1,15.59,0,3296
2018-10-11,6.8,17.91,0,3176
2018-10-12,6.7,18.11,0,3053
2018-10-15,10.3,13.28,0,3031
2018-10-16,9.8,8.1,0,3095
2018-10-17,8.8,15.49,0,3133
2018-10-18,7.8,14.93,0,3156
2018-10-19,8.8,17.15,0,3189
2018-10-22,10.2,10.53,0,3225
2018-10-23,8.1,8.37,0,3197
2018-10-24,8.4,14.33,0,3196
2018-10-25,8.4,15.16,0,3187
2018-10-26,8.5,1.49,0,3172
2018-10-29,6.4,9.53,0,3376
2018-10-30,3.6,14.99,0,3502
2018-10-31,4.9,14.99,0,3653
2018-11-01,3.6,14.75,0,3814
2018-11-02,5.3,14.58,0,3959
2018-11-05,7.1,10.94,0,4337
2018-11-06,9,10.37,0,4376
2018-11-07,10.5,2.46,0,4446
2018-11-08,12,0.88,0,4526
2018-11-09,9.9,7.25,0,4503
2018-11-12,6.4,12.95,0,4593
2018-11-13,5.7,10.51,0,4663
2018-11-14,5.8,12.09,0,4678
2018-11-15,4.3,10.46,0,4637
2018-11-16,6.7,7.54,0,4602
2018-11-19,3.2,9.08,0,4621
2018-11-20,1.9,11.72,0,4577
2018-11-21,2.2,2.24,0,4524
2018-11-22,0.5,11.77,0,4472
2018-11-23,-2.2,11.31,0,4404
2018-11-26,0.4,10.58,0,4236
2018-11-27,1.8,9.12,0,4227
2018-11-28,1.4,7.07,0,4181
2018-11-29,0.9,6.52,0,4125
2018-11-30,-0.2,10.79,0,4115
2018-12-03,7.4,1.99,0,3996
2018-12-04,8.4,2.87,0,3980
2018-12-05,0.7,7.42,0.7,3986
2018-12-06,1.2,5.37,0.5,3980
2018-12-10,-6.5,10.93,0,3873
2018-12-11,-2.9,1.95,3.3,3898
2018-12-12,-5.4,10.88,0,3904
2018-12-13,-6.3,6.23,0,3887
2018-12-14,-9.1,10.66,0,3897
2018-12-17,-0.6,9.74,0,4223
2018-12-18,-2.5,8.28,0,4367
2018-12-19,0.7,8.7,0,4447
2018-12-20,-1,7.09,0,4468
2018-12-21,0.7,7.18,0,4533
2018-12-24,-5.2,10.6,0,4827
2018-12-26,0,9.16,0,4832
2018-12-27,-8.9,10.85,0,4950
2018-12-28,-12.4,10.65,0,5007
2018-12-31,-8.8,10.62,0,4823
2019-01-02,-8.6,10.49,0,4839
2019-01-03,-8.2,11.02,0,4980
2019-01-04,-5.6,6.29,0,4998
2019-01-07,-7,9.35,0,5039
2019-01-08,-5.6,10.53,0,5065
2019-01-09,-8.5,9.45,0,5040
2019-01-10,-4.1,3.83,0,4980
2019-01-11,-3,8.55,0,4955
2019-01-14,-3.9,7.22,0,5069
2019-01-15,-2.4,4.51,0,5166
2019-01-16,-8.1,11.22,0,5335
2019-01-17,-3.7,5.67,0,5568
2019-01-18,-4.8,10.32,0,5913
2019-01-21,-3.7,9.83,0,6708
2019-01-22,-2.2,9.89,0,6843
2019-01-23,-1.8,10.96,0,6923
2019-01-24,-4.3,12.64,0,6960
2019-01-25,-4.6,12.1,0,6956
2019-01-28,-0.9,11.8,0,7224
2019-01-29,-4.2,13.21,0,7600
2019-01-30,-1.2,11.02,0,7926
2019-01-31,-1.9,5.3,0,8081
2019-02-01,-4.3,12.09,0,8230
2019-02-07,0.1,12.06,0,8780
2019-02-08,-4.7,13.61,0,8715
2019-02-11,-3.4,15.48,0,8975
2019-02-12,-3.1,11.89,0,9075
2019-02-13,-3.4,13.97,0,9161
2019-02-14,-2.5,14.7,0,9088
2019-02-15,-0.4,5.21,1.5,8902
2019-02-18,-1.1,10.43,0,8566
2019-02-19,0.7,1.57,1,8508
2019-02-20,0.9,8.14,0,8356
2019-02-21,-0.1,14.05,0,8124
2019-02-22,0.5,11.97,0,7908
2019-02-25,2.7,15.77,0,7649
2019-02-26,2.2,16.95,0,7497
2019-02-27,5.5,5.98,0,7499
2019-02-28,3.8,13.75,0,7611
2019-03-04,7.2,14.6,0,7410
2019-03-05,5.7,10.6,0,7450
2019-03-06,6.7,14.03,0,7387
2019-03-07,5.6,11.48,0,7227
2019-03-08,2.9,19.54,0,7057
2019-03-11,4.1,8.52,0,6315
2019-03-12,2.7,5.46,0,6162
2019-03-13,0.2,17.54,0,5995
2019-03-14,1.4,16.11,0,5883
2019-03-15,2.4,13.65,0,5919
2019-03-18,4,16.28,0,5884
2019-03-19,7.1,18.06,0,5982
2019-03-20,8.7,5.32,0,6067
2019-03-21,7.4,7.86,0,5932
2019-03-22,2.6,22.36,0,5767
2019-03-25,4.2,16.7,0,5460
2019-03-26,6.9,21.04,0,5315
2019-03-27,10.7,16.77,0,5165
2019-03-28,10.1,18.04,0,5040
2019-03-29,8.9,20.79,0,4980
2019-04-01,2.1,17.14,0,4750
2019-04-02,4.2,24.47,0,4792
2019-04-03,4.7,24.37,0,4824
2019-04-04,7,24.3,0,4810
2019-04-05,8.6,16.23,0,4742
2019-04-08,10.8,22.77,0,4487
2019-04-09,6.2,8.31,0,4466
2019-04-10,5.8,6.84,0,4571
2019-04-11,6.9,16.14,0,4612
2019-04-12,9.6,24.94,0,4625
2019-04-15,8.5,25.05,0,4944
2019-04-16,11.1,23.14,0,4954
2019-04-17,14.1,25.55,0,5004
2019-04-18,12.9,14.89,0,5063
2019-04-19,9,11.64,0,5068
2019-04-22,17.9,26.31,0,5067
2019-04-23,17.6,10.02,0,5120
2019-04-24,17.2,11.43,0,5152
2019-04-25,11.7,3.74,0,5137
2019-04-26,7.8,4.8,0,5153
2019-04-29,10.8,7.96,0,5302
2019-04-30,14.9,21.52,0,5318
2019-05-02,14.9,28.27,0,5360
2019-05-03,15.7,27.77,0,5397
2019-05-07,12.8,29.26,0,5419
2019-05-08,14.2,25.01,0,5326
2019-05-09,14.8,27.04,0,5293
2019-05-10,16.4,28.05,0,5264
2019-05-13,18.4,18.45,0,4820
2019-05-14,18.4,27.09,0,4686
2019-05-15,18.6,23.26,0,4575
2019-05-16,20.1,26.22,0,4459
2019-05-17,20.6,16.15,0,4337
2019-05-20,15.2,21.6,0,4133
2019-05-21,14.2,30.7,0,4150
2019-05-22,16.8,29.94,0,4188
2019-05-23,18.1,29.47,0,4221
2019-05-24,21.7,28.46,0,4272
2019-05-27,17,3.15,0,4303
2019-05-28,16.6,25.04,0,4284
2019-05-29,17.1,30.2,0,4259
2019-05-30,18.4,19.69,0,4187
2019-05-31,18.3,26.04,0,4147
2019-06-03,20.5,28.45,0,3948
2019-06-04,22.7,27.95,0,3924
2019-06-05,22.6,27.31,0,3968
2019-06-07,18,6.46,0,3980
2019-06-10,17.2,16.45,0,3845
2019-06-11,17.9,24.11,0,3871
2019-06-12,19.6,27.04,0,3814
2019-06-13,21.7,28.73,0,3690
2019-06-14,19.9,12.93,0,3623
2019-06-17,20.7,26.46,0,3595
2019-06-18,19.3,14.71,0,3588
2019-06-19,20.4,13.19,0,3583
2019-06-20,21.7,22.18,0,3605
2019-06-21,21.2,23.95,0,3635
2019-06-24,23.1,28.6,0,3650
2019-06-25,23.6,30.31,0,3622
2019-06-26,21,8.64,0,3637
2019-06-27,23.5,13.97,0,3665
2019-06-28,24.7,21.19,0,3711
2019-07-01,21.9,16.15,0,3834
2019-07-02,21.6,25.95,0,3847
2019-07-03,22.4,19.71,0,3834
2019-07-04,23.8,28.01,0,3817
2019-07-05,24.6,29.12,0,3853
2019-07-08,20.5,21.21,0,3833
2019-07-09,20.8,24.23,0,3854
2019-07-10,19.7,7.69,0,3908
2019-07-11,21.6,5.88,0,4010
2019-07-12,21.8,11.96,0,4083
2019-07-15,22.5,14.18,0,4302
2019-07-16,23.7,18.54,0,4340
2019-07-17,24.4,17.71,0,4411
2019-07-18,24.8,21.37,0,4441
2019-07-19,25.1,15.89,0,4460
2019-07-22,25.4,19.74,0,4357
2019-07-23,26.4,23.13,0,4288
2019-07-24,25.5,8.83,0,4265
2019-07-25,24.7,2.48,0,4335
2019-07-26,24.5,6.62,0,4430
2019-07-29,26.3,24.84,0,4501
2019-07-30,27,20.37,0,4447
2019-07-31,27.1,17.16,0,4378
2019-08-01,27.5,20.52,0,4299
2019-08-02,28.2,26.96,0,4256
2019-08-05,28.3,17.16,0,4032
2019-08-06,26.9,17.73,0,4044
2019-08-07,25,22.31,0,4023
2019-08-08,26.6,13.62,0,3923
2019-08-09,27.5,23.26,0,3837
2019-08-12,27.9,12.5,0,4025
2019-08-13,28.3,23.99,0,4138
2019-08-14,27.7,21.01,0,4144
2019-08-16,24.4,17.83,0,4225
2019-08-19,23.3,20.69,0,4450
2019-08-20,24,23.28,0,4548
2019-08-21,24.9,20.52,0,4619
2019-08-22,25,13.04,0,4777
2019-08-23,22.9,16.78,0,4868
2019-08-26,22.7,24.77,0,5275
2019-08-27,21.6,9.35,0,5409
2019-08-28,22.6,16.1,0,5517
2019-08-29,20.5,9.25,0,5607
2019-08-30,20,20.35,0,5690
2019-09-02,21.5,11.38,0,5785
2019-09-03,20.4,6.16,0,5850
2019-09-04,22.4,9.54,0,5961
2019-09-05,23.8,8.76,0,6121
2019-09-06,25.2,10.18,0,6312
2019-09-09,22.8,6.14,0,6503
2019-09-10,24.8,16.96,0,6528
2019-09-11,22,5.62,0,6560
2019-09-16,20.1,21.03,0,6540
2019-09-17,19.6,23.2,0,6518
2019-09-18,19.7,22.95,0,6431
2019-09-19,17.4,21.55,0,6365
2019-09-20,17.9,10.43,0,6325
2019-09-23,15.4,12.72,0,5585
2019-09-24,15.1,20.37,0,5486
2019-09-25,16,15.72,0,5381
2019-09-26,18.2,12.71,0,5185
2019-09-27,18.3,19.2,0,4874
2019-09-30,18.5,19.81,0,4276
2019-10-01,20.5,9.03,0,4168
2019-10-02,19.8,1.78,0,4083
2019-10-04,19.4,14.41,0,3988
2019-10-07,13.4,3.1,0,3851
2019-10-08,13.2,15.47,0,3844
2019-10-10,10.6,8.01,0,3789
2019-10-11,15.5,16.46,0,3676
2019-10-14,12.5,12.89,0,3474
2019-10-15,12.2,17,0,3521
2019-10-16,9.8,16.15,0,3560
2019-10-17,11.1,11.23,0,3580
2019-10-18,13.3,8.85,0,3607
2019-10-21,12.1,16.18,0,3739
2019-10-22,13.7,15.75,0,3737
2019-10-23,13.6,6.65,0,3736
2019-10-24,16.1,13.23,0,3743
2019-10-25,14.9,13.27,0,3731
2019-10-28,7.6,14.82,0,3804
2019-10-29,10.2,9.8,0,3837
2019-10-30,6.7,15.3,0,3925
2019-10-31,9,14.4,0,4021
2019-11-01,11.2,12.1,0,4111
2019-11-04,8.6,14.82,0,4523
2019-11-05,7.1,11.6,0,4552
2019-11-06,6.9,12.01,0,4580
2019-11-07,7.1,12.56,0,4668
2019-11-08,3.2,14.02,0,4768
2019-11-11,9,4.94,0,4726
2019-11-12,5.3,10.63,0,4765
2019-11-13,4.6,2.52,0,4775
2019-11-14,-0.3,13.46,0,4753
2019-11-15,0.7,9.07,0,4703
2019-11-18,5.6,6.15,0,4659
2019-11-19,0.4,8.18,0,4648
2019-11-20,-1.7,12.56,0,4608
2019-11-21,0.4,10.03,0,4548
2019-11-22,5.2,12.06,0,4484
2019-11-25,3.4,5.34,0,4303
2019-11-26,4.5,10.26,0,4268
2019-11-27,3.3,7.63,0,4231
2019-11-28,2.3,10.01,0,4151
2019-11-29,-0.2,11.6,0,4063
2019-12-02,0.8,10.17,0,3901
2019-12-03,-1.6,5.26,0,3895
2019-12-04,2.1,10.72,0,3888
2019-12-05,-2.8,10.68,0,3889
2019-12-09,-2.3,7.55,0,3792
2019-12-10,1.9,5.98,0,3778
2019-12-11,2.8,3.1,0,3790
2019-12-12,-2.4,10.8,0,3798
2019-12-13,-3,8.6,0,3778
2019-12-16,2.9,9.09,0,3990
2019-12-17,3.9,0.89,0,4142
2019-12-18,1.7,5.01,0,4302
2019-12-19,-1.9,10.25,0,4370
2019-12-20,-2.9,8.88,0,4388
2019-12-23,1.5,5.67,0,4709
2019-12-24,-2.4,6.53,0,4760
2019-12-26,-0.6,1.19,0,4788
2019-12-27,-5.9,10.06,0,4934
2019-12-30,1.7,2.09,0,4906
2019-12-31,-7.6,11.09,0.3,4803
2020-01-02,-1,2.16,0,4732
2020-01-03,-1.7,7.86,0,4760
2020-01-06,0.5,1.65,0,4489
2020-01-07,5.8,0.62,0,4442
2020-01-08,3.3,1.48,0,4370
2020-01-09,-1.2,8.35,0,4293
2020-01-10,-2.5,10.52,0,4238
2020-01-13,-2.8,9.35,0,4273
2020-01-14,-4.4,9.51,0,4297
2020-01-15,-5.3,11.22,0,4467
2020-01-16,-5,10.38,0,4595
2020-01-17,-3.3,9.77,0,4707
2020-01-20,-0.4,9.68,0,5320
2020-01-21,-3.5,12.34,0,5366
2020-01-22,0,1.99,0,5507
2020-01-23,3.3,11.27,0,5722
2020-01-28,3.6,7.19,0,6709
2020-01-29,1.9,7.98,0,7179
2020-01-30,1.8,10.18,0,7410
2020-01-31,2,6.59,0,7527
2020-02-03,-0.4,13.64,0,8136
2020-02-04,-2.3,13.85,0,8226
2020-02-05,-6.6,14.93,0,8425
2020-02-06,-6.9,11.85,0,8552
2020-02-07,-4.3,10.56,0,8496
2020-02-10,1.6,13.68,0,8373
2020-02-11,2.2,14.02,0,8337
2020-02-12,4.3,1.58,0,8313
2020-02-13,6.7,7.17,0,8272
2020-02-14,4,8.89,0,8180
2020-02-17,-5.7,9.92,2,7749
2020-02-18,-5.2,16.96,5.4,7731
2020-02-19,-1.6,13.89,0,7716
2020-02-20,1.6,14.57,0,7660
2020-02-21,3.6,11.27,0,7427
2020-02-24,3.8,16.07,0,6955
2020-02-25,5.2,0.81,0,6932
2020-02-26,5.1,14.44,0,6815
2020-02-27,3.5,13.77,0,6888
2020-02-28,1.7,2.92,0,7143
2020-03-02,3.5,18.44,0,7093
2020-03-03,5.1,14.98,0,7008
2020-03-04,1.9,16.59,0,6980
2020-03-05,0.4,19.62,0,7004
2020-03-06,1,19.12,0,6935
2020-03-09,8.2,12.94,0,6290
2020-03-10,7.4,2.02,0,6153
2020-03-11,2.7,21.1,0,6039
2020-03-12,4.4,20.04,0,5962
2020-03-13,5.4,14.19,0,5876
2020-03-16,2.4,21.54,0,5908
2020-03-17,2.2,4.65,0,5876
2020-03-18,5.2,20.48,0,5875
2020-03-19,5.9,13.89,0,5943
2020-03-20,7,21.36,0,5951
2020-03-23,8.3,21.87,0,5745
2020-03-24,7.6,21.62,0,5755
2020-03-25,10.1,21.84,0,5688
2020-03-26,12.3,10.26,0,5561
2020-03-27,11.1,7.29,0,5340
2020-03-30,8.8,23.71,0,4963
2020-03-31,9.6,22.18,0,4879
2020-04-01,9.7,17.95,0,4799
2020-04-02,7.1,20.25,0,4708
2020-04-03,8.3,24.03,0,4624
2020-04-06,7.5,24.34,0,4483
2020-04-07,9.8,20.52,0,4404
2020-04-08,7.3,25.92,0,4375
2020-04-09,7,23.38,0,4359
2020-04-10,9.2,20.73,0,4451
2020-04-13,8,25.9,0,4533
2020-04-14,10,26.28,0,4600
2020-04-16,13.8,24.2,0,4581
2020-04-17,9.6,12.96,0,4551
2020-04-20,9.1,10.03,0,4451
2020-04-21,5.6,25.3,0,4436
2020-04-22,5.1,18.04,0,4410
2020-04-23,6,23.47,0,4386
2020-04-24,7.9,27.09,0,4362
2020-04-27,9.1,23.19,0,4416
2020-04-28,10.8,27.18,0,4440
2020-04-29,13.9,26.82,0,4533
2020-05-04,19.1,20.54,0,5162
2020-05-06,16.9,25.9,0,5205
2020-05-07,16.5,28.01,0,5197
2020-05-08,17,24.07,0,5226
2020-05-11,16.7,24.97,0,5130
2020-05-12,14.4,22.38,0,4959
2020-05-13,13.9,29.12,0,4781
2020-05-14,17,23.55,0,4626
2020-05-15,14.4,3.62,0,4475
2020-05-18,19,19.11,0,4186
2020-05-19,11.3,12.09,0,4143
2020-05-20,10.6,28.14,0,4093
2020-05-21,14.1,25.7,0,4120
2020-05-22,16.6,22.64,0,4192
2020-05-25,14.6,11.8,0,4327
2020-05-26,17.7,23.35,0,4362
2020-05-27,16.9,28.48,0,4370
2020-05-28,16.4,25.04,0,4351
2020-05-29,17.5,28.11,0,4313
2020-06-01,18.9,29.24,0,4133
2020-06-01,18.9,29.24,0,4133
2020-06-02,18.1,12.53,0,4053
2020-06-02,18.1,12.53,0,4053
2020-06-03,20.8,22.58,0,3958
2020-06-03,20.8,22.58,0,3958
2020-06-04,23.6,27.19,0,3943
2020-06-04,23.6,27.19,0,3943
2020-06-05,23.1,23.09,0,3987
2020-06-05,23.1,23.09,0,3987
2020-06-08,23.7,27.75,0,4026
2020-06-08,23.7,27.75,0,4026
2020-06-09,25.2,28.46,0,3949
2020-06-09,25.2,28.46,0,3949
2020-06-10,25.1,24.28,0,3910
2020-06-10,25.1,24.28,0,3910
2020-06-11,24.9,24.82,0,3972
2020-06-11,24.9,24.82,0,3972
2020-06-12,23.3,9.14,0,3943
2020-06-12,23.3,9.14,0,3943
2020-06-15,21.4,27,0,3683
2020-06-15,21.4,27,0,3683
2020-06-16,21,25.74,0,3644
2020-06-16,21,25.74,0,3644
2020-06-17,22.5,19.18,0,3668
2020-06-17,22.5,19.18,0,3668
2020-06-18,20.4,10.44,0,3642
2020-06-18,20.4,10.44,0,3642
2020-06-19,21.3,26.4,0,3609
2020-06-19,21.3,26.4,0,3609
2020-06-22,25.2,27.71,0,3661
2020-06-22,25.2,27.71,0,3661
2020-06-23,25.6,20.18,0,3684
2020-06-23,25.6,20.18,0,3684
2020-06-24,20.5,5.12,0,3682
2020-06-24,20.5,5.12,0,3682
2020-06-25,20.1,4.94,0,3636
2020-06-25,20.1,4.94,0,3636
2020-06-26,20.4,22.39,0,3657
2020-06-26,20.4,22.39,0,3657
2020-06-29,21.5,10.36,0,3778
2020-06-29,21.5,10.36,0,3778
2020-06-30,19.8,4.91,0,3850
2020-06-30,19.8,4.91,0,3850
2020-07-01,18.2,11.87,0,3839
2020-07-02,22.2,24.79,0,3840
2020-07-03,20.6,11.93,0,3838
2020-07-06,23,22.76,0,3897
2020-07-07,23,15.47,0,3884
2020-07-08,24.3,23.09,0,3945
2020-07-09,25,27.61,0,4032
2020-07-10,23.8,14.95,0,4128
2020-07-13,17.9,3.87,0,4464
2020-07-14,19.2,8.8,0,4529
2020-07-15,19.8,14.61,0,4550
2020-07-16,21.9,19.7,0,4545
2020-07-17,23.5,26.17,0,4548
2020-07-20,23.4,9.03,0,4505
2020-07-21,23.9,22.51,0,4482
2020-07-22,22.2,5.27,0,4553
2020-07-23,20.1,3.71,0,4540
2020-07-24,20.9,10.46,0,4528
2020-07-27,22.7,10.5,0,4689
2020-07-28,22.4,9.26,0,4726
2020-07-29,22.7,5.04,0,4654
2020-07-30,23.1,7.52,0,4588
2020-07-31,24.5,17.01,0,4534
2020-08-03,22.8,4.44,0,4407
2020-08-04,25.4,16.67,0,4312
2020-08-05,24,10.21,0,4292
2020-08-06,23.4,4.1,0,4362
2020-08-07,21.9,4.81,0,4384
2020-08-10,24.1,9.37,0,4368
2020-08-11,23.4,6.31,0,4416
2020-08-12,24.8,12.08,0,4594
2020-08-13,26.6,20.81,0,4692
2020-08-14,27.1,17.54,0,4660
2020-08-18,25,24.48,0,5256
2020-08-19,25.2,24.97,0,5395
2020-08-20,25.5,25.15,0,5521
2020-08-21,26.2,24.46,0,5583
2020-08-24,24.7,24.76,0,5761
2020-08-25,26.7,25.22,0,5861
2020-08-26,27.1,14.63,0,5851
2020-08-27,26.6,14.26,0,5748
2020-08-28,26.6,19.31,0,5601
2020-08-31,24.3,20.08,0,5373
2020-09-01,23.5,23.34,0,5381
2020-09-02,23.7,4.46,0,5392
2020-09-03,22.6,18.43,0,5431
2020-09-04,20.6,20.46,0,5547
2020-09-07,19.1,3.52,0,6005
2020-09-08,20.7,20.14,0,6088
2020-09-09,19.2,17.87,0,6108
2020-09-10,19.8,16.87,0,6165
2020-09-11,19.3,9.64,0,6325
2020-09-14,18.4,20.93,0,6723
2020-09-15,19.9,21.15,0,6787
2020-09-16,19.7,6.77,0,6775
2020-09-17,18.8,7.29,0,6852
2020-09-18,17.5,18.45,0,6897
2020-09-21,14.6,16.69,0,6423
2020-09-22,15.9,16.87,0,6146
2020-09-23,16,12.9,0,5955
2020-09-24,17.1,15.98,0,5859
2020-09-25,16,18.75,0,5818
2020-09-28,14.8,20.2,0,5151
2020-09-29,14.5,15.72,0,4968
2020-10-05,10,16.51,0,4419
2020-10-06,9.7,19.57,0,4362
2020-10-07,13.1,17.53,0,4363
2020-10-08,13.2,19.31,0,4361
2020-10-12,13.7,12.19,0,4002
2020-10-13,10.4,12.53,0,3912
2020-10-14,9.1,9.77,0,3864
2020-10-15,8.7,14.47,0,3868
2020-10-16,8.9,7.59,0,3849
2020-10-19,9.4,15.85,0,3958
2020-10-20,10.2,15.89,0,3991
2020-10-21,9.3,4.71,0,4002
2020-10-22,10.6,7.11,0,3995
2020-10-23,6.1,16.61,0,3998
2020-10-26,7.8,13.93,0,3963
2020-10-27,9,13.76,0,3980
2020-10-28,10.1,13,0,4001
2020-10-29,6.3,14.46,0,3998
2020-10-30,7.6,14.55,0,4018
2020-11-02,7.9,13.52,0,4275
2020-11-03,4.4,10.86,0,4457
2020-11-04,1,15.07,0,4576
2020-11-05,4.8,12.52,0,4616
2020-11-06,10.2,3.6,0,4662
2020-11-09,3.8,13.77,0,4713
2020-11-10,3.6,13.47,0,4674
2020-11-11,3.8,13.14,0,4620
2020-11-12,5,12.97,0,4539
2020-11-13,5.7,10.9,0,4375
2020-11-16,9.4,10.61,0,4063
2020-11-17,11.7,6.35,0,4055
2020-11-18,15.2,4.14,0,4048
2020-11-19,14.3,1.53,0,4030
2020-11-20,4,1.38,0,3987
2020-11-23,0.2,11.22,0,3729
2020-11-24,1.2,7.92,0,3675
2020-11-25,0.9,11.42,0,3639
2020-11-26,2.5,10.14,0,3581
2020-11-27,3.3,4.19,0,3516
2020-11-30,-2.8,11.05,0,3360
2020-12-01,-2.1,11.14,0,3342
2020-12-02,0.2,9.55,0,3302
2020-12-03,-1.5,10.68,0,3253
2020-12-07,0.4,3.47,0,3215
2020-12-08,-3.4,10.97,0,3225
2020-12-09,-2.7,9.32,0,3225
2020-12-10,1.3,5.05,0,3222
2020-12-11,1.4,6.15,0,3225
2020-12-14,-9.1,11.38,0,3203
2020-12-15,-12.1,11.14,0,3265
2020-12-16,-12.3,11.31,0,3347
2020-12-17,-12.1,10.97,0,3462
2020-12-18,-5.4,4.57,0.3,3567
2020-12-21,-7.8,8.64,0,3747
2020-12-22,-5.1,7.78,0,3850
2020-12-23,-1.2,5.34,0,3951
2020-12-24,1.7,9.38,0,4018
2020-12-28,1.9,8.28,0.8,4511
2020-12-29,-0.7,2.58,5.3,4452
2020-12-30,-9.8,4.46,0.2,4495
2020-12-31,-10.2,11.06,1.1,4542
2021-01-04,-5,8.46,0,4807
2021-01-05,-4.8,10.21,0.1,4717
2021-01-06,-9.4,11.01,5,4667
2021-01-07,-14.1,7.3,1.2,4623
2021-01-08,-15.2,11.44,0,4504
2021-01-11,-10.9,4.26,0,4399
2021-01-12,-6.9,9.52,1.4,4449
2021-01-13,0.5,9.64,0,4608
2021-01-14,-0.8,10.78,0,4809
2021-01-15,2.7,3.56,0,5075
2021-01-18,-5.6,4.03,0,5658
2021-01-19,-11.8,12.48,0,5908
2021-01-20,-7.7,11.92,0,6112
2021-01-21,-0.2,5.84,0,6250
2021-01-22,4.4,3.81,0,6413
2021-01-25,2.6,9.52,0,6825
2021-01-26,2.5,2.15,0,6859
2021-01-27,1,11.72,0,6902
2021-01-28,-4,4.36,2.7,7070
2021-01-29,-9.5,13.35,0,7291
2021-02-01,3.5,6.42,0,7823
2021-02-02,-4.7,13.97,0.8,7957
2021-02-03,-5,14.15,0.3,8092
2021-02-04,-4.3,15.02,2.2,8244
2021-02-05,-1.5,11.1,0,8481
2021-02-08,-3,15.28,0,8481
2021-02-09,-3.4,15.19,0,8461
2021-02-10,-0.9,8.89,0,8234
2021-02-15,1,11.02,0,7272
2021-02-16,-6.3,9.18,3.9,7199
2021-02-17,-8.9,10.35,0.9,7190
2021-02-18,-8,15.18,0,7307
2021-02-19,-1.4,16.09,0,7300
2021-02-22,7.5,15.09,0,7084
2021-02-23,0.2,16.54,0,6930
2021-02-24,1.2,13.8,0,6916
2021-02-25,1.8,4.55,0,6977
2021-02-26,5.5,16.27,0,6889
2021-03-02,-0.1,5.84,0.2,7027
2021-03-03,0.1,15.35,0,6952
2021-03-04,2.5,6.28,0,6856
2021-03-05,5,18.12,0,6632
2021-03-08,4.5,18.95,0,6098
2021-03-09,5.2,14.02,0,5909
2021-03-10,5.7,19.61,0,5720
2021-03-11,7.6,17.77,0,5686
2021-03-12,6.5,3.69,0,5676
2021-03-15,8.8,16.28,0,5671
2021-03-16,9.5,21.12,0,5748
2021-03-17,6.7,20.77,0,5748
2021-03-18,9.4,19.43,0,5665
2021-03-19,11.5,17.62,0,5611
2021-03-22,4.9,20.02,0,5436
2021-03-23,6,20.98,0,5405
2021-03-24,7.3,19.37,0,5455
2021-03-25,9.9,21.87,0,5496
2021-03-26,10.2,18.04,0,5448
2021-03-29,10.4,19.67,0,5192
2021-03-30,8.9,23.79,0,5114
2021-03-31,11.7,23.62,0,5065
2021-04-01,13.1,17.89,0,4987
2021-04-02,15.7,17.79,0,4916
2021-04-05,7.9,25.61,0,4725
2021-04-06,11.4,22.65,0,4687
2021-04-07,11.9,24.7,0,4626
2021-04-08,9.9,25.31,0,4617
2021-04-09,8.1,21.62,0,4608
2021-04-12,11.7,5.74,0,4613
2021-04-13,10.7,20.61,0,4598
2021-04-14,8.1,26.79,0,4545
2021-04-15,8.5,23.92,0,4482
2021-04-16,8.6,5.71,0,4401
2021-04-19,10.6,26.57,0,4206
2021-04-20,14,24.42,0,4166
2021-04-21,17.2,24.25,0,4143
2021-04-22,19.2,20.19,0,4147
2021-04-23,16.2,11.26,0,4172
2021-04-26,12.4,26.8,0,4208
2021-04-27,13.7,11.52,0,4247
2021-04-28,14.4,14.71,0,4303
2021-04-29,13,21.04,0,4350
2021-04-30,10.2,14.94,0,4435
2021-05-03,11.8,27.81,0,4709
2021-05-04,14,9.89,0,4753
2021-05-06,12.3,21.89,0,4694
2021-05-07,12.1,15.6,0,4676
2021-05-10,9.3,3.18,0,4720
2021-05-11,15.3,19.26,0,4639
2021-05-12,16.7,28.11,0,4519
2021-05-13,19,28.01,0,4420
2021-05-14,21.3,23.16,0,4348
2021-05-17,14.7,4.65,0,4127
2021-05-18,17.1,20.71,0,4100
2021-05-20,16.6,5.3,0,4124
2021-05-21,13.7,4.69,0,4121
2021-05-24,18.1,24.54,0,4109
2021-05-25,12.1,21.75,0,4122
2021-05-26,14.1,14.02,0,4137
2021-05-27,13,10.25,0,4162
2021-05-28,12.7,6.84,0,4172
2021-05-31,18.3,14.16,0,4030
2021-06-01,19.6,23.5,0,4039
2021-06-01,19.6,23.5,0,4039
2021-06-02,21.5,25.65,0,4055
2021-06-02,21.5,25.65,0,4055
2021-06-03,17.4,4.67,0,4095
2021-06-03,17.4,4.67,0,4095
2021-06-04,16.9,28.52,0,4152
2021-06-04,16.9,28.52,0,4152
2021-06-07,18.7,18.53,0,4216
2021-06-07,18.7,18.53,0,4216
2021-06-08,22.2,25.48,0,4163
2021-06-08,22.2,25.48,0,4163
2021-06-09,23.8,28.01,0,4056
2021-06-09,23.8,28.01,0,4056
2021-06-10,23.5,20.16,0,3961
2021-06-10,23.5,20.16,0,3961
2021-06-11,21.1,18.77,0,3940
2021-06-11,21.1,18.77,0,3940
2021-06-14,23.6,19.23,0,3810
2021-06-14,23.6,19.23,0,3810
2021-06-15,21.1,9.97,0,3722
2021-06-15,21.1,9.97,0,3722
2021-06-16,21,20.7,0,3692
2021-06-16,21,20.7,0,3692
2021-06-17,19.4,12.49,0,3698
2021-06-17,19.4,12.49,0,3698
2021-06-18,19.2,9.03,0,3728
2021-06-18,19.2,9.03,0,3728
2021-06-21,21.7,28.67,0,3726
2021-06-21,21.7,28.67,0,3726
2021-06-22,20.1,20.63,0,3726
2021-06-22,20.1,20.63,0,3726
2021-06-23,18.8,8.99,0,3778
2021-06-23,18.8,8.99,0,3778
2021-06-24,21.2,21.5,0,3796
2021-06-24,21.2,21.5,0,3796
2021-06-25,23.2,26.15,0,3754
2021-06-25,23.2,26.15,0,3754
2021-06-28,21.1,19.57,0,3864
2021-06-28,21.1,19.57,0,3864
2021-06-29,21.9,21.66,0,3920
2021-06-29,21.9,21.66,0,3920
2021-06-30,22.5,17.14,0,3996
2021-06-30,22.5,17.14,0,3996
2021-07-01,24,22.58,0,4017
2021-07-02,22.8,22.4,0,4065
2021-07-05,22.1,13.5,0,4188
2021-07-06,23.6,12.22,0,4218
2021-07-07,24,10.67,0,4216
2021-07-08,25.1,18.46,0,4263
2021-07-09,24,19.49,0,4295
2021-07-12,24.7,20.34,0,4473
2021-07-13,26.7,23.91,0,4556
2021-07-14,27.1,24.41,0,4594
2021-07-15,24.7,21.1,0,4612
2021-07-16,25.1,19.62,0,4661
2021-07-19,25.2,18.82,0,4685
2021-07-20,26.4,12.88,0,4671
2021-07-21,26.6,29.14,0,4653
2021-07-22,25.9,28.76,0,4652
2021-07-23,26.4,30.24,0,4617
2021-07-26,27.1,28.99,0,4731
2021-07-27,27.5,24.97,0,4796
2021-07-28,27.7,22.13,0,4785
2021-07-29,26.8,22.27,0,4692
2021-07-30,27.1,27.4,0,4613
2021-08-02,25,10.1,0,4447
2021-08-03,26.1,16.99,0,4408
2021-08-04,26.8,27.52,0,4391
2021-08-05,27.5,24.58,0,4470
2021-08-06,26.6,20.18,0,4569
2021-08-09,24.3,25.89,0,4684
2021-08-10,22.1,18.77,0,4631
2021-08-11,24.7,19.62,0,4663
2021-08-12,23.9,15.77,0,4783
2021-08-13,23.6,11.98,0,4929
2021-08-17,21.1,20.96,0,5350
2021-08-18,22,19.58,0,5514
2021-08-19,21.7,18.24,0,5646
2021-08-20,23.5,22.15,0,5748
2021-08-23,20.3,3.63,0,5938
2021-08-24,22.6,6.52,0,5967
2021-08-25,21.4,4,0,6089
2021-08-26,22.6,13.55,0,6209
2021-08-27,20.3,3.62,0,6241
2021-08-30,20,8.41,0,6246
2021-08-31,19.8,8.3,0,6360
2021-09-01,19.5,5.43,0,6584
2021-09-02,21.2,14.57,0,6728
2021-09-03,21.3,19.62,0,6934
2021-09-06,20.2,8.82,0,7285
2021-09-07,18.5,3.66,0,7238
2021-09-08,20.3,12.26,0,7186
2021-09-09,21.1,20.2,0,7146
2021-09-10,20.6,15.74,0,7146
2021-09-13,20.6,19.45,0,7394
2021-09-14,19.9,12.65,0,7524
2021-09-15,19.2,21.93,0,7644
2021-09-16,19.3,19.07,0,7726
2021-09-17,17.3,7.21,0,7875
2021-09-23,18.2,18.1,0,7127
2021-09-24,18.4,17.68,0,7134
2021-09-27,18.6,17.36,0,6834
2021-09-28,19.9,10.04,0,6574
2021-09-29,19.2,3.62,0,6410
2021-09-30,19.3,18.83,0,6405
2021-10-01,18.7,17.37,0,6280
2021-10-05,21.7,17.5,0,5879
2021-10-06,18.1,9.56,0,5714
2021-10-07,11.27123443,4.41,0,5493
2021-10-08,17.8,4.6,0,5273
2021-10-12,15.2,4.23,0,4908
2021-10-13,17.2,14.23,0,4720
2021-10-14,16.7,16.06,0,4655
2021-10-15,15.9,4.94,0,4650
2021-10-18,6.2,17.37,0,4688
2021-10-19,8.4,9.97,0,4703
2021-10-20,5.8,16.79,0,4695
2021-10-21,6.7,15.39,0,4659
2021-10-22,6.2,14.73,0,4633
2021-10-25,6.7,15.18,0,4651
2021-10-26,7.2,13.68,0,4640
2021-10-27,9.8,13.81,0,4648
2021-10-28,9.1,16.06,0,4695
2021-10-29,9.1,14.8,0,4744
2021-11-01,8.7,10.39,0,4905
2021-11-02,8.3,9.97,0,4982
2021-11-03,9.1,13.18,0,5110
2021-11-04,8.3,12.76,0,5192
2021-11-05,7.9,9.97,0,5230
2021-11-08,8.5,3.9,0,5419
2021-11-09,3.8,7.65,0,5424
2021-11-10,3.1,2.09,0,5379
2021-11-11,4.6,7.96,0,5293
2021-11-12,2.7,8.78,0,5171
2021-11-15,5.2,11.26,0,4793
2021-11-16,4.1,11.89,0,4714
2021-11-17,3.2,12.47,0,4647
2021-11-18,7.8,9.47,0,4575
2021-11-19,10.5,7.57,0,4465
2021-11-22,3,6.9,0,4190
2021-11-23,-1,6.28,0,4083
2021-11-24,0.5,11.32,0,3980
2021-11-25,3.5,10.73,0,3888
2021-11-26,1.5,11.43,0,3797
2021-11-29,1.4,9.39,0,3548
2021-11-30,2.6,1.12,0,3491
2021-12-01,-2.2,11.19,0,3417
2021-12-02,-1.7,10.92,0,3339
2021-12-06,1,10.57,0,3206
2021-12-07,2.1,9.6,0,3195
2021-12-08,1.1,10.84,0,3169
2021-12-09,1.5,6.03,0,3135
2021-12-10,4.5,2.31,0,3111
2021-12-13,-5.2,11.33,0,3046
2021-12-14,-0.7,4.92,0,3038
2021-12-15,2.9,3.5,0,3046
2021-12-16,2.4,5.26,0,3044
2021-12-17,-4.4,6.96,0.3,3041
2021-12-20,2.8,7.75,2.2,3133
2021-12-21,3.8,8.02,0.4,3205
2021-12-22,-1.5,10.43,0,3306
2021-12-23,-1.9,9.3,0,3424
2021-12-24,-0.7,3.95,0,3560
2021-12-27,-9.4,8.32,0,3923
2021-12-28,-4.8,2.88,0,4062
2021-12-29,-1.5,4.84,0,4089
2021-12-30,-4,7.46,0,4182
2021-12-31,-7.8,11.1,0,4305
