备盒,乞闭
01岿 02老,400
01岿 03老,410
01岿 04老,470
01岿 07老,450
01岿 08老,410
01岿 09老,370
01岿 10老,375
01岿 11老,375
01岿 14老,357
01岿 15老,360
01岿 16老,358
01岿 17老,358
01岿 18老,368
01岿 21老,378
01岿 22老,390
01岿 23老,405
01岿 24老,400
01岿 25老,405
01岿 28老,405
01岿 29老,440
01岿 30老,440
01岿 31老,440
02岿 01老,430
02岿 07老,430
02岿 08老,394
02岿 11老,406
02岿 12老,406
02岿 13老,416
02岿 14老,406
02岿 15老,405
02岿 18老,410
02岿 19老,440
02岿 20老,415
02岿 21老,415
02岿 22老,418
02岿 25老,433
02岿 26老,418
02岿 27老,408
02岿 28老,408
03岿 04老,410
03岿 05老,380
03岿 06老,380
03岿 07老,380
03岿 08老,390
03岿 11老,385
03岿 12老,410
03岿 13老,412
03岿 14老,412
03岿 15老,390
03岿 18老,380
03岿 19老,370
03岿 20老,360
03岿 21老,360
03岿 22老,360
03岿 25老,360
03岿 26老,360
03岿 27老,360
03岿 28老,360
03岿 29老,360
04岿 01老,385
04岿 02老,395
04岿 03老,378
04岿 04老,357
04岿 05老,363
04岿 08老,358
04岿 09老,358
04岿 10老,358
04岿 11老,388
04岿 12老,428
04岿 15老,428
04岿 16老,410
04岿 17老,405
04岿 18老,405
04岿 19老,414
04岿 22老,414
04岿 23老,414
04岿 24老,419
04岿 25老,410
04岿 26老,455
04岿 29老,485
04岿 30老,480
05岿 02老,488
05岿 03老,485
05岿 07老,503
05岿 08老,488
05岿 09老,485
05岿 10老,478
05岿 13老,478
05岿 14老,458
05岿 15老,465
05岿 16老,460
05岿 17老,460
05岿 20老,449
05岿 21老,415
05岿 22老,402
05岿 23老,415
05岿 24老,412
05岿 27老,438
05岿 28老,429
05岿 29老,433
05岿 30老,433
05岿 31老,433
06岿 03老,400
06岿 04老,430
06岿 05老,430
06岿 07老,487
06岿 10老,487
06岿 11老,487
06岿 12老,490
06岿 13老,470
06岿 14老,470
06岿 17老,430
06岿 18老,430
06岿 19老,430
06岿 20老,430
06岿 21老,445
06岿 24老,460
06岿 25老,460
06岿 26老,440
06岿 27老,490
06岿 28老,510
07岿 01老,460
07岿 02老,460
07岿 03老,450
07岿 04老,440
07岿 05老,440
07岿 08老,460
07岿 09老,480
07岿 10老,510
07岿 11老,640
07岿 12老,595
07岿 15老,500
07岿 16老,490
07岿 17老,465
07岿 18老,440
07岿 19老,460
07岿 22老,520
07岿 23老,450
07岿 24老,440
07岿 25老,410
07岿 26老,400
07岿 29老,398
07岿 30老,380
07岿 31老,380
08岿 01老,405
08岿 02老,465
08岿 05老,445
08岿 06老,410
08岿 07老,420
08岿 08老,430
08岿 09老,410
08岿 12老,440
08岿 13老,430
08岿 14老,440
08岿 16老,440
08岿 19老,480
08岿 20老,495
08岿 21老,495
08岿 22老,515
08岿 23老,520
08岿 26老,510
08岿 27老,500
08岿 28老,510
08岿 29老,520
08岿 30老,540
09岿 02老,560
09岿 03老,560
09岿 04老,640
09岿 05老,730
09岿 06老,700
09岿 09老,670
09岿 10老,650
09岿 11老,670
09岿 16老,640
09岿 17老,620
09岿 18老,620
09岿 19老,620
09岿 20老,655
09岿 23老,690
09岿 24老,715
09岿 25老,695
09岿 26老,690
09岿 27老,640
09岿 30老,740
10岿 01老,860
10岿 02老,920
10岿 04老,"1,160"
10岿 07老,"1,050"
10岿 08老,"1,050"
10岿 10老,955
10岿 11老,910
10岿 14老,940
10岿 15老,940
10岿 16老,"1,060"
10岿 17老,"1,010"
10岿 18老,990
10岿 21老,"1,060"
10岿 22老,"1,070"
10岿 23老,"1,050"
10岿 24老,"1,100"
10岿 25老,"1,110"
10岿 28老,"1,055"
10岿 29老,"1,030"
10岿 30老,"1,050"
10岿 31老,"1,085"
11岿 01老,"1,040"
11岿 04老,"1,045"
11岿 05老,"1,010"
11岿 06老,"1,040"
11岿 07老,"1,030"
11岿 08老,"1,025"
11岿 11老,995
11岿 12老,995
11岿 13老,980
11岿 14老,990
11岿 15老,"1,030"
11岿 18老,"1,070"
11岿 19老,"1,070"
11岿 20老,"1,070"
11岿 21老,"1,050"
11岿 22老,"1,060"
11岿 25老,"1,030"
11岿 26老,"1,020"
11岿 27老,"1,000"
11岿 28老,"1,000"
11岿 29老,"1,000"
12岿 02老,"1,050"
12岿 03老,"1,070"
12岿 04老,"1,070"
12岿 05老,"1,090"
12岿 09老,"1,200"
12岿 10老,"1,300"
12岿 11老,"1,370"
12岿 12老,"1,370"
12岿 13老,"1,310"
12岿 16老,"1,330"
12岿 17老,"1,390"
12岿 18老,"1,350"
12岿 19老,"1,300"
12岿 20老,"1,280"
12岿 23老,"1,335"
12岿 24老,"1,330"
12岿 26老,"1,295"
12岿 27老,"1,270"
12岿 30老,"1,289"
12岿 31老,"1,330"
