date,gangsu,ondo,snow,price
2015-01-02,0.8,-5.2,1,445
2015-01-05,9.8,2.5,0,450
2015-01-06,5.1,1.6,0,450
2015-01-07,0,-3.9,0,450
2015-01-08,0,-3.5,0,450
2015-01-09,0,-0.8,0,450
2015-01-12,0,-2.3,0,450
2015-01-13,0,0.2,0,450
2015-01-14,0,1.9,0,450
2015-01-15,0,0.8,0,430
2015-01-16,1.5,-0.8,0,430
2015-01-19,0.8,1.9,0,430
2015-01-20,0,-0.2,0,430
2015-01-21,4.7,1.7,0,430
2015-01-22,0,2.6,0,430
2015-01-23,0,0.9,0,430
2015-01-26,1.9,5.8,0,430
2015-01-27,0,-0.3,0,440
2015-01-28,0,-3.1,0,440
2015-01-29,5.7,-1.1,0.5,440
2015-01-30,0.9,-1.3,0.8,440
2015-02-02,0,-0.6,0,440
2015-02-03,0,-0.5,0,450
2015-02-04,0,-0.8,0,450
2015-02-05,0,-0.7,0,450
2015-02-06,0,1,0,450
2015-02-09,0,-5.2,0,450
2015-02-10,0,1.4,0,450
2015-02-11,0,3.2,0,450
2015-02-12,0,-0.1,0,520
2015-02-13,0,-2.7,0,530
2015-02-16,1.8,5.1,0,530
2015-02-17,0,3,0,530
2015-02-23,0,2.4,0,500
2015-02-24,0,2.5,0,500
2015-02-25,0,3.2,0,510
2015-02-26,0,2.4,0,510
2015-02-27,0,-1.2,0,500
2015-03-02,0,2.1,0,490
2015-03-03,2.6,2,0,490
2015-03-04,0,-1.1,0,480
2015-03-05,0,0.2,0,480
2015-03-06,0,3.2,0,480
2015-03-09,0,3.4,0,480
2015-03-10,0.5,-2.9,0,480
2015-03-11,0,1.2,0,480
2015-03-12,0,2.8,0,480
2015-03-13,2.3,2.2,0,480
2015-03-16,0,9.2,0,480
2015-03-17,0,11.6,0,480
2015-03-18,23.1,9.8,0,480
2015-03-19,0.6,13.5,0,490
2015-03-20,0,13.4,0,490
2015-03-23,0,3.2,0,490
2015-03-24,0,3,0,490
2015-03-25,0,4.7,0,490
2015-03-26,0,6.7,0,510
2015-03-27,0,7.2,0,510
2015-03-30,0,13.1,0,500
2015-03-31,1.3,11.8,0,500
2015-04-01,0,14.2,0,500
2015-04-02,0.6,14.4,0,500
2015-04-03,8.9,12.4,0,500
2015-04-06,4,10.5,0,500
2015-04-07,0,7.9,0,500
2015-04-08,0,9.1,0,520
2015-04-09,0,10.1,0,540
2015-04-10,0,10.4,0,530
2015-04-13,0.4,10.3,0,510
2015-04-14,11.4,7.8,0,520
2015-04-15,0.6,10.8,0,470
2015-04-16,1.8,9,0,470
2015-04-17,0,9.6,0,470
2015-04-20,17.7,12.7,0,470
2015-04-21,0,12.7,0,470
2015-04-22,0,12.4,0,470
2015-04-23,0,12.4,0,470
2015-04-24,0,13.7,0,470
2015-04-27,0,16.9,0,460
2015-04-28,9,15.2,0,460
2015-04-29,35.1,15.8,0,450
2015-04-30,0.1,18.6,0,450
2015-05-04,0,14.3,0,510
2015-05-06,0,14.1,0,490
2015-05-07,0,15.6,0,490
2015-05-08,0,15.8,0,490
2015-05-11,4.6,17,0,500
2015-05-12,9,15.3,0,490
2015-05-13,0,19,0,490
2015-05-14,0,20.9,0,490
2015-05-15,1,21,0,490
2015-05-18,2.6,13.8,0,500
2015-05-19,0,17.9,0,520
2015-05-20,0,15.4,0,520
2015-05-21,0,16.5,0,520
2015-05-22,0,19.1,0,540
2015-05-26,0,20.8,0,560
2015-05-27,0,21.8,0,580
2015-05-28,0,22.1,0,620
2015-05-29,0,22.1,0,650
2015-06-01,0,22.3,0,670
2015-06-02,0,19.8,0,700
2015-06-03,0,20.6,0,700
2015-06-04,0,20.4,0,715
2015-06-05,2.3,16.4,0,710
2015-06-08,10,18.2,0,705
2015-06-09,0,21.2,0,705
2015-06-10,0,22.5,0,695
2015-06-11,0,21.6,0,667
2015-06-12,0,23.9,0,660
2015-06-15,0,22.6,0,680
2015-06-16,0,22.7,0,730
2015-06-17,0,20.3,0,710
2015-06-18,0,23.3,0,690
2015-06-19,0,22.9,0,690
2015-06-22,0,21.4,0,680
2015-06-23,0,23.1,0,610
2015-06-24,0,21.8,0,610
2015-06-25,18.8,21.3,0,630
2015-06-26,13.6,20.3,0,650
2015-06-29,0,23.4,0,700
2015-06-30,21.3,19.1,0,730
2015-07-01,0.4,21.5,0,800
2015-07-02,0,21.8,0,830
2015-07-03,0,21.8,0,830
2015-07-06,0,21.9,0,830
2015-07-07,20.2,19,0,910
2015-07-08,16.7,20.6,0,970
2015-07-09,23.5,22.9,0,1010
2015-07-10,0,26.1,0,1010
2015-07-13,0.1,23.4,0,1060
2015-07-14,3.5,24.9,0,1050
2015-07-15,0.2,24.7,0,990
2015-07-16,0,24.2,0,950
2015-07-17,0,22.4,0,910
2015-07-20,0,25.6,0,900
2015-07-21,0.5,25,0,900
2015-07-22,2.5,26.4,0,900
2015-07-23,10.6,25.1,0,870
2015-07-24,0.1,25.8,0,870
2015-07-27,8.4,25.5,0,820
2015-07-28,0.6,25.8,0,830
2015-07-29,0,27.5,0,830
2015-07-30,0,28.7,0,860
2015-07-31,0,28,0,820
2015-08-03,0,27.4,0,760
2015-08-04,0,26.8,0,750
2015-08-05,0,26.8,0,740
2015-08-06,0,28.5,0,680
2015-08-07,0,28,0,693
2015-08-10,0,25.4,0,718
2015-08-11,16.1,22.5,0,713
2015-08-12,0.7,22.8,0,715
2015-08-13,0,24,0,711
2015-08-17,0,25.6,0,690
2015-08-18,0,23.7,0,650
2015-08-19,0,24.6,0,600
2015-08-20,8.1,22.3,0,600
2015-08-21,44.1,22.9,0,600
2015-08-24,0,23.6,0,610
2015-08-25,12.9,21.1,0,630
2015-08-26,0,21.9,0,710
2015-08-27,0,20.8,0,660
2015-08-28,0,22.4,0,600
2015-08-31,0,23.1,0,540
2015-09-01,0,23.1,0,490
2015-09-02,17.8,21.8,0,500
2015-09-03,0.1,21.3,0,495
2015-09-04,0,23.1,0,480
2015-09-07,0,21.2,0,490
2015-09-08,0,19.6,0,480
2015-09-09,0,19.7,0,470
2015-09-10,0,19.8,0,470
2015-09-11,0,20.5,0,460
2015-09-14,0,17.7,0,400
2015-09-15,0,18.4,0,400
2015-09-16,0,19,0,390
2015-09-17,0,20.6,0,390
2015-09-18,0,20.7,0,380
2015-09-21,0,20.7,0,410
2015-09-22,0,20.3,0,420
2015-09-23,17.4,17.5,0,470
2015-09-24,0,20.3,0,510
2015-09-25,0,20.3,0,510
2015-09-30,0,19,0,500
2015-10-01,67.2,17.8,0,490
2015-10-02,0,14.3,0,520
2015-10-05,0,16.9,0,480
2015-10-06,0,16.5,0,480
2015-10-07,0,16.3,0,430
2015-10-08,0,16.7,0,420
2015-10-12,4.4,13.2,0,420
2015-10-13,0,13.7,0,430
2015-10-14,0,14.9,0,430
2015-10-15,0,15.6,0,425
2015-10-16,0,15.3,0,425
2015-10-19,0,15.5,0,415
2015-10-20,0,16.4,0,400
2015-10-21,0,16.8,0,395
2015-10-22,0,16,0,395
2015-10-23,0,16.1,0,385
2015-10-26,0,14.4,0,410
2015-10-27,24.1,12.4,0,410
2015-10-28,0,10.2,0,415
2015-10-29,0,10.1,0,425
2015-10-30,0,7.7,0,445
2015-11-02,0,7.7,0,455
2015-11-03,0,9.7,0,445
2015-11-04,0,9.4,0,428
2015-11-05,0,12.4,0,428
2015-11-06,2.9,13.7,0,428
2015-11-09,1.7,13.5,0,433
2015-11-10,0,10.5,0,438
2015-11-11,0,10,0,450
2015-11-12,0,13,0,450
2015-11-13,14.2,12.5,0,460
2015-11-16,12.1,11.4,0,440
2015-11-17,0.3,15.3,0,440
2015-11-18,3.1,12.7,0,430
2015-11-19,0.3,10.8,0,435
2015-11-20,0,11.4,0,445
2015-11-23,0.8,11.8,0,445
2015-11-24,0,10.1,0,455
2015-11-25,6.3,6.5,0,500
2015-11-26,20.9,-0.1,18.5,500
2015-11-27,1.4,-0.1,1.5,510
2015-11-30,2.1,5.9,0,500
2015-12-01,0,4,0,490
2015-12-02,8.3,6.8,0,490
2015-12-03,2.4,3.2,3,490
2015-12-07,0,1.7,2.3,460
2015-12-08,0,2.5,0,460
2015-12-09,0,5.6,0,460
2015-12-10,16.9,9.6,0,450
2015-12-11,2.9,7.3,0,440
2015-12-14,2.2,8.5,0,450
2015-12-15,0.8,7.4,0,470
2015-12-16,4.6,1.5,6,475
2015-12-17,0,-2.7,0,475
2015-12-18,0,-1.1,0,475
2015-12-21,1.8,4.1,0,445
2015-12-22,0,4.1,0,445
2015-12-23,1.9,6.8,0,440
2015-12-24,0,4.3,0,440
2015-12-28,0,-2.6,0,440
2015-12-29,0,-1.8,0,440
2015-12-30,0,-0.5,0,455
2015-12-31,0.5,1,0,460
2016-01-04,0,4.2,0,460
2016-01-05,0,0.4,0,470
2016-01-06,0,0.6,0,470
2016-01-07,0,1.2,0,470
2016-01-08,0,-0.2,0,460
2016-01-11,0,-0.3,0,460
2016-01-12,0,-2.2,0,450
2016-01-13,1,-1.6,3.7,450
2016-01-14,0,-1.2,0.1,430
2016-01-15,0,-0.1,0,430
2016-01-18,2.5,-1.8,5,440
2016-01-19,1,-7.2,3.8,450
2016-01-20,0,-7.4,0,480
2016-01-21,0,-5.6,0,500
2016-01-22,0,-5.5,8.8,530
2016-01-25,0,-8.6,5,680
2016-01-26,0,-2.2,0,690
2016-01-27,0,-0.9,0,680
2016-01-28,8.5,0.8,0,700
2016-01-29,6.5,3.9,0,880
2016-02-01,0,-3.5,0,970
2016-02-02,0,-4.1,0,980
2016-02-03,0,-2.7,0,930
2016-02-04,0,-1.6,0,890
2016-02-05,0,-1.7,0,820
2016-02-11,0,8.7,0,670
2016-02-12,25,11.7,0,590
2016-02-15,0,-3.2,1.2,580
2016-02-16,1,-0.5,4.2,610
2016-02-17,0.5,0.3,1.2,600
2016-02-18,0,2.1,0,590
2016-02-19,0,4.2,0,590
2016-02-22,0,2.1,0,570
2016-02-23,0,2.7,0,550
2016-02-24,0,-2.1,0,560
2016-02-25,0,-1.6,0,580
2016-02-26,0.5,0.2,0,580
2016-03-02,0,1.8,0,710
2016-03-03,0,6.9,0,800
2016-03-04,32.5,9.4,0,790
2016-03-07,0,10.3,0,780
2016-03-08,4.5,6.1,0,770
2016-03-09,0,3.2,0,770
2016-03-10,0,0.5,0,750
2016-03-11,0,-0.3,0,740
2016-03-14,0,3.2,0,720
2016-03-15,0,5.6,0,720
2016-03-16,0,7.9,0,760
2016-03-17,0,9.6,0,740
2016-03-18,5.5,11.6,0,740
2016-03-21,0,9.3,0,740
2016-03-22,0,8.5,0,750
2016-03-23,0,7.4,0,730
2016-03-24,0,5.5,0,730
2016-03-25,0,5.5,0,730
2016-03-28,0,8.2,0,740
2016-03-29,0,10.2,0,780
2016-03-30,0,13.4,0,810
2016-03-31,0,12.5,0,830
2016-04-01,0,13.8,0,840
2016-04-04,1,12.4,0,880
2016-04-05,0,11.9,0,960
2016-04-06,33,10.9,0,970
2016-04-07,24.5,12,0,1020
2016-04-08,0,13.8,0,1020
2016-04-11,0,13.6,0,1030
2016-04-12,0,14.2,0,1000
2016-04-14,0,16.3,0,990
2016-04-15,0,14.6,0,990
2016-04-18,0,12.6,0,990
2016-04-19,0,12.5,0,940
2016-04-20,0.1,14.5,0,930
2016-04-21,33.4,14.2,0,900
2016-04-22,0,18,0,870
2016-04-25,0,16.7,0,890
2016-04-26,3.6,17.7,0,930
2016-04-27,25.8,12.9,0,970
2016-04-28,4.5,13.7,0,1000
2016-04-29,0,14.2,0,1070
2016-05-02,0.7,18.3,0,1090
2016-05-03,10.7,15.4,0,1080
2016-05-04,0,15.2,0,1070
2016-05-09,0,17.5,0,1050
2016-05-10,22,14.2,0,1050
2016-05-11,0.2,17.1,0,1050
2016-05-12,0,19.1,0,1040
2016-05-13,0,17,0,990
2016-05-16,17.4,13.6,0,950
2016-05-17,0,17,0,920
2016-05-18,0,20.6,0,910
2016-05-19,0,19.9,0,850
2016-05-20,0,20.2,0,830
2016-05-23,0,21.8,0,730
2016-05-24,26.6,17.7,0,730
2016-05-25,0,18.4,0,730
2016-05-26,0,20.7,0,685
2016-05-27,0,22.8,0,660
2016-05-30,0,20.8,0,665
2016-05-31,0,21.1,0,640
2016-06-01,0,21.9,0,625
2016-06-02,0,21.5,0,600
2016-06-03,0,21.6,0,575
2016-06-07,0,21.4,0,575
2016-06-08,0,21.8,0,570
2016-06-09,0,22.9,0,550
2016-06-10,0,23.4,0,530
2016-06-13,0,24,0,520
2016-06-14,0,23.3,0,510
2016-06-15,13.8,21.5,0,510
2016-06-16,0,21.6,0,530
2016-06-17,0,22.7,0,550
2016-06-20,6.3,21.9,0,550
2016-06-21,0.2,24.6,0,560
2016-06-22,4.9,22.2,0,610
2016-06-23,0,24.8,0,700
2016-06-24,41.5,21.6,0,660
2016-06-27,0,21.1,0,620
2016-06-28,0,22.2,0,560
2016-06-29,0.3,22.4,0,550
2016-06-30,0,24.3,0,550
2016-07-01,31.9,24.8,0,570
2016-07-04,1,25.1,0,700
2016-07-05,38.4,27.5,0,720
2016-07-06,81.5,26.1,0,700
2016-07-07,0,25.4,0,710
2016-07-08,0,25.3,0,670
2016-07-11,0.4,25.1,0,570
2016-07-12,8.1,24.8,0,560
2016-07-13,0.1,25.8,0,570
2016-07-14,0,25.5,0,570
2016-07-15,0,25.6,0,580
2016-07-18,0,23.4,0,640
2016-07-19,5.6,24.7,0,590
2016-07-20,0,26,0,600
2016-07-21,0,26.1,0,610
2016-07-22,0,26.2,0,610
2016-07-25,0,28.9,0,610
2016-07-26,0,29.2,0,650
2016-07-27,5,28.1,0,630
2016-07-28,5.5,28.1,0,630
2016-07-29,0,29.1,0,610
2016-08-01,0,28.3,0,585
2016-08-02,0.3,26.7,0,595
2016-08-03,0,26.5,0,595
2016-08-04,0,28.2,0,600
2016-08-05,0,28.4,0,625
2016-08-08,51.1,26.3,0,625
2016-08-09,1.4,27.1,0,640
2016-08-10,0,28.6,0,635
2016-08-11,0,29.3,0,700
2016-08-12,0,29.3,0,670
2016-08-16,0,28.1,0,720
2016-08-17,0,27.5,0,780
2016-08-18,0,27.9,0,780
2016-08-19,0,27.7,0,810
2016-08-22,0,28.4,0,850
2016-08-23,13.1,27.4,0,860
2016-08-24,0,27.6,0,890
2016-08-25,0,26.6,0,950
2016-08-26,8.9,21.8,0,980
2016-08-29,0,19.9,0,1060
2016-08-30,0.1,20.1,0,1150
2016-08-31,0.4,23.5,0,1260
2016-09-01,0,25.5,0,1440
2016-09-02,20.4,20.1,0,1350
2016-09-05,0,24.9,0,1280
2016-09-06,0,22.8,0,1220
2016-09-07,1.1,22.4,0,1140
2016-09-08,0,22.3,0,1130
2016-09-09,0,22.3,0,1110
2016-09-12,6.3,21.1,0,1160
2016-09-13,0,22.3,0,1300
2016-09-19,0,20.7,0,1090
2016-09-20,0,19.7,0,1190
2016-09-21,0,18.8,0,1140
2016-09-22,0,20,0,1120
2016-09-23,0,20.8,0,1090
2016-09-26,2.8,22.6,0,1100
2016-09-27,11.8,24.6,0,1150
2016-09-28,5.6,21.2,0,1210
2016-09-29,1.7,19.4,0,1180
2016-09-30,18.5,17.6,0,1150
2016-10-04,0.1,21.8,0,1300
2016-10-05,63.8,19.2,0,1390
2016-10-06,0,18.3,0,1500
2016-10-07,5.3,16.9,0,1550
2016-10-10,0,13.2,0,1590
2016-10-11,0,14,0,1460
2016-10-12,0,14.4,0,1390
2016-10-13,0,14,0,1360
2016-10-14,0,14.9,0,1310
2016-10-17,1.5,17.7,0,1310
2016-10-18,0,16.7,0,1270
2016-10-19,0,15.9,0,1240
2016-10-20,0,16.1,0,1250
2016-10-21,0,17.1,0,1270
2016-10-24,0,15.6,0,1250
2016-10-25,10.3,15.3,0,1250
2016-10-26,0,14.1,0,1270
2016-10-27,0,13.7,0,1300
2016-10-28,3.4,13.7,0,1300
2016-10-31,0.1,8.1,0,1000
2016-11-01,0,4.7,0,900
2016-11-02,0,4.8,0,895
2016-11-03,0.1,7.3,0,860
2016-11-04,0,7.8,0,855
2016-11-07,0,14.2,0,855
2016-11-08,0.8,8.2,0,840
2016-11-09,0,3.8,0,860
2016-11-10,2.9,7.2,0,840
2016-11-11,0.6,8.4,0,840
2016-11-14,0.1,15,0,870
2016-11-15,0,9.6,0,880
2016-11-16,0,5.2,0,880
2016-11-17,0,9.6,0,900
2016-11-18,5,9.7,0,890
2016-11-21,0,11.2,0,920
2016-11-22,0,6.5,0,940
2016-11-23,0,2.6,0,930
2016-11-24,0,0.5,0,910
2016-11-25,0,2.2,0,910
2016-11-28,0,3.5,0,910
2016-11-29,0,2.3,0,910
2016-11-30,3.6,4.1,0,1000
2016-12-01,0.6,4.9,0,1050
2016-12-05,0,7.5,0,1140
2016-12-06,0,1.6,0,1110
2016-12-07,0.2,-1.8,0,1170
2016-12-08,0.2,2.1,0,1170
2016-12-09,2,4,0,1200
2016-12-12,0,3.2,0,1210
2016-12-13,0,6.2,0,1230
2016-12-14,0,-0.1,0,1270
2016-12-15,0,-1.8,0,1375
2016-12-16,0,-2.6,0,1390
2016-12-19,3.9,7.5,0,1365
2016-12-20,0,8.6,0,1375
2016-12-21,11.3,9.1,0,1435
2016-12-22,12.2,8.4,0,1420
2016-12-23,3.3,1.3,0.2,1450
2016-12-26,12.5,4.8,0,1340
2016-12-27,0,1,0,1290
2016-12-28,0,-2.3,0,1255
2016-12-29,0.3,-2.9,0.3,1255
2016-12-30,0,-2.8,0,1200
2017-01-02,0.4,4,0,1190
2017-01-03,0,2.2,0,1250
2017-01-04,0,1.5,0,1260
2017-01-05,0.1,4.4,0,1260
2017-01-06,0,6.8,0,1190
2017-01-09,0.3,3.3,0,1130
2017-01-10,0,0.5,0,1130
2017-01-11,0,-1.9,0,1070
2017-01-12,0.2,-0.3,0,1000
2017-01-13,1.1,-3.1,0,970
2017-01-16,0,-4.3,0,970
2017-01-17,0,-2.4,0,990
2017-01-18,0,0.3,0,996
2017-01-19,0,-0.4,0,1040
2017-01-20,5.7,-2.6,2.5,1040
2017-01-23,0,-7.4,3.5,990
2017-01-24,0,-4.9,0,990
2017-01-25,0,-4.7,0,990
2017-01-26,0,-2.6,0,990
2017-01-31,0,-2.9,0,970
2017-02-01,0,-1.5,0,1000
2017-02-02,0,-2.6,0,1040
2017-02-03,0,0.6,0,1040
2017-02-06,0,0.3,0,1010
2017-02-07,0,-0.2,0,1000
2017-02-08,0.3,0.5,0,1000
2017-02-09,0.6,-2.6,0,980
2017-02-10,0.9,-4.7,0,970
2017-02-13,0,0.9,0,980
2017-02-14,0,1.8,0,960
2017-02-15,0,1.9,0,960
2017-02-16,3.3,6.3,0,950
2017-02-17,0.4,4.9,0,870
2017-02-20,12.4,2.8,0,920
2017-02-21,0,0.8,0,860
2017-02-22,29,4.7,0,850
2017-02-23,0,0.4,0,840
2017-02-24,0,-0.8,0,840
2017-02-27,0,3.3,0,940
2017-02-28,0,4,0,940
2017-03-02,2.5,1.1,0,940
2017-03-03,0,2.8,0,910
2017-03-06,0,2,0,890
2017-03-07,0.9,-1.5,3.5,890
2017-03-08,0.4,0.6,0.6,880
2017-03-09,0,4.6,0,830
2017-03-10,0,4.6,0,830
2017-03-13,0,7.4,0,790
2017-03-14,0,4.2,0,830
2017-03-15,0,4,0,800
2017-03-16,0,4.7,0,810
2017-03-17,0,6.4,0,790
2017-03-20,5.8,7.1,0,790
2017-03-21,2.2,6,0,830
2017-03-22,0,5.8,0,800
2017-03-23,0,8,0,780
2017-03-24,0,7.7,0,810
2017-03-27,0.8,4.5,0,830
2017-03-28,1.8,6.4,0,850
2017-03-29,1.5,7,0,870
2017-03-30,0,11.1,0,850
2017-03-31,0.7,9.9,0,830
2017-04-03,0,9.1,0,770
2017-04-04,0,13,0,760
2017-04-05,17.1,13.4,0,750
2017-04-06,14,14.2,0,790
2017-04-07,0,14.7,0,800
2017-04-10,0,14.9,0,800
2017-04-11,13.1,11.3,0,790
2017-04-12,0,10.3,0,790
2017-04-13,0,10.9,0,790
2017-04-14,0.4,13.5,0,810
2017-04-17,10.5,13.8,0,790
2017-04-18,0.5,13.4,0,770
2017-04-19,0,11.6,0,800
2017-04-20,0.7,10.9,0,840
2017-04-21,0,12.6,0,810
2017-04-24,0,14.9,0,740
2017-04-25,5.4,16.8,0,780
2017-04-26,1.1,14.4,0,800
2017-04-27,0,11.2,0,810
2017-04-28,0,13.9,0,820
2017-05-02,0,17.7,0,810
2017-05-04,0.4,19.1,0,860
2017-05-08,0,16.7,0,860
2017-05-10,1.4,14.5,0,860
2017-05-11,1.9,18.8,0,880
2017-05-12,0.4,16.9,0,890
2017-05-15,0,14.4,0,850
2017-05-16,0,15.3,0,850
2017-05-17,0,16.9,0,850
2017-05-18,0,18.9,0,850
2017-05-19,0,19.8,0,820
2017-05-22,0,20.7,0,760
2017-05-23,0,20.2,0,760
2017-05-24,2.2,20.4,0,760
2017-05-25,0,18.7,0,720
2017-05-26,0,14.6,0,670
2017-05-29,0,22.8,0,610
2017-05-30,0,21.9,0,620
2017-05-31,0.1,20.9,0,630
2017-06-01,0,20.7,0,640
2017-06-02,0,18.6,0,640
2017-06-05,0,20.8,0,660
2017-06-07,0.6,18.2,0,640
2017-06-08,0,19.4,0,640
2017-06-09,0,20.8,0,640
2017-06-12,0,21.1,0,570
2017-06-13,3.4,18.8,0,590
2017-06-14,0,19.8,0,590
2017-06-15,0,21.3,0,580
2017-06-16,0,23.5,0,560
2017-06-19,0,24.2,0,630
2017-06-20,0,22,0,610
2017-06-21,0,23.7,0,570
2017-06-22,0,24.6,0,590
2017-06-23,0,25.3,0,640
2017-06-26,0,23.6,0,590
2017-06-27,0,23.8,0,640
2017-06-28,0.1,24.8,0,650
2017-06-29,0.6,24,0,630
2017-06-30,11.3,23.9,0,590
2017-07-03,6.4,26.7,0,640
2017-07-04,7.3,25.5,0,620
2017-07-05,0,26.9,0,630
2017-07-06,4.5,25.1,0,590
2017-07-07,1.8,26.2,0,580
2017-07-10,0.8,27.9,0,600
2017-07-11,0.7,26.8,0,620
2017-07-12,0,28.1,0,620
2017-07-13,0,27.3,0,620
2017-07-14,20.2,23.7,0,620
2017-07-17,8.1,25.2,0,700
2017-07-18,4.5,24.7,0,700
2017-07-19,0,27.6,0,710
2017-07-20,0,28.1,0,680
2017-07-21,0,29.4,0,700
2017-07-24,0,28.7,0,880
2017-07-25,18.1,27.9,0,860
2017-07-26,0,27.2,0,930
2017-07-27,0,27,0,930
2017-07-28,0,27.4,0,970
2017-07-31,12.8,24.9,0,930
2017-08-01,0,27.5,0,920
2017-08-02,0.2,27.2,0,1030
2017-08-03,0,27.2,0,1040
2017-08-04,0,28.8,0,1030
2017-08-07,0,28.2,0,1055
2017-08-08,0,27,0,1050
2017-08-09,14.6,25.5,0,1035
2017-08-10,0,26.7,0,1045
2017-08-11,0,26.6,0,1180
2017-08-14,21.2,22.5,0,1160
2017-08-16,0.3,25.9,0,1150
2017-08-17,0,26.2,0,1150
2017-08-18,0,25.1,0,1150
2017-08-21,67.7,23.9,0,1140
2017-08-22,20,25.3,0,1120
2017-08-23,0,27.3,0,1060
2017-08-24,0.6,27.9,0,1060
2017-08-25,3.5,26.3,0,1130
2017-08-28,0,24,0,1110
2017-08-29,25.2,22.6,0,1080
2017-08-30,0,19.2,0,1070
2017-08-31,0,20.8,0,1020
2017-09-01,0,22,0,990
2017-09-04,0,21.3,0,1060
2017-09-05,0.3,20.6,0,1030
2017-09-06,22.4,20.4,0,1010
2017-09-07,0.2,21,0,990
2017-09-08,0,21.4,0,980
2017-09-11,82.1,20.3,0,980
2017-09-12,0,21.7,0,1010
2017-09-13,0,19.5,0,950
2017-09-14,0,20.4,0,940
2017-09-15,0,20.9,0,910
2017-09-18,0,19.7,0,850
2017-09-19,0,21.5,0,810
2017-09-20,0,19.6,0,810
2017-09-21,0,17.9,0,790
2017-09-22,0,19.3,0,760
2017-09-25,0,21.2,0,720
2017-09-26,0,22.8,0,670
2017-09-27,12.6,19.2,0,670
2017-09-28,0,18.6,0,660
2017-09-29,0,14.7,0,650
2017-10-10,0,21.3,0,650
2017-10-11,4,17.5,0,650
2017-10-12,20.4,12.3,0,620
2017-10-13,0,12.7,0,610
2017-10-16,0,15.9,0,490
2017-10-17,0,15.1,0,440
2017-10-18,0,16.1,0,420
2017-10-19,0,16,0,430
2017-10-20,0,15.3,0,440
2017-10-23,0,12.8,0,433
2017-10-24,0,11.3,0,433
2017-10-25,0,10.7,0,423
2017-10-26,0,11.8,0,423
2017-10-27,0,13.9,0,423
2017-10-30,0,5.9,0,415
2017-10-31,0,7,0,405
2017-11-01,0,9.1,0,405
2017-11-02,0,11,0,405
2017-11-03,0.2,10.1,0,435
2017-11-06,0,8.8,0,455
2017-11-07,0,13.9,0,445
2017-11-08,0,12.6,0,445
2017-11-09,0,8.4,0,425
2017-11-10,0.1,11.2,0,425
2017-11-13,0,7,0,425
2017-11-14,0,7.5,0,415
2017-11-15,0,3.9,0,410
2017-11-16,0,3,0,420
2017-11-17,0,5.8,0,420
2017-11-20,0,3.2,0,420
2017-11-21,0,3,0,430
2017-11-22,0,4.3,0,430
2017-11-23,2.9,-0.1,3.8,430
2017-11-24,1.9,0.7,0.9,490
2017-11-27,0,3.5,0,480
2017-11-28,0,6.8,0,480
2017-11-29,0,7.5,0,470
2017-11-30,0,1.7,0,480
2017-12-04,0.3,1.7,0,450
2017-12-05,0,-2.3,0,435
2017-12-06,0,-0.7,0.8,435
2017-12-07,0.6,0.2,0,440
2017-12-08,0,-1.6,0,460
2017-12-11,0.8,-2.5,1,470
2017-12-12,0,-6.4,0,470
2017-12-13,0,-6.4,0,470
2017-12-14,0,-4.8,0,455
2017-12-15,0,-1.9,0,435
2017-12-18,0,-1.1,0,468
2017-12-19,0,-1.4,0,468
2017-12-20,0,-0.8,0,468
2017-12-21,0,-1.1,0,468
2017-12-22,0,-0.4,0,468
2017-12-26,0.2,-1.4,1.2,510
2017-12-27,0,-1.5,0,490
2017-12-28,0,-1.6,0,480
2017-12-29,0,3.1,0,480
2018-01-02,0,-0.7,0,432
2018-01-03,0,-1.9,0,459
2018-01-04,0,-1.7,0,468
2018-01-05,0,-0.4,0,468
2018-01-08,4,2,2.2,468
2018-01-09,4.5,-1.7,6.3,469
2018-01-10,5.6,-3.9,7.7,461
2018-01-11,0,-9.3,0.2,471
2018-01-12,0,-10.8,0,451
2018-01-15,0,2.9,0,440
2018-01-16,17.3,2.6,0,450
2018-01-17,5.2,4.1,0,450
2018-01-18,0,3.3,0,440
2018-01-19,0,-0.1,0,440
2018-01-22,3,3.4,0,440
2018-01-23,0,-5.5,0,440
2018-01-24,0,-9.8,0,440
2018-01-25,0,-9.4,0,440
2018-01-26,0,-10.2,0,440
2018-01-29,0,-5.7,0,480
2018-01-30,0,-6,0,525
2018-01-31,0,-2.8,0,575
2018-02-01,0,-2.2,0,575
2018-02-02,0,-4.3,0.1,670
2018-02-05,0,-8,0.2,830
2018-02-06,0,-8.1,0,930
2018-02-07,0.4,-7,0,950
2018-02-08,0,-3.7,0,970
2018-02-09,0,1.5,0,930
2018-02-12,0.9,-4.9,1.9,880
2018-02-13,0.7,-2,0.8,830
2018-02-14,0,4,0,820
2018-02-19,0,3.6,0,810
2018-02-20,0,2.6,0,810
2018-02-21,0,0.6,0,800
2018-02-22,0,-1,0,810
2018-02-23,0,3.1,0,810
2018-02-26,0,3.3,0,810
2018-02-27,0,5.4,0,820
2018-02-28,16,5.7,0,880
2018-03-02,0,1.4,0,980
2018-03-05,6.9,8.4,0,940
2018-03-06,0,7,0,910
2018-03-07,7.6,5.2,0,890
2018-03-08,17.6,3.1,0.2,900
2018-03-09,0,3.3,0,880
2018-03-12,0,7.9,0,950
2018-03-13,0,11.2,0,990
2018-03-14,0,14.6,0,880
2018-03-15,28,14.2,0,890
2018-03-16,0,6.8,0,900
2018-03-19,17.1,10.4,0,880
2018-03-20,0.8,5.9,0,890
2018-03-21,4.8,1.5,2,940
2018-03-22,0,4.8,0,1010
2018-03-23,0,5.3,0,970
2018-03-26,0,10.7,0,990
2018-03-27,0,12.6,0,990
2018-03-28,0,14,0,970
2018-03-29,0,15.6,0,920
2018-03-30,0,15.7,0,900
2018-04-02,0,17.3,0,890
2018-04-03,0,18.1,0,880
2018-04-04,8,14.1,0,880
2018-04-05,17.4,9.5,0,870
2018-04-06,24.9,8.3,0,910
2018-04-09,0,12.3,0,980
2018-04-10,0.1,14.5,0,980
2018-04-11,13.8,15,0,980
2018-04-12,0,11.1,0,950
2018-04-13,0,12.3,0,940
2018-04-16,0,10.4,0,940
2018-04-17,0,12.6,0,1010
2018-04-18,0,13.1,0,1010
2018-04-19,0,14.1,0,1000
2018-04-20,0,17.5,0,1010
2018-04-23,44.5,12.6,0,1070
2018-04-24,6.1,13,0,1070
2018-04-25,0,15.4,0,1170
2018-04-26,0,14.7,0,1230
2018-04-27,0,14.6,0,1240
2018-04-30,0,18.2,0,1270
2018-05-02,3.2,16.2,0,1310
2018-05-03,0,11,0,1290
2018-05-04,0,12.5,0,1340
2018-05-08,0,16,0,1330
2018-05-09,0,15.6,0,1260
2018-05-10,0,16.7,0,1260
2018-05-11,0,16.8,0,1260
2018-05-14,0,19.1,0,1225
2018-05-15,0,22.9,0,1285
2018-05-16,0.1,24.3,0,1280
2018-05-17,0,24.4,0,1270
2018-05-18,1.1,21.6,0,1210
2018-05-21,0,17.4,0,1125
2018-05-23,15.2,18.4,0,1030
2018-05-24,0,18.2,0,995
2018-05-25,0,18.9,0,955
2018-05-28,0,20.8,0,935
2018-05-29,0,23.3,0,935
2018-05-30,0,22,0,935
2018-05-31,0,19.7,0,940
2018-06-01,0,22.7,0,710
2018-06-04,0,22,0,690
2018-06-05,0,21.1,0,710
2018-06-07,0,24.7,0,730
2018-06-08,0,22.5,0,730
2018-06-11,26.4,18.8,0,710
2018-06-12,15.2,20.6,0,710
2018-06-14,0,22,0,656
2018-06-15,0,21.1,0,653
2018-06-18,0,24.2,0,620
2018-06-19,1.1,21.3,0,620
2018-06-20,0,22.9,0,630
2018-06-21,0,22.5,0,620
2018-06-22,0,23.6,0,620
2018-06-25,0,25.9,0,600
2018-06-26,2.8,24.8,0,650
2018-06-27,117.1,24.8,0,710
2018-06-28,49.5,22.4,0,720
2018-06-29,0.8,24.6,0,710
2018-07-02,28.2,24.7,0,730
2018-07-03,0.1,24.5,0,720
2018-07-04,0,26.4,0,690
2018-07-05,6.9,24.4,0,660
2018-07-06,0.7,22.7,0,630
2018-07-09,2.1,21.4,0,650
2018-07-10,0,26,0,660
2018-07-11,0,27.2,0,740
2018-07-12,0,27.9,0,720
2018-07-13,0,29.1,0,720
2018-07-16,0,28.5,0,790
2018-07-17,0,28.6,0,830
2018-07-18,0,28.9,0,870
2018-07-19,0,28.6,0,920
2018-07-20,0,29.4,0,960
2018-07-23,0,29,0,990
2018-07-24,0,29.9,0,980
2018-07-25,0,29.9,0,990
2018-07-26,0,30,0,1080
2018-07-27,0,30.8,0,1270
2018-07-30,0,29.4,0,1290
2018-07-31,0,29.2,0,1266
2018-08-01,0,30.2,0,1260
2018-08-02,0,30.1,0,1270
2018-08-03,0,29.2,0,1240
2018-08-06,0,29.7,0,1370
2018-08-07,90.7,28.1,0,1360
2018-08-08,0,29.6,0,1430
2018-08-09,0,29.1,0,1350
2018-08-10,1.8,28.6,0,1330
2018-08-13,0,29.3,0,1270
2018-08-14,0,29.6,0,1220
2018-08-16,0,26.9,0,1220
2018-08-17,0,25.3,0,1230
2018-08-20,0,26.6,0,1180
2018-08-21,0,27,0,1210
2018-08-22,0,28.9,0,1320
2018-08-23,32.3,25.7,0,1490
2018-08-24,8,25.9,0,1670
2018-08-27,97.5,23.2,0,1480
2018-08-28,0.5,26.9,0,1640
2018-08-29,0,26.9,0,1540
2018-08-30,8.9,25.8,0,1460
2018-08-31,37.8,24.1,0,1420
2018-09-03,4.2,24.8,0,1350
2018-09-04,48.5,23,0,1380
2018-09-05,0,22.1,0,1330
2018-09-06,0.1,21.7,0,1310
2018-09-07,10.3,20.5,0,1290
2018-09-10,0,20.9,0,1270
2018-09-11,0,20.2,0,1260
2018-09-12,0,21.9,0,1290
2018-09-13,0.9,21.8,0,1290
2018-09-14,1.3,22.8,0,1270
2018-09-17,0.2,21.9,0,1280
2018-09-18,0,20.9,0,1220
2018-09-19,0,20.2,0,1230
2018-09-20,0.7,21.1,0,1290
2018-09-21,20,19.9,0,1350
2018-09-27,0,18.5,0,1330
2018-09-28,0,18.6,0,1230
2018-10-01,0.7,15.4,0,1100
2018-10-02,0,15.4,0,980
2018-10-04,0.5,17.6,0,860
2018-10-05,30.6,18.6,0,940
2018-10-08,0,14.2,0,920
2018-10-10,3.8,12.7,0,860
2018-10-11,0,9.5,0,820
2018-10-12,0,9.7,0,820
2018-10-15,0,13.9,0,740
2018-10-16,0,12.3,0,740
2018-10-17,0,11.7,0,700
2018-10-18,0,10.3,0,740
2018-10-19,0,11.3,0,730
2018-10-22,0,12.8,0,670
2018-10-23,0.5,12.3,0,650
2018-10-24,0,11.5,0,620
2018-10-25,0,11.5,0,560
2018-10-26,7.3,11.9,0,520
2018-10-29,0.7,8.9,0,545
2018-10-30,0,7.6,0,530
2018-10-31,0,6.9,0,540
2018-11-01,0,6.7,0,525
2018-11-02,0,8,0,520
2018-11-05,0,9.8,0,510
2018-11-06,0,10.4,0,500
2018-11-07,3.6,12.2,0,490
2018-11-08,21.1,14.8,0,490
2018-11-09,0.3,11.1,0,490
2018-11-12,1.6,9.4,0,490
2018-11-13,0,7.5,0,470
2018-11-14,0,7.6,0,470
2018-11-15,0,7.7,0,470
2018-11-16,1.2,8.2,0,450
2018-11-19,0,6.3,0,440
2018-11-20,0,5.4,0,430
2018-11-21,0,5.1,0,390
2018-11-22,0,3.9,0,380
2018-11-23,0,2,0,420
2018-11-26,0,4.6,0,420
2018-11-27,0,7.1,0,385
2018-11-28,0,5.9,0,360
2018-11-29,0,5.2,0,350
2018-11-30,0,5.6,0,360
2018-12-03,7.7,13.9,0,410
2018-12-04,15.7,10.8,0,410
2018-12-05,0,4.2,0,410
2018-12-06,4.6,2.7,1,420
2018-12-10,0,-2.4,0,430
2018-12-11,1.5,-0.2,0,430
2018-12-12,0,-0.4,0,430
2018-12-13,0.1,0,0,420
2018-12-14,0,-1.9,0,400
2018-12-17,0.5,1.8,0,425
2018-12-18,0,1.5,0,425
2018-12-19,0,3.4,0,420
2018-12-20,0,4.8,0,395
2018-12-21,0,4.7,0,380
2018-12-24,0,-0.5,0,380
2018-12-26,0,2.7,0,375
2018-12-27,0,-4.7,0,380
2018-12-28,0,-6.8,0,380
2018-12-31,0,-4.4,0,380
2019-01-02,0,-3.7,0.1,400
2019-01-03,0,-2.7,0,410
2019-01-04,0,-1.7,0,470
2019-01-07,0,-1.7,0,450
2019-01-08,0,-1.5,0,410
2019-01-09,0,-3,0,370
2019-01-10,0,0.3,0,375
2019-01-11,0,1.5,0,375
2019-01-14,0,0.2,0,357
2019-01-15,0,0.5,0,360
2019-01-16,0,-4,0,358
2019-01-17,0,-0.4,0,358
2019-01-18,0,0.2,0,368
2019-01-21,0,-0.9,0,378
2019-01-22,0,0.5,0,390
2019-01-23,0,1.5,0,405
2019-01-24,0,-0.3,0,400
2019-01-25,0,-1.6,0,405
2019-01-28,0,0.8,0,405
2019-01-29,0,-0.7,0,440
2019-01-30,0,2.9,0,440
2019-01-31,10.5,-1.3,3.8,440
2019-02-01,0,-3.3,0,430
2019-02-07,0,1.7,0,430
2019-02-08,0,-1.6,0,394
2019-02-11,0,-1.5,0,406
2019-02-12,0,-0.4,0,406
2019-02-13,0,0.6,0,416
2019-02-14,0,1.4,0,406
2019-02-15,0,1.9,0,405
2019-02-18,0.4,1,0,410
2019-02-19,20.9,3.3,0,440
2019-02-20,0,2.1,0,415
2019-02-21,0,2.5,0,415
2019-02-22,0,3.3,0,418
2019-02-25,0,5.2,0,433
2019-02-26,0,4.8,0,418
2019-02-27,1.7,6.1,0,408
2019-02-28,0,6.8,0,408
2019-03-04,0,8.9,0,410
2019-03-05,0,7.2,0,380
2019-03-06,0,8.9,0,380
2019-03-07,0,6.1,0,380
2019-03-08,0,5.6,0,390
2019-03-11,2.5,4.4,0,385
2019-03-12,0.3,5.2,0,410
2019-03-13,0,2.4,0,412
2019-03-14,0,4.6,0,412
2019-03-15,4,4.6,0,390
2019-03-18,0,6.5,0,380
2019-03-19,0,9.6,0,370
2019-03-20,10.6,11.7,0,360
2019-03-21,0.9,8.7,0,360
2019-03-22,0,4.3,0,360
2019-03-25,0,5.3,0,360
2019-03-26,0,8.6,0,360
2019-03-27,0,11.8,0,360
2019-03-28,0,12.8,0,360
2019-03-29,0,11.1,0,360
2019-04-01,0.7,5,0,385
2019-04-02,0,5.9,0,395
2019-04-03,0,5.2,0,378
2019-04-04,0,8.5,0,357
2019-04-05,0,8.7,0,363
2019-04-08,0,13.4,0,358
2019-04-09,30.7,10.8,0,358
2019-04-10,1.4,7.8,0,358
2019-04-11,0,8.6,0,388
2019-04-12,0,9.9,0,428
2019-04-15,0,9.8,0,428
2019-04-16,0,13.3,0,410
2019-04-17,0,14.6,0,405
2019-04-18,0,15.4,0,405
2019-04-19,0,14.2,0,414
2019-04-22,0,18.8,0,414
2019-04-23,3.9,16.3,0,414
2019-04-24,0,17.3,0,419
2019-04-25,7.5,15.6,0,410
2019-04-26,1.1,9.4,0,455
2019-04-29,32.5,11.5,0,485
2019-04-30,0.3,16.3,0,480
2019-05-02,0,14,0,488
2019-05-03,0,16.2,0,485
2019-05-07,0,12.6,0,503
2019-05-08,0,13.4,0,488
2019-05-09,0,15.5,0,485
2019-05-10,0,17,0,478
2019-05-13,0,19.2,0,478
2019-05-14,0,21.6,0,458
2019-05-15,0,21.8,0,465
2019-05-16,0,22.1,0,460
2019-05-17,5.9,20.6,0,460
2019-05-20,2.9,15.6,0,449
2019-05-21,0,15.1,0,415
2019-05-22,0,18.2,0,402
2019-05-23,0,20.4,0,415
2019-05-24,0,22,0,412
2019-05-27,13.9,18.5,0,438
2019-05-28,0,16.1,0,429
2019-05-29,0,18.2,0,433
2019-05-30,0,19.2,0,433
2019-05-31,0.5,17.4,0,433
2019-06-03,0,22.3,0,400
2019-06-04,0,23.1,0,430
2019-06-05,0,23.7,0,430
2019-06-07,6.5,18.8,0,487
2019-06-10,6.2,18.4,0,487
2019-06-11,16.8,18,0,487
2019-06-12,0,20.3,0,490
2019-06-13,0,22.1,0,470
2019-06-14,13,19.3,0,470
2019-06-17,0,22.3,0,430
2019-06-18,0,21.3,0,430
2019-06-19,0,23.1,0,430
2019-06-20,0,23.3,0,430
2019-06-21,0,23.6,0,445
2019-06-24,0,23.3,0,460
2019-06-25,0,24.2,0,460
2019-06-26,40.9,19.9,0,440
2019-06-27,1.7,24.6,0,490
2019-06-28,0,25.3,0,510
2019-07-01,1.6,22.9,0,460
2019-07-02,0,23.5,0,460
2019-07-03,0,22,0,450
2019-07-04,0,24,0,440
2019-07-05,0,25.3,0,440
2019-07-08,0,23.3,0,460
2019-07-09,0,23.4,0,480
2019-07-10,26.1,20.7,0,510
2019-07-11,0.7,21,0,640
2019-07-12,0,22.5,0,595
2019-07-15,144.1,23.3,0,500
2019-07-16,22.8,23.1,0,490
2019-07-17,0.2,25,0,465
2019-07-18,12.9,23,0,440
2019-07-19,2.3,24.2,0,460
2019-07-22,0,26.9,0,520
2019-07-23,0.3,28.1,0,450
2019-07-24,0,26.9,0,440
2019-07-25,2.7,26.9,0,410
2019-07-26,1.8,26.9,0,400
2019-07-29,0,27.6,0,398
2019-07-30,0,27.8,0,380
2019-07-31,0,29.3,0,380
2019-08-01,0,28.7,0,405
2019-08-02,0,29,0,465
2019-08-05,0,28.7,0,445
2019-08-06,0.2,27.6,0,410
2019-08-07,1.2,28.2,0,420
2019-08-08,0.9,27.7,0,430
2019-08-09,0,28.5,0,410
2019-08-12,4.5,27.7,0,440
2019-08-13,0,28.9,0,430
2019-08-14,0,29.6,0,440
2019-08-16,4.8,25.5,0,440
2019-08-19,0,24.5,0,480
2019-08-20,0,25.9,0,495
2019-08-21,28,25.7,0,495
2019-08-22,53.2,25.9,0,515
2019-08-23,0,24.1,0,520
2019-08-26,0,24,0,510
2019-08-27,25.7,22.3,0,500
2019-08-28,1.1,23.5,0,510
2019-08-29,0,22.1,0,520
2019-08-30,0,22.2,0,540
2019-09-02,4.6,20.7,0,560
2019-09-03,20.5,22.3,0,560
2019-09-04,0.9,24,0,640
2019-09-05,0.3,24,0,730
2019-09-06,0.2,25.4,0,700
2019-09-09,3.8,24.8,0,670
2019-09-10,0,26,0,650
2019-09-11,6.3,25.7,0,670
2019-09-16,0,24,0,640
2019-09-17,0,21.9,0,620
2019-09-18,0,20.8,0,620
2019-09-19,0,18.7,0,620
2019-09-20,0,19.7,0,655
2019-09-23,0,18.7,0,690
2019-09-24,0,17.2,0,715
2019-09-25,0,17.5,0,695
2019-09-26,0,20.8,0,690
2019-09-27,0,22.4,0,640
2019-09-30,0,22.8,0,740
2019-10-01,58.9,20.1,0,860
2019-10-02,101.4,20.6,0,920
2019-10-04,0,22.7,0,1160
2019-10-07,8.5,15.8,0,1050
2019-10-08,0,15.2,0,1050
2019-10-10,0,14.9,0,955
2019-10-11,0,18.5,0,910
2019-10-14,0,14.6,0,940
2019-10-15,0,13.5,0,940
2019-10-16,0,13.9,0,1060
2019-10-17,0,14,0,1010
2019-10-18,0,16.2,0,990
2019-10-21,0,15.5,0,1060
2019-10-22,0,16.7,0,1070
2019-10-23,0,17.2,0,1050
2019-10-24,0,18.4,0,1100
2019-10-25,0,16.7,0,1110
2019-10-28,0,10,0,1055
2019-10-29,0.3,12.4,0,1030
2019-10-30,0,10.5,0,1050
2019-10-31,0,11.6,0,1085
2019-11-01,0,13.6,0,1040
2019-11-04,0,12,0,1045
2019-11-05,0,11,0,1010
2019-11-06,0,10.1,0,1040
2019-11-07,0,9.6,0,1030
2019-11-08,0,6.3,0,1025
2019-11-11,0.6,11.1,0,995
2019-11-12,0,9.5,0,995
2019-11-13,0,8.1,0,980
2019-11-14,0,4,0,990
2019-11-15,0,6.3,0,1030
2019-11-18,15.7,8.8,0,1070
2019-11-19,0,3.8,0,1070
2019-11-20,0,2.5,0,1070
2019-11-21,0,5.5,0,1050
2019-11-22,0,9.8,0,1060
2019-11-25,0,5.1,0,1030
2019-11-26,0,8.2,0,1020
2019-11-27,0,6.7,0,1000
2019-11-28,0,4.2,0,1000
2019-11-29,0,2.7,0,1000
2019-12-02,0.1,4,0,1050
2019-12-03,0,2.5,0,1070
2019-12-04,0,2.7,0,1070
2019-12-05,0,0.4,0,1090
2019-12-09,0,1.1,0,1200
2019-12-10,0,4.5,0,1300
2019-12-11,0,3,0,1370
2019-12-12,0,1.6,0,1370
2019-12-13,0,0,0,1310
2019-12-16,0,7.8,0,1330
2019-12-17,2.7,6.4,0,1390
2019-12-18,0,4,0,1350
2019-12-19,0,0.9,0,1300
2019-12-20,0,1.5,0,1280
2019-12-23,0,2.7,0,1335
2019-12-24,0,1.3,0,1330
2019-12-26,1.6,3.4,0,1295
2019-12-27,0.6,0.1,0,1270
2019-12-30,0.3,5.1,0,1289
2019-12-31,0.2,-4.2,0,1330
2020-01-02,0,-0.5,0,1345
2020-01-03,0,0.9,0,1390
2020-01-06,13.2,4.3,0,1355
2020-01-07,24.8,11.7,0,1290
2020-01-08,2.4,4.2,0,1205
2020-01-09,0,1.7,0,1120
2020-01-10,0,-0.2,0,1095
2020-01-13,0,0.1,0,1170
2020-01-14,0,0.2,0,1140
2020-01-15,0,-1.3,0,1170
2020-01-16,0,-0.1,0,1130
2020-01-17,0,0.3,0,1070
2020-01-20,0,1.1,0,1005
2020-01-21,0,0.7,0,955
2020-01-22,5.1,2.5,0,970
2020-01-23,1,4.5,0,960
2020-01-28,0,6.6,0,925
2020-01-29,8.2,5.8,0,840
2020-01-30,0,4.6,0,860
2020-01-31,0,2.8,0,810
2020-02-03,0,0.5,0,710
2020-02-04,0,-0.7,0,690
2020-02-05,0,-3,0.6,620
2020-02-06,0,-3.7,0,600
2020-02-07,0,-1.3,0,590
2020-02-10,0,3.1,0,560
2020-02-11,0,5.5,0,630
2020-02-12,10.5,8.9,0,645
2020-02-13,0.1,7.5,0,595
2020-02-14,0,2,0,605
2020-02-17,7.7,-3.5,2.9,605
2020-02-18,0,-2.2,7.5,605
2020-02-19,0,1.3,0,605
2020-02-20,0,5,0,605
2020-02-21,3.8,7.1,0,613
2020-02-24,0.3,6.5,0,575
2020-02-25,22.6,9.4,0,538
2020-02-26,0,8.7,0,525
2020-02-27,0,6.8,0,525
2020-02-28,3.9,4.9,0,513
2020-03-02,0,4.9,0,513
2020-03-03,0,6.3,0,575
2020-03-04,0,3.4,0,563
2020-03-05,0,2.1,0,575
2020-03-06,0,3.7,0,550
2020-03-09,1.7,8.1,0,520
2020-03-10,6.8,6.3,0,520
2020-03-11,0,3.6,0,480
2020-03-12,0,5.6,0,490
2020-03-13,0,5.7,0,510
2020-03-16,0,3.7,0,510
2020-03-17,0,6.9,0,510
2020-03-18,0,8.9,0,510
2020-03-19,0,7.8,0,510
2020-03-20,0,8.1,0,450
2020-03-23,0,8.9,0,490
2020-03-24,0,10.1,0,490
2020-03-25,0,12.5,0,490
2020-03-26,9.3,12.1,0,560
2020-03-27,9.5,10.6,0,550
2020-03-30,0,11.4,0,505
2020-03-31,0,12,0,510
2020-04-01,0,9.6,0,510
2020-04-02,0,8.3,0,485
2020-04-03,0,8.8,0,490
2020-04-06,0,8,0,490
2020-04-07,0,10.9,0,490
2020-04-08,0,8.6,0,440
2020-04-09,0,7.7,0,450
2020-04-10,0,9.9,0,450
2020-04-13,0,8.1,0,460
2020-04-14,0,10.9,0,540
2020-04-16,0,13.3,0,540
2020-04-17,20.8,11.9,0,535
2020-04-20,0,10.7,0,525
2020-04-21,0,8.6,0,540
2020-04-22,0,6.5,0,550
2020-04-23,0,7.9,0,540
2020-04-24,0,8.5,0,540
2020-04-27,0,10.5,0,540
2020-04-28,0,11.6,0,580
2020-04-29,0,14.1,0,580
2020-05-04,0,19.1,0,560
2020-05-06,0,21,0,570
2020-05-07,0,19.3,0,540
2020-05-08,2.6,17.7,0,595
2020-05-11,0,16.9,0,575
2020-05-12,0,16.6,0,565
2020-05-13,0,15,0,493
2020-05-14,0,18.6,0,478
2020-05-15,16.7,16.3,0,448
2020-05-18,14.4,18.7,0,448
2020-05-19,1.6,13.4,0,460
2020-05-20,0,15.7,0,430
2020-05-21,0,17.4,0,433
2020-05-22,0,18.7,0,443
2020-05-25,0,17.9,0,455
2020-05-26,0,18.8,0,455
2020-05-27,0,19.2,0,450
2020-05-28,0,18.1,0,445
2020-05-29,0,20.4,0,460
2020-06-01,0.3,20.3,0,543
2020-06-02,0,20.9,0,565
2020-06-03,0,22.9,0,550
2020-06-04,0.3,25.5,0,528
2020-06-05,0,25.4,0,523
2020-06-08,0,24.7,0,523
2020-06-09,0,25.5,0,553
2020-06-10,10.5,24.9,0,545
2020-06-11,5.9,25.3,0,575
2020-06-12,28.3,25.2,0,615
2020-06-15,0,22.6,0,665
2020-06-16,0,23,0,690
2020-06-17,1.5,22.2,0,648
2020-06-18,22,18.5,0,658
2020-06-19,0.4,22.7,0,656
2020-06-22,0,24.8,0,607
2020-06-23,0,24.9,0,627
2020-06-24,7.5,22.5,0,687
2020-06-25,1,22.2,0,715
2020-06-26,0.7,22.5,0,677
2020-06-29,36,21.4,0,615
2020-06-30,1.1,20.6,0,717
2020-07-01,0.2,21.2,0,747
2020-07-02,0,22.1,0,717
2020-07-03,11.2,20.2,0,695
2020-07-06,0.6,22.5,0,645
2020-07-07,0,25.2,0,655
2020-07-08,0,25.1,0,632
2020-07-09,0,24.9,0,660
2020-07-10,57.2,25.6,0,640
2020-07-13,107.1,19.5,0,740
2020-07-14,6.1,20.1,0,750
2020-07-15,7.2,19.8,0,770
2020-07-16,0.1,23.4,0,732
2020-07-17,0,24.1,0,670
2020-07-20,9.2,25.7,0,640
2020-07-21,4.9,25.3,0,660
2020-07-22,46.7,23.1,0,640
2020-07-23,45.2,22.5,0,627
2020-07-24,23,20.9,0,627
2020-07-27,11.2,23.1,0,632
2020-07-28,77.4,24.6,0,633
2020-07-29,18.9,23.9,0,686
2020-07-30,66.9,25,0,762
2020-07-31,23.2,26.4,0,729
2020-08-03,2.3,27.7,0,752
2020-08-04,0,27.6,0,702
2020-08-05,20.1,26.7,0,706
2020-08-06,40.3,25.9,0,718
2020-08-07,140.7,24.2,0,780
2020-08-10,53.2,25.3,0,815
2020-08-11,22.1,26.9,0,865
2020-08-12,17.4,26.7,0,865
2020-08-13,0,28.1,0,787
2020-08-14,0,28.8,0,727
2020-08-18,0,27.8,0,695
2020-08-19,0,28,0,719
2020-08-20,0,27.5,0,699
2020-08-21,0,27.3,0,735
2020-08-24,0,27.7,0,1103
2020-08-25,0.3,28,0,1203
2020-08-26,26,27.5,0,1309
2020-08-27,3.8,28.5,0,1471
2020-08-28,16.5,26.9,0,1471
2020-08-31,0,27.2,0,1329
2020-09-01,0,26.5,0,1219
2020-09-02,63.2,25.5,0,1166
2020-09-03,31.1,23.2,0,1358
2020-09-04,0,22.4,0,1498
2020-09-07,31.5,19.7,0,1306
2020-09-08,1,22.9,0,1347
2020-09-09,51.1,21,0,1296
2020-09-10,0.3,21.5,0,1284
2020-09-11,11.2,20.6,0,1274
2020-09-14,0,21.1,0,1294
2020-09-15,0,22.3,0,1274
2020-09-16,3.6,22.1,0,1223
2020-09-17,1.3,20.6,0,1285
2020-09-18,1.9,18.3,0,1285
2020-09-21,0,17.2,0,1223
2020-09-22,0,18.3,0,1233
2020-09-23,0,19.1,0,1282
2020-09-24,0,20.6,0,1313
2020-09-25,0,19.7,0,1313
2020-09-28,0,18.2,0,1343
2020-09-29,0,17.1,0,1397
2020-10-05,0,13.9,0,1383
2020-10-06,0,14,0,1325
2020-10-07,0,16.6,0,1243
2020-10-08,0,17.9,0,1205
2020-10-12,0,16.9,0,894
2020-10-13,0,12.7,0,843
2020-10-14,0,12.4,0,830
2020-10-15,0,12.9,0,831
2020-10-16,0,11,0,821
2020-10-19,0,12.2,0,801
2020-10-20,0,12.7,0,792
2020-10-21,8.8,12.5,0,770
2020-10-22,0,12.9,0,736
2020-10-23,0,9.2,0,717
2020-10-26,0,11.3,0,655
2020-10-27,0,11.7,0,618
2020-10-28,0,13.4,0,610
2020-10-29,0,9.8,0,577
2020-10-30,0,10.4,0,587
2020-11-02,0.2,11.1,0,607
2020-11-03,0.4,5.9,0,619
2020-11-04,0,4.4,0,619
2020-11-05,0,7.1,0,629
2020-11-06,0.2,9.9,0,629
2020-11-09,0,5.6,0,617
2020-11-10,0,7,0,625
2020-11-11,0,7.1,0,585
2020-11-12,0,7.8,0,543
2020-11-13,0,9,0,501
2020-11-16,0,12,0,459
2020-11-17,1.1,15.7,0,505
2020-11-18,1.1,18.3,0,513
2020-11-19,22.5,17.4,0,593
2020-11-20,0,7.7,0,563
2020-11-23,0,4.2,0,565
2020-11-24,0,4.5,0,523
2020-11-25,0,4.5,0,523
2020-11-26,0,7.1,0,523
2020-11-27,0,5.6,0,481
2020-11-30,0,1.7,0,459
2020-12-01,0,1.5,0,482
2020-12-02,0,1.9,0,487
2020-12-03,0,1.6,0,487
2020-12-07,0,2.8,0,529
2020-12-08,0,0.7,0,546
2020-12-09,0,0.9,0,546
2020-12-10,0,4.4,0,538
2020-12-11,0,4.6,0,527
2020-12-14,0,-3.7,0,522
2020-12-15,0,-5.4,0,522
2020-12-16,0,-5,0,526
2020-12-17,0,-4,0,558
2020-12-18,0.1,-1.3,0,569
2020-12-21,0,-0.5,0,599
2020-12-22,0,-0.7,0,646
2020-12-23,0,0.7,0,645
2020-12-24,0,2.6,0.4,641
2020-12-28,0,1.8,0,612
2020-12-29,3.3,0.7,3.2,601
2020-12-30,2.2,-7,2.3,609
2020-12-31,1.2,-5.8,2.4,608
2021-01-04,0,-1.7,0.1,755
2021-01-05,0,-1.7,0,795
2021-01-06,1.4,-4.8,7,829
2021-01-07,3.7,-10.6,4.9,811
2021-01-08,0.1,-13.9,0,751
2021-01-11,0,-5.2,0,749
2021-01-12,0.2,-3.7,1.3,801
2021-01-13,0,2,0,809
2021-01-14,0,3.8,0,799
2021-01-15,0,6.4,0,779
2021-01-18,5.2,-1.6,6.9,721
2021-01-19,0,-4.5,0,696
2021-01-20,0,-0.7,0,676
2021-01-21,4.7,4.9,0,676
2021-01-22,3.8,7.9,0,670
2021-01-25,0,8.3,0,655
2021-01-26,10.6,5.5,0,641
2021-01-27,0,4,0,641
2021-01-28,2.4,-1,0.6,645
2021-01-29,0,-5.3,0,620
2021-02-01,12.6,7.4,0,622
2021-02-02,0,-2,0.3,592
2021-02-03,0.1,-1.9,0,559
2021-02-04,3,-0.3,1.8,575
2021-02-05,0,-0.1,0,549
2021-02-08,0,-1.3,0,555
2021-02-09,0,-1,0,549
2021-02-10,0,1.1,0,522
2021-02-15,0.8,2.8,0,472
2021-02-16,1,-1.2,0.5,467
2021-02-17,3.8,-6.4,1.4,493
2021-02-18,0.1,-4.6,0,507
2021-02-19,0,1,0,502
2021-02-22,0,9.2,0,502
2021-02-23,0,2.4,0,502
2021-02-24,0,2.5,0,459
2021-02-25,10.3,3.3,0,447
2021-02-26,0.1,9,0,445
2021-03-02,0,3.6,0,459
2021-03-03,0,3.8,0,453
2021-03-04,12.1,5.3,0,463
2021-03-05,0,9.5,0,473
2021-03-08,0,7.6,0,463
2021-03-09,0,8.1,0,429
2021-03-10,0,9,0,439
2021-03-11,0,10.4,0,445
2021-03-12,12.9,8.4,0,429
2021-03-15,0.1,10.5,0,422
2021-03-16,2.9,11,0,432
2021-03-17,0,8.7,0,459
2021-03-18,0,11.1,0,492
2021-03-19,0,13.5,0,492
2021-03-22,0,5.5,0,463
2021-03-23,0,7.4,0,463
2021-03-24,0,7.7,0,453
2021-03-25,0,11.6,0,413
2021-03-26,0,13.2,0,403
2021-03-29,0,12,0,423
2021-03-30,0,12.3,0,443
2021-03-31,0,13.1,0,433
2021-04-01,0,15,0,443
2021-04-02,0,18.1,0,492
2021-04-05,0,11.1,0,492
2021-04-06,0,10.7,0,492
2021-04-07,0,12.4,0,473
2021-04-08,0,11.4,0,453
2021-04-09,0.6,11,0,463
2021-04-12,14.9,13,0,473
2021-04-13,0,10.1,0,463
2021-04-14,0,8.4,0,463
2021-04-15,0,9.7,0,507
2021-04-16,0,11.1,0,496
2021-04-19,0,10.8,0,466
2021-04-20,0,14.9,0,461
2021-04-21,0,18.3,0,461
2021-04-22,0,19.3,0,471
2021-04-23,0.1,19.6,0,471
2021-04-26,0,15.4,0,502
2021-04-27,0,14.6,0,522
2021-04-28,0,16.3,0,493
2021-04-29,1.1,16.2,0,493
2021-04-30,0.2,14.7,0,493
2021-05-03,0,14.4,0,493
2021-05-04,5.6,16.3,0,512
2021-05-06,0,14,0,492
2021-05-07,0,13.6,0,492
2021-05-10,0.1,15.1,0,512
2021-05-11,0,17.3,0,502
2021-05-12,0,21.2,0,502
2021-05-13,0,22.1,0,512
2021-05-14,0,22.7,0,492
2021-05-17,0,20.5,0,492
2021-05-18,0,17.9,0,463
2021-05-20,15.4,15.9,0,453
2021-05-21,0.1,15.6,0,453
2021-05-24,0.5,19.3,0,476
2021-05-25,1,15.4,0,472
2021-05-26,0,17,0,453
2021-05-27,0,15.5,0,453
2021-05-28,8.9,16.6,0,453
2021-05-31,2,21.2,0,439
2021-06-01,0,22.2,0,428
2021-06-02,0,22.1,0,409
2021-06-03,19,18,0,490
2021-06-04,1.7,18.7,0,487
2021-06-07,0,22.7,0,535
2021-06-08,0,24.3,0,540
2021-06-09,0,24.9,0,540
2021-06-10,0.2,23.5,0,545
2021-06-11,18.1,23.3,0,565
2021-06-14,0,23.6,0,507
2021-06-15,13.5,20.7,0,468
2021-06-16,0,21.6,0,458
2021-06-17,4.2,21.6,0,458
2021-06-18,4,21,0,487
2021-06-21,0,22.7,0,537
2021-06-22,0.6,21.8,0,517
2021-06-23,16.5,21.3,0,527
2021-06-24,0,22.4,0,527
2021-06-25,0,23.2,0,507
2021-06-28,0.1,23.9,0,492
2021-06-29,25.1,22.2,0,548
2021-06-30,0,23,0,548
2021-07-01,0,24.7,0,552
2021-07-02,0,25.4,0,572
2021-07-05,19.4,21.3,0,752
2021-07-06,65.2,22.2,0,732
2021-07-07,73.6,23.9,0,792
2021-07-08,6.4,24.7,0,792
2021-07-09,0,25.3,0,752
2021-07-12,0,27.5,0,703
2021-07-13,0,27.6,0,559
2021-07-14,0,27.5,0,522
2021-07-15,0,27.1,0,473
2021-07-16,1.5,26.1,0,498
2021-07-19,0,26,0,566
2021-07-20,0,26.3,0,582
2021-07-21,0,27.3,0,546
2021-07-22,0,27.4,0,510
2021-07-23,0,27.8,0,516
2021-07-26,0,26.9,0,572
2021-07-27,0,27.4,0,612
2021-07-28,0,28.2,0,746
2021-07-29,0,27.9,0,686
2021-07-30,0,28.1,0,700
2021-08-02,0.4,26.8,0,762
2021-08-03,22,26.6,0,788
2021-08-04,0,26.8,0,736
2021-08-05,0,27.8,0,782
2021-08-06,0.5,27.3,0,762
2021-08-09,0,26.9,0,746
2021-08-10,55.6,25.2,0,764
2021-08-11,0,25.4,0,768
2021-08-12,18.6,24.4,0,692
2021-08-13,0.1,25,0,648
2021-08-17,0,25.5,0,578
2021-08-18,1,23.7,0,586
2021-08-19,0,22.2,0,638
2021-08-20,0,23.8,0,636
2021-08-23,27.2,22.7,0,624
2021-08-24,53.9,24.7,0,602
2021-08-25,13.3,24.4,0,639
2021-08-26,0,25.2,0,599
2021-08-27,52,22.3,0,559
2021-08-30,0.1,24.8,0,599
2021-08-31,0.8,25.6,0,592
2021-09-01,16.8,24.6,0,612
2021-09-02,2.9,21.7,0,650
2021-09-03,0.3,21.5,0,635
2021-09-06,12.4,19.3,0,587
2021-09-07,3.4,21.3,0,589
2021-09-08,1.1,21.2,0,604
2021-09-09,0,21.4,0,584
2021-09-10,2.2,20.8,0,533
2021-09-13,0,23.4,0,541
2021-09-14,0.1,21.9,0,516
2021-09-15,0,22.9,0,542
2021-09-16,0,22,0,623
2021-09-17,0.8,21.6,0,605
2021-09-23,0,19.5,0,605
2021-09-24,0,19.7,0,640
2021-09-27,0,21.9,0,518
2021-09-28,0.3,21.5,0,438
2021-09-29,26.9,21.8,0,439
2021-09-30,5.3,22,0,480
2021-10-01,0,20.9,0,453
2021-10-05,0,21.8,0,437
2021-10-06,0,21.1,0,448
2021-10-07,0,20.7,0,505
2021-10-08,0,20.8,0,546
2021-10-12,4.5,16.4,0,484
2021-10-13,0,18.7,0,449
2021-10-14,0,19.1,0,431
2021-10-15,7.1,17,0,411
2021-10-18,0,8.1,0,421
2021-10-19,0,9.7,0,596
2021-10-20,0,8.1,0,716
2021-10-21,0,8.4,0,636
2021-10-22,0,8.6,0,638
2021-10-25,0,10.1,0,544
2021-10-26,0,10.2,0,534
2021-10-27,0,11.6,0,570
2021-10-28,0,10.7,0,597
2021-10-29,0,12.1,0,602
2021-11-01,0,12.2,0,584
2021-11-02,0,9.2,0,573
2021-11-03,0,9,0,592
2021-11-04,0,10.3,0,581
2021-11-05,0,10.6,0,556
2021-11-08,27.9,10.6,0,572
2021-11-09,4.7,6.5,0,660
2021-11-10,11,5.7,0,684
2021-11-11,2.8,6.1,0,712
2021-11-12,1.4,4.4,0,748
2021-11-15,0,7.1,0,664
2021-11-16,0,7.5,0,637
2021-11-17,0,6.3,0,586
2021-11-18,0,7.4,0,590
2021-11-19,0,8.2,0,566
2021-11-22,3.6,5.1,0,572
2021-11-23,2.2,1.8,0,630
2021-11-24,1,4.7,0,597
2021-11-25,0,5.6,0,614
2021-11-26,0,3.5,0,604
2021-11-29,0,4.9,0,606
2021-11-30,21.4,6,0,612
2021-12-01,0.7,0.2,0,574
2021-12-02,0,1.3,0,596
2021-12-06,0,5.6,0,578
2021-12-07,0,4.8,0,574
2021-12-08,0,4.1,0,568
2021-12-09,0,4.2,0,566
2021-12-10,0,6.7,0,545
2021-12-13,0,-2.1,0,552
2021-12-14,0,-0.2,0,570
2021-12-15,0,4.6,0,561
2021-12-16,0.6,4.5,0,518
2021-12-17,0.9,-1.5,2.4,538
2021-12-20,0,2.3,1,546
2021-12-21,0,3.6,0,544
2021-12-22,0,2.1,0,526
2021-12-23,0,1.6,0,521
2021-12-24,0,1.3,0,544
2021-12-27,0,-3.9,0,568
2021-12-28,0,1.7,0,578
2021-12-29,0,2.6,0,578
2021-12-30,2.1,-0.3,0.4,576
2021-12-31,0,-4.4,0,590
