date,ondo,sun,uga,price
2015-01-04,-1.3,8.16,52.125,5967
2015-01-05,0,7.3,50.98,5967
2015-01-06,1,10.72,48.08,5967
2015-01-07,-5.3,11.34,46.6,5967
2015-01-08,-6.5,11.84,47.5,5967
2015-01-11,-2.7,10.38,46.54,5967
2015-01-12,-4.9,11.12,45.67,6067
2015-01-13,-2.9,10.8,43.3,6067
2015-01-14,0.4,3.22,42.55,6067
2015-01-15,0.3,6.63,44.48,6067
2015-01-18,-3.3,11.9,44.98,6067
2015-01-19,0.6,9.76,46.04,6067
2015-01-20,-2.1,10.71,44.82,6067
2015-01-21,1,3.89,44.75,6067
2015-01-22,1.8,3.6,44.65,6067
2015-01-25,0.3,3.93,44.285,6067
2015-01-26,3.8,3.46,44.15,6067
2015-01-27,0,11.47,43.63,6067
2015-01-28,-3.9,9.45,44.83,6067
2015-01-29,-0.8,4.52,44.63,6067
2015-02-01,-5,14.01,47.2,6067
2015-02-02,-3.4,11.77,48.81,6067
2015-02-03,-1.7,10.06,52.62,6067
2015-02-04,-0.9,13.15,54.72,6133
2015-02-05,-2,10.09,51.41,6133
2015-02-08,-4.7,14.83,54.8,6133
2015-02-09,-4.7,14.66,55.37,6133
2015-02-10,2.2,11.32,55.83,6133
2015-02-15,3.5,8.76,58.265,6133
2015-02-16,3.5,1.67,58.83,6133
2015-02-17,2.4,9.01,58.89,6133
2015-02-18,1.3,8.97,59.32,6133
2015-02-19,0,12.08,58.305,6133
2015-02-22,6.7,11.85,58.305,6133
2015-02-23,2.3,13.67,57.29,6133
2015-02-24,1.9,16.15,56.06,6133
2015-02-25,3.7,11.73,55.84,6133
2015-02-26,1.9,13.28,58.42,6133
2015-03-02,1.3,18.2,59.58,6133
2015-03-03,1.7,6.63,57.15,6133
2015-03-04,-0.3,19.19,57.8,6400
2015-03-05,-1.4,18.08,57.35,6400
2015-03-08,4.3,17.23,55.38,6400
2015-03-09,4.1,16.37,56.58,6400
2015-03-10,-2.3,20.26,55.48,6400
2015-03-11,1.7,15.55,53.5,6400
2015-03-12,1.2,20.02,55.4,6400
2015-03-15,5,18.03,53.1,6400
2015-03-16,7,18.29,52.75,6400
2015-03-17,10,15.25,51.64,6233
2015-03-18,8,1.74,51.24,6233
2015-03-19,11.5,19.15,53.4,6133
2015-03-22,8.5,20.71,52.375,6067
2015-03-23,4.6,22.18,52.87,6067
2015-03-24,3.3,21.8,53.4,6067
2015-03-25,4.1,21.99,52.69,6067
2015-03-26,6.1,22.2,53.99,6000
2015-03-29,11.4,19.23,54.6,6000
2015-03-30,12.1,20.78,53.95,6000
2015-03-31,10.4,4.05,53.84,6000
2015-04-01,10.2,3.05,52.83,6000
2015-04-02,12.4,5.52,54.63,6000
2015-04-05,9.4,4.77,54.82,6000
2015-04-06,10.9,5.3,53.95,6000
2015-04-07,7.4,5.97,55.01,6000
2015-04-08,6.1,8.52,55.92,6000
2015-04-09,7.6,21.39,53.31,6000
2015-04-12,9.6,12.83,55.55,6000
2015-04-13,9.1,5.36,56.58,6000
2015-04-14,9.7,14.02,56.32,6000
2015-04-15,10.7,18.7,56.82,6000
2015-04-16,9.8,14.64,58.66,6000
2015-04-19,13.7,3.08,58.62,6000
2015-04-20,10.8,3.99,59.34,6267
2015-04-21,12.4,22.45,59.25,6100
2015-04-22,12.5,20.14,58.03,6000
2015-04-23,12.8,23.77,58.6,6000
2015-04-26,16.8,25.47,61.54,6000
2015-04-27,17.7,24.12,62,6000
2015-04-28,17.1,18.7,61.62,6000
2015-04-29,15.5,5.24,61.65,6000
2015-04-30,17.3,16.68,62.69,5900
2015-05-03,17.5,6.06,62.985,5900
2015-05-04,16.8,25.32,63.03,5900
2015-05-06,13.4,18.14,64.79,5900
2015-05-07,15.8,24.11,65.06,5833
2015-05-10,15.8,25.72,63.585,5833
2015-05-11,16.6,16.89,62.84,5833
2015-05-12,16.9,21.04,62.4,5833
2015-05-13,17.9,26.78,64.21,5833
2015-05-14,19.7,24.97,63.61,5833
2015-05-17,16.1,26.59,62.62,5750
2015-05-18,14.8,12.16,63.58,5750
2015-05-20,16.3,28.51,61.75,5750
2015-05-21,17.2,28.54,62.68,5833
2015-05-24,19.1,28.8,63.07,5833
2015-05-25,20,28.55,62.98,5833
2015-05-26,21.3,28.84,63.07,5833
2015-05-27,21.1,29.65,62.11,5833
2015-05-28,21.6,24.87,60.64,5833
2015-05-31,20.1,25.45,61.705,5833
2015-06-01,21.2,24.58,61.705,5833
2015-06-02,21.4,19.26,62.49,5833
2015-06-03,21.5,26.36,62.3,5833
2015-06-04,21,28,60.71,5833
2015-06-07,20.8,27.12,60.845,5833
2015-06-08,19.8,13.6,60.23,5833
2015-06-09,22,25.64,59.64,5833
2015-06-10,23.9,26.08,62.66,5833
2015-06-11,20.8,8.81,63.44,5833
2015-06-14,22.8,21.26,61.44,5833
2015-06-15,24.9,21.37,61.29,5833
2015-06-16,22.3,21.4,60.46,5833
2015-06-17,21.1,22.17,60.81,5833
2015-06-18,21.6,19.52,60.98,5833
2015-06-21,21.6,22.9,60.52,5833
2015-06-22,22.1,24.04,59.82,5833
2015-06-23,22.4,21.89,60.11,5833
2015-06-24,22.4,18.83,61.09,5833
2015-06-25,20.5,12.18,60.26,5833
2015-06-28,21,16.51,59.785,5833
2015-06-29,24.6,25.94,59.36,5833
2015-06-30,21.3,9.31,59.56,5833
2015-07-01,22.3,22.74,60.93,6638
2015-07-02,22,26.35,59.51,6638
2015-07-03,22.5,24.01,59.45,6638
2015-07-06,22,22.94,57.93,6638
2015-07-07,18.4,6.22,55.16,6638
2015-07-08,20.3,8.08,54.98,6638
2015-07-09,21,8.72,56.69,6638
2015-07-10,23.6,19.02,58.19,6638
2015-07-13,25.2,9.33,57.75,6638
2015-07-14,25.7,24.57,56.25,6638
2015-07-15,25.4,17.91,56.93,6638
2015-07-16,21.8,26.02,55.75,6638
2015-07-17,21.3,14.83,62.365,6638
2015-07-20,23.6,9.77,55.4,6638
2015-07-21,25.1,13.37,54.68,6638
2015-07-22,27.3,17.51,55.03,6638
2015-07-23,26.7,11.06,54.22,6638
2015-07-24,27.7,8.96,53.45,6638
2015-07-27,26.3,14.28,52.87,6638
2015-07-28,27.9,24.09,51.85,6638
2015-07-29,26,8.47,51.86,6638
2015-07-30,28.5,23.61,52.53,6638
2015-07-31,29.2,25.75,52.07,6638
2015-08-03,28.5,23.13,51.11,7175
2015-08-04,28,25.82,50.13,7175
2015-08-05,28,25.94,50.09,7175
2015-08-06,30,25.85,49.71,7175
2015-08-07,29.5,25.5,50.15,7175
2015-08-10,26.1,18.74,50.15,7175
2015-08-11,25.8,9.09,50.59,7175
2015-08-12,21.9,8.99,49.37,7175
2015-08-13,23.9,20.89,49.87,7175
2015-08-17,24.4,17.49,48.53,7175
2015-08-18,24.3,19.92,48.22,7175
2015-08-19,23.6,12.96,48.27,7175
2015-08-20,23,8.5,46.73,7175
2015-08-21,22.6,13,46.23,7175
2015-08-24,24,9.68,44.4,7175
2015-08-25,21.1,2.41,42.66,7175
2015-08-26,22.2,15.25,42.94,7175
2015-08-27,21.7,18.08,43.57,7175
2015-08-28,22.3,19.54,46.84,7175
2015-08-31,23.2,20.67,48.72,7175
2015-09-01,23.4,12.75,49.98,7333
2015-09-02,21.7,9.84,46.16,7333
2015-09-03,22.2,19.61,47.01,7333
2015-09-04,22.2,20.73,47.19,7333
2015-09-07,19,21.55,46.6,7333
2015-09-08,17.7,23.71,45.93,7333
2015-09-09,17.5,23.5,47.55,7333
2015-09-10,18.4,22.63,45.75,7333
2015-09-11,20.7,17.78,51.1,7333
2015-09-14,16.6,20.07,45.47,7333
2015-09-15,16.3,21.64,43.87,7333
2015-09-16,17.8,17.54,44.08,7333
2015-09-17,17.2,6.5,46.78,7333
2015-09-18,18.9,20.9,45.99,7333
2015-09-21,19.6,18.75,44.58,7333
2015-09-22,18.5,20.52,45,7333
2015-09-23,17.5,7.5,45.13,7500
2015-09-24,19.6,7.42,51.1,7500
2015-09-25,19,13.56,44.98,7500
2015-09-30,17.8,10.7,44.31,7500
2015-10-01,17.3,2.3,45.92,7500
2015-10-02,13.8,20.03,45.38,7500
2015-10-05,14.9,18.33,45.91,7500
2015-10-06,14.3,17.82,46.48,8000
2015-10-07,15.1,15.76,48.97,8167
2015-10-08,14.8,16.09,48.41,8167
2015-10-12,11.3,16.45,49.61,8167
2015-10-13,10.8,17.25,47.08,8167
2015-10-14,12.4,16.74,46.52,8167
2015-10-15,13.3,15.12,46.44,8167
2015-10-16,13.4,15.55,46.58,8167
2015-10-19,13.7,12.55,46.22,8167
2015-10-20,14.7,12,44.61,8167
2015-10-21,14.4,12.11,44.43,8333
2015-10-22,14.6,9.93,43.71,8333
2015-10-23,14.7,11.18,43.9,8333
2015-10-26,12.2,11.21,43.48,8333
2015-10-27,11.1,5.64,43.01,8333
2015-10-28,7.8,15,43.11,8333
2015-10-29,8.2,14.01,44.45,8333
2015-10-30,6.2,15.27,43.94,8333
2015-11-02,7.4,12.58,44.55,8333
2015-11-03,7.1,12.81,43.89,8333
2015-11-04,7.1,13.2,45.45,8333
2015-11-05,9.3,11,43.7,8267
2015-11-06,10.9,8.12,43.16,8267
2015-11-09,12.2,4.96,42.88,8167
2015-11-10,10.8,9.06,51.1,8167
2015-11-11,10.2,10.62,42.59,8167
2015-11-12,11.5,5.16,41.68,8167
2015-11-13,11,1.55,40.77,8233
2015-11-16,10.6,3.25,40.35,8233
2015-11-17,14,2.34,40.39,8233
2015-11-18,10.6,1.19,39.64,8233
2015-11-19,9.6,3.12,40.13,8233
2015-11-20,9.8,9.24,40.07,8233
2015-11-23,11.3,2.72,39.57,8233
2015-11-24,8.8,4.77,40.7,8233
2015-11-25,5.2,1.76,41.4,8400
2015-11-26,0.9,7.11,40.94,8500
2015-11-27,-0.2,8.43,40.37,8500
2015-11-30,4,9.99,39.87,8500
2015-12-01,1.8,8.92,39.8,8500
2015-12-02,3.7,1.34,39.75,8500
2015-12-03,2.3,6.92,38.29,8500
2015-12-07,3.5,7.6,38.35,8500
2015-12-08,5.2,9.1,36.91,8500
2015-12-09,3.8,6.35,36.49,8500
2015-12-10,6.9,1.94,36.51,8500
2015-12-11,6.1,3.57,36.2,8500
2015-12-14,5.4,2.31,34.64,8500
2015-12-15,6.7,5.18,33.82,8500
2015-12-16,1.4,9.71,34.24,8500
2015-12-17,-3.5,10.66,32.86,8500
2015-12-18,-2.8,10.25,32.98,8500
2015-12-21,1.2,2.85,31.98,8500
2015-12-22,0.1,4.21,32,8500
2015-12-23,4.1,1.2,31.82,8500
2015-12-24,2.6,4.62,32.83,8500
2015-12-28,-6.5,11,32.61,8500
2015-12-29,-6.1,9.8,32.11,8500
2015-12-30,-3.1,10.08,32.74,8500
2015-12-31,-0.5,7.49,32.19,8500
2016-01-04,2.4,9.05,32.54,8500
2016-01-05,-2.5,6.23,31.66,8500
2016-01-06,-2.8,9.55,30.76,8600
2016-01-07,-1.7,10.89,27.96,8600
2016-01-08,-3.5,11.21,29.11,8600
2016-01-11,-3.8,10.47,28.07,8600
2016-01-12,-5.6,11.33,26.44,8600
2016-01-13,-3.3,9.24,26.49,8600
2016-01-14,-2.7,11.49,26.04,8600
2016-01-15,-3.3,9.38,26.22,8600
2016-01-18,-2,9.07,24.65,8600
2016-01-19,-7.9,12.62,24.72,8600
2016-01-20,-9.8,9.42,23.36,8600
2016-01-21,-7.3,7.04,22.83,8600
2016-01-22,-6.5,10.66,23.88,8600
2016-01-25,-9.9,13.04,26.1,8533
2016-01-26,-5.9,11.63,24.84,8533
2016-01-27,-3.3,10.83,26.11,8533
2016-01-28,-1.8,3.46,27.08,8533
2016-01-29,1.1,2.03,28.37,8533
2016-02-01,-3.6,13.21,29.01,8533
2016-02-02,-5.9,13.58,28.08,8533
2016-02-03,-4.7,13.76,27.52,8533
2016-02-04,-2.6,11.05,29.51,8533
2016-02-05,-2.8,13.5,29.22,8533
2016-02-11,2.6,10.69,26.08,8533
2016-02-12,6.8,1.33,26.86,8533
2016-02-15,-3.2,16.2,29.22,8533
2016-02-16,-2,10.92,30.66,8533
2016-02-17,-0.5,16.06,28.31,8633
2016-02-18,-0.1,10.33,30.25,8633
2016-02-19,1,6.41,30.07,8633
2016-02-22,1.9,11.14,29.33,8633
2016-02-23,3.1,13.13,29.69,8633
2016-02-24,-1.4,13.27,28.57,8633
2016-02-25,-2.2,16.5,29.46,8633
2016-02-26,1.2,12.12,30.43,8567
2016-02-29,-2.2,11.68,29.99,8567
2016-03-02,0.3,17.42,31.95,8567
2016-03-03,3.9,17.77,32.04,8567
2016-03-04,6.4,8.16,32.17,8567
2016-03-07,8.6,11.56,34.39,8567
2016-03-08,6.8,4.98,35.56,8567
2016-03-09,5.2,16.15,35.03,8567
2016-03-10,0.8,18.95,36.25,8567
2016-03-11,-0.9,20.09,36.37,8567
2016-03-14,2.2,18.58,35.69,8567
2016-03-15,4.5,20.1,34.66,8567
2016-03-16,7.4,16.86,34.8,8567
2016-03-17,9.2,18.58,36.67,8567
2016-03-18,9.9,3.4,37.42,8567
2016-03-21,7.9,20.29,37.14,8567
2016-03-22,9.1,18.71,37.43,8567
2016-03-23,9.3,15.4,37.14,8567
2016-03-24,7,14.29,36.04,8567
2016-03-25,5.1,11.99,36.87,8567
2016-03-28,7,21.34,36.31,8567
2016-03-29,10.2,17.39,36.17,8567
2016-03-30,11.7,21.55,35.45,8567
2016-03-31,10.1,15.07,35.05,8567
2016-04-01,12.4,22.59,36.22,8567
2016-04-04,10,10.5,34.84,8567
2016-04-05,11.4,23.24,33.83,8567
2016-04-06,12.5,15.63,34.69,8567
2016-04-07,12,11.19,36.48,8567
2016-04-08,13.4,23.01,36.71,8567
2016-04-11,9.7,17.24,37.79,8567
2016-04-12,10.6,19.49,38.67,8667
2016-04-14,16.1,16.65,39.66,8667
2016-04-15,13.2,24.35,39.37,8667
2016-04-18,13.9,22.09,37.73,8667
2016-04-19,12.1,24.48,39.17,8667
2016-04-20,13,13.66,39.03,8667
2016-04-21,13.5,6.18,41.7,8667
2016-04-22,17,22.67,41.01,8667
2016-04-25,14.9,25.01,40.86,8667
2016-04-26,17.1,22.69,40.83,8667
2016-04-27,10.8,3.72,42.59,8833
2016-04-28,13.5,18.32,43.22,8833
2016-04-29,14.6,24.42,44.26,8833
2016-05-02,19,22.66,43.355,8833
2016-05-03,17.2,6.28,43.03,8833
2016-05-04,18.7,27.69,42.05,8833
2016-05-09,18.1,15.21,42.84,8833
2016-05-10,13.9,3.31,41.23,8833
2016-05-11,16.1,23.81,42.18,8833
2016-05-12,17.2,25.43,44.65,8833
2016-05-13,15.5,14.14,44.39,8833
2016-05-16,14.5,23.09,45.35,8833
2016-05-17,16.4,28.43,45.68,8833
2016-05-18,19.5,28.65,45.76,8833
2016-05-19,19.1,28.83,44.75,8833
2016-05-20,18.3,26.9,45.65,8833
2016-05-23,19.1,26.34,44.87,8833
2016-05-24,18.4,4.5,44.55,8833
2016-05-25,19,27.15,45.27,8833
2016-05-26,19.8,21.52,45.74,8833
2016-05-27,22.2,23.47,45.31,8833
2016-05-30,21.1,28.11,45.54,8833
2016-05-31,21.7,23.42,45.9,8833
2016-06-01,19.8,27.02,45.44,10500
2016-06-02,19,29.15,46.17,10500
2016-06-03,21.2,26.92,46.28,10500
2016-06-07,22.2,21.16,46.82,10500
2016-06-08,20.4,11.66,47.99,10500
2016-06-09,22.4,21.69,48.98,10500
2016-06-10,23.5,27.26,48.23,10500
2016-06-13,24.3,22.38,47.06,10500
2016-06-14,23.3,17.7,46.3,10500
2016-06-15,22.2,7.78,46.09,10500
2016-06-16,23.4,22.59,44.93,10500
2016-06-17,22.7,26.66,44.48,10500
2016-06-20,24.4,20.28,46.53,10500
2016-06-21,23.6,20.2,46.4,10500
2016-06-22,23.6,17.78,47.12,10500
2016-06-23,26.7,26.02,46.48,10500
2016-06-24,22.3,7.12,45.47,10500
2016-06-27,22.6,17.95,45.11,10500
2016-06-28,22.8,16.83,44.55,10500
2016-06-29,23.5,18.16,45.73,10500
2016-06-30,24.8,21.38,46.46,10500
2016-07-01,24.4,9.02,45.19,9513
2016-07-04,21.1,2.09,46.97,9513
2016-07-05,27,18.53,45.01,9513
2016-07-06,24.8,6.67,45,9513
2016-07-07,24.9,21.04,44.99,9513
2016-07-08,25.9,26.23,42.5,9513
2016-07-11,26.7,18.04,41.97,9513
2016-07-12,26.9,16.77,42.58,9513
2016-07-13,26.4,18.27,43.41,9513
2016-07-14,23.5,14.15,42.31,9513
2016-07-15,24.2,20.69,42.59,9513
2016-07-18,23.7,21.63,43.38,9513
2016-07-19,25.1,24.85,42.21,9513
2016-07-20,24.1,11,42.24,9513
2016-07-21,24.2,20.27,42.73,9513
2016-07-22,24.7,26.2,41.63,9513
2016-07-25,27.6,9.62,41.38,9513
2016-07-26,28.9,24.47,40.37,9513
2016-07-27,28.9,19.83,40.59,9513
2016-07-28,29.3,18.79,39.88,9513
2016-07-29,28.3,16.23,38.64,9513
2016-08-01,28.4,22.66,40.04,9275
2016-08-02,26.6,12.77,38.85,9275
2016-08-03,26.2,17.28,38.54,9275
2016-08-04,27.3,20.71,39.99,9275
2016-08-05,28.6,25.23,41.22,9275
2016-08-08,28.1,20.5,41.59,9275
2016-08-09,27.5,19.54,42.055,9275
2016-08-10,28.3,20.79,41.34,9275
2016-08-11,29.3,24.53,40.49,9275
2016-08-12,29.5,24.64,42.89,9275
2016-08-16,28.8,22.48,45.74,9275
2016-08-17,27.8,23.91,45.85,9275
2016-08-18,28.5,21.49,46.65,9275
2016-08-19,28.5,23.37,47.26,9275
2016-08-22,27.6,18.16,46.85,9275
2016-08-23,27.1,18.81,45.38,9275
2016-08-24,26.6,23.37,45.96,9275
2016-08-25,27.5,23.08,45.59,9275
2016-08-26,20,3.18,44.62,9275
2016-08-29,19.5,13.7,45.82,9275
2016-08-30,19.9,13.96,46.16,9275
2016-08-31,20.2,5.92,44.79,9275
2016-09-01,24,19.5,42.98,9100
2016-09-02,20.5,2.64,41.71,9100
2016-09-05,24.5,10.71,44.28,9067
2016-09-06,24.1,11.37,43.4,9067
2016-09-07,23.7,15.03,43.67,9067
2016-09-08,23,15.18,44.83,9067
2016-09-09,22.6,16.98,45.45,9067
2016-09-12,20.5,5.66,43.745,9067
2016-09-13,21.5,17.04,43.69,9067
2016-09-19,19.5,9.72,42.43,9067
2016-09-20,18,17.83,41.99,9067
2016-09-21,17.4,13.95,43.08,9067
2016-09-22,17.9,7.53,43.58,9067
2016-09-23,19.3,18.49,43.39,9067
2016-09-26,20.9,8.07,42.15,9067
2016-09-27,24.1,9.38,43.13,9067
2016-09-28,22.5,12.1,42.37,9067
2016-09-29,18.5,5.37,44.65,9067
2016-09-30,16,2.8,45.11,9100
2016-10-04,21.4,15.75,47.83,9100
2016-10-05,18.6,6.1,48.83,9100
2016-10-06,18.2,14.68,48.77,9100
2016-10-07,17.9,10.27,50.07,9100
2016-10-10,13.3,12.58,48.9,9100
2016-10-11,13.3,11.54,50.01,9100
2016-10-12,14.3,14.44,50.03,9100
2016-10-13,13.9,11.52,49.07,9100
2016-10-14,12.9,13.07,49.88,9167
2016-10-17,16.8,11.48,49.12,9167
2016-10-18,15,8.66,49.23,9267
2016-10-19,15.2,11.14,49.67,9267
2016-10-20,15.4,9.18,49.66,9267
2016-10-21,15.3,5.29,48.82,9267
2016-10-24,12.4,14.91,49.48,9267
2016-10-25,12.9,2.27,49.2,9267
2016-10-26,14,9.97,47.91,9267
2016-10-27,14,8.85,48.16,9267
2016-10-28,13.4,3.51,48.4,9267
2016-10-31,7.4,2.67,47.44,9267
2016-11-01,3.6,14.98,45.42,9267
2016-11-02,2.7,15.53,44.08,9267
2016-11-03,5.1,11.28,43.52,9267
2016-11-04,6.2,11.99,42.84,9267
2016-11-07,12.3,7.11,42.69,9267
2016-11-08,8.1,12.14,42.87,9267
2016-11-09,2.7,12.71,42.57,9267
2016-11-10,7.7,7.05,43.67,9267
2016-11-11,7.3,11.43,43.7,9267
2016-11-14,12.3,7.89,41.95,9267
2016-11-15,8,12.09,41.97,9267
2016-11-16,4.1,9.51,43.45,9267
2016-11-17,5.7,10.36,43.47,9267
2016-11-18,7.5,5.41,42.8,9267
2016-11-21,10.1,4.53,44.47,9267
2016-11-22,6.7,4.8,46.08,9267
2016-11-23,4.1,8.17,46.07,9267
2016-11-24,-1,12.21,45.67,9267
2016-11-25,-1.2,8.63,45.97,9267
2016-11-28,2.3,10.26,43.76,9267
2016-11-29,0.5,11.61,44.65,9267
2016-11-30,5.6,4.04,44.12,9267
2016-12-01,4.2,8.54,49.02,9267
2016-12-05,5.8,6.4,51.64,9267
2016-12-06,0.5,11.26,51.65,9267
2016-12-07,-4,3.53,50.35,9267
2016-12-08,-0.3,7.63,50.3,9267
2016-12-09,2.2,9.07,51.32,9267
2016-12-12,1.8,7.31,54.18,9267
2016-12-13,4.3,6.7,52.85,9267
2016-12-14,1.3,1.72,52.69,9267
2016-12-15,-0.8,10.84,51.65,9267
2016-12-16,-5.3,10.9,51.69,9267
2016-12-19,4.7,2.56,52.86,9267
2016-12-20,6.3,6.17,52.09,9267
2016-12-21,5.1,4.73,52.87,9267
2016-12-22,8.9,3.16,51.78,9267
2016-12-23,2.6,7.24,52.21,9267
2016-12-26,3.6,1.45,53.055,9267
2016-12-27,1.4,6.46,52.72,9267
2016-12-28,-3.3,11.42,53.73,9267
2016-12-29,-2.8,10.4,53.9,9267
2016-12-30,-4.5,11.29,53.83,9267
2017-01-02,1.1,8.25,54.65,9267
2017-01-03,0.4,10.18,54.65,9267
2017-01-04,0.8,9.43,53.99,9267
2017-01-05,2.4,5.8,54.28,9267
2017-01-06,3.2,5.77,54.25,9267
2017-01-09,4.2,8.62,54.35,9267
2017-01-10,-1,11.34,53.14,9267
2017-01-11,-2.2,11.41,52.22,9267
2017-01-12,-1.3,5.09,53.45,9267
2017-01-13,-3.4,8.7,54.3,9267
2017-01-16,-6.4,11.78,53.29,9267
2017-01-17,-5.3,9.33,53.88,9267
2017-01-18,-3.7,7.52,53.84,9267
2017-01-19,-2.7,9.14,53.03,9267
2017-01-20,-4,7.97,52.91,9267
2017-01-23,-8.7,12.14,53.52,9267
2017-01-24,-8.2,13.12,53.98,9267
2017-01-25,-7.3,13.33,53.47,9267
2017-01-26,-5,12.4,53.86,9267
2017-01-31,-4.6,11.98,53.22,9267
2017-02-01,-2.7,13.1,54.94,9267
2017-02-02,-3.9,14.33,55.45,9267
2017-02-03,-1.7,13.77,54.265,9267
2017-02-06,0.3,13.92,55.31,9267
2017-02-07,-2.3,9.93,54.17,9267
2017-02-08,-0.3,9.27,53.35,9267
2017-02-09,-1.9,14.47,53.79,9267
2017-02-10,-5.1,15.34,53.78,9267
2017-02-13,-1.1,14.57,54.76,9267
2017-02-14,0.5,13.94,54.14,9267
2017-02-15,-0.5,14.66,54,9267
2017-02-16,3.7,13.73,53.95,9267
2017-02-17,4.9,13.66,54.06,9267
2017-02-20,2.9,14.76,54.46,9267
2017-02-21,-0.6,16.36,54.64,9267
2017-02-22,2.7,2.39,54.68,9267
2017-02-23,1.9,12.55,54.75,9267
2017-02-24,-0.7,17.7,54.7,9267
2017-02-27,2.9,16.28,55.18,9267
2017-02-28,2.8,15.85,53.565,9267
2017-03-02,3.8,7.16,54.85,9167
2017-03-03,2,17.74,53.68,9167
2017-03-06,3.7,19.04,53.85,9167
2017-03-07,-0.5,18.36,54.44,9167
2017-03-08,-1.1,17.08,54.02,9167
2017-03-09,4.6,17.67,52.52,9167
2017-03-10,3.7,19.93,51.16,9167
2017-03-13,6.9,17.78,50.04,9167
2017-03-14,5.3,10.88,49.82,9167
2017-03-15,3.5,17.52,50.01,9167
2017-03-16,4.8,17.86,50.64,9167
2017-03-17,5.3,18.92,50.13,9167
2017-03-20,7.5,9.64,50.05,9167
2017-03-21,7.3,14.49,50.42,9167
2017-03-22,6,16.87,49.02,9167
2017-03-23,8.5,15.08,49.17,9167
2017-03-24,7.6,15.58,48.97,9167
2017-03-27,4.6,11.78,48.84,9167
2017-03-28,6.4,18.57,49.23,9167
2017-03-29,9.3,20.37,50.14,9000
2017-03-30,10.4,21.05,50.71,9000
2017-03-31,8.3,4.57,50.78,9000
2017-04-03,9.2,22.79,51.67,8833
2017-04-04,12,21.67,51.1,8833
2017-04-05,13.6,5.24,52.99,8833
2017-04-06,14.9,8.47,52.64,8833
2017-04-07,13.7,21.22,53.94,8667
2017-04-10,11.8,23.17,53.88,8367
2017-04-11,11.7,15.94,54.33,8100
2017-04-12,11.4,22.72,54.61,7467
2017-04-13,12.3,23.11,54.16,7333
2017-04-14,13.3,16.81,53.91,7333
2017-04-17,11.6,1.67,53.49,7333
2017-04-18,14.4,17.95,53.12,7333
2017-04-19,13.3,25.68,53.04,7333
2017-04-20,11.7,7.78,51.46,7333
2017-04-21,12.5,20.12,51.36,7333
2017-04-24,15.3,26.01,50.94,7333
2017-04-25,17.3,18.04,50.13,7333
2017-04-26,14.7,21.65,50.57,7333
2017-04-27,11,25.47,50.02,7333
2017-04-28,14.4,25.63,50.16,7000
2017-05-02,15.4,23.74,53.565,7000
2017-05-04,19.5,21.84,48.825,7000
2017-05-08,16.5,19.39,48.805,7000
2017-05-10,14.5,8.34,49.01,7000
2017-05-11,17.1,17.18,49.64,7000
2017-05-12,16.2,7.01,49.46,7000
2017-05-15,14.8,24.25,50.82,6500
2017-05-16,15.9,17.75,51.09,6500
2017-05-17,17.3,22.94,50.42,6500
2017-05-18,18.2,25.11,51,6500
2017-05-19,20.2,27.86,51.96,6500
2017-05-22,20.2,26.97,52.79,6500
2017-05-23,19.5,18.5,52.31,6500
2017-05-24,18.5,14.77,53.1,6500
2017-05-25,20.2,25.97,52.78,6500
2017-05-26,15.5,22.3,50.42,6500
2017-05-29,23.8,25.92,50.65,6400
2017-05-30,22.2,19.57,50.48,6400
2017-05-31,21.7,21.29,50.09,6400
2017-06-01,20.4,17.12,50.16,6400
2017-06-02,19.5,28.65,48.34,6400
2017-06-05,18.7,29.25,48.77,6400
2017-06-07,19.8,5.49,48.42,6400
2017-06-08,20.8,28.64,47.07,6400
2017-06-09,23,26.4,46.46,6400
2017-06-12,18.5,25.75,47.02,6400
2017-06-13,19,25.06,47.3,6400
2017-06-14,19.2,23.63,46.84,6400
2017-06-15,22.6,27.24,45.37,6400
2017-06-16,22.2,27.51,45.88,6400
2017-06-19,25.9,25.63,45.68,6400
2017-06-20,24.5,15.78,45.62,6400
2017-06-21,24.2,20.17,44.32,6400
2017-06-22,24.8,26.28,43.5,6400
2017-06-23,25.5,24.41,44.17,6400
2017-06-26,22.3,12.58,45.265,6400
2017-06-27,23.6,17.61,45.03,6400
2017-06-28,25,22.46,45.3,6400
2017-06-29,24.8,19.79,46.36,6400
2017-06-30,26.8,23.35,46.47,6400
2017-07-03,25.4,8.43,47.62,6710
2017-07-04,25.9,18.17,48.43,6710
2017-07-05,26.7,22.96,48.34,6710
2017-07-06,26.1,18.85,47.07,6710
2017-07-07,25.9,12.56,46.05,6710
2017-07-10,28.5,10.32,45.24,6710
2017-07-11,28.1,24.09,45.27,6710
2017-07-12,27.3,24.57,46.82,6710
2017-07-13,27.1,27.4,46.1,6710
2017-07-14,26.2,22.18,46.99,6710
2017-07-17,25.2,14.97,47.65,6710
2017-07-18,26.1,17.95,47.2,6710
2017-07-19,27.3,22.44,47.41,6710
2017-07-20,28.4,25.47,48.33,6710
2017-07-21,29.1,21.02,48.17,6710
2017-07-24,27.3,8.55,46.51,6710
2017-07-25,24.7,8.43,47.3,6710
2017-07-26,24,26.75,49.05,6710
2017-07-27,24.2,26.59,49.35,6710
2017-07-28,25.9,13.44,49.72,6710
2017-07-31,23.8,4.16,50.38,6710
2017-08-01,25.8,16.62,51.22,7020
2017-08-02,26.5,17.77,50.29,7020
2017-08-03,25.3,19.91,50.83,7020
2017-08-04,28.4,20.75,50.36,7020
2017-08-07,28,23.23,50.8,7020
2017-08-08,27.4,22.26,51.24,7020
2017-08-09,25.2,5.58,51.43,7020
2017-08-10,24.6,4.76,51.62,7020
2017-08-11,25.5,20.33,49.86,7020
2017-08-14,22.6,5.55,50.36,7020
2017-08-16,24.6,10.25,49.53,7020
2017-08-17,23.6,8.6,48.65,7020
2017-08-18,25.3,17.99,49.26,7020
2017-08-21,26,12.98,50.72,7020
2017-08-22,26.5,19.56,49.97,7020
2017-08-23,27.7,17.06,49.93,7020
2017-08-24,28.5,14.32,50.55,7020
2017-08-25,25.6,21.04,50.56,7020
2017-08-28,23.6,18.56,50.55,7020
2017-08-29,23.2,24.08,50.1,7020
2017-08-30,18.3,8.45,49.93,7020
2017-08-31,19.9,22.8,49.26,7020
2017-09-01,20,23.13,50.35,7330
2017-09-04,20.2,19.04,50.6,7330
2017-09-05,19.9,7.97,51.02,7330
2017-09-06,21.3,7.64,52.14,7330
2017-09-07,21.3,19.34,52.99,7330
2017-09-08,21.2,20.77,53.18,7330
2017-09-11,20.2,4.12,52.14,7330
2017-09-12,21.8,21.38,52.17,7330
2017-09-13,18.5,22.49,52.87,7330
2017-09-14,18.8,20.82,53.57,7330
2017-09-15,18.6,18.7,53.64,7330
2017-09-18,19.4,20.25,54.19,7330
2017-09-19,19.5,16.12,54.07,7330
2017-09-20,18.4,17.69,53.93,7330
2017-09-21,16.5,19.7,54.65,7330
2017-09-22,17.8,18.64,54.66,7330
2017-09-25,20.1,17.02,54.83,7330
2017-09-26,20.5,16.81,56.15,7330
2017-09-27,18.3,3.33,55.65,7330
2017-09-28,18.1,16.99,55.55,7330
2017-09-29,13.3,18.19,55.19,7330
2017-10-10,20.3,14.98,54.08,7325
2017-10-11,18.1,4.32,54.78,7325
2017-10-12,13.6,1.62,54.97,7325
2017-10-13,12.1,16.89,55.4,7325
2017-10-16,13.9,8.47,55.98,7325
2017-10-17,13.1,15.09,56.33,7325
2017-10-18,13.5,2.83,55.92,7325
2017-10-19,13.7,8.29,55.51,7325
2017-10-20,13.6,15.87,55.13,7325
2017-10-23,11,12.44,55.85,7350
2017-10-24,9.7,12.6,55.28,7350
2017-10-25,8.9,12.9,56.2,7350
2017-10-26,10.1,10.2,56.21,7350
2017-10-27,13.7,8.22,57,7350
2017-10-30,4.7,14.82,58.33,7350
2017-10-31,5.1,14.71,58.32,7350
2017-11-01,10.2,12.63,59.61,7350
2017-11-02,11.4,11.29,58.58,7425
2017-11-03,10,8.22,58.93,7475
2017-11-06,5.6,12.72,60.58,7475
2017-11-07,9.5,12.12,62.39,7475
2017-11-08,11.7,11.7,61.8,7475
2017-11-09,6,12.63,61.61,7475
2017-11-10,10.3,9.87,62.06,7475
2017-11-13,5,9,61.63,7475
2017-11-14,5.9,11.39,61.25,7475
2017-11-15,3.3,11.43,60.04,7475
2017-11-16,1.5,12.49,60.29,7475
2017-11-17,2.9,8.02,59.66,7475
2017-11-20,1.7,11.56,60.68,7475
2017-11-21,0.4,12.77,60.48,7475
2017-11-22,1.3,3.17,61.12,7475
2017-11-23,-0.3,11.44,61.13,7475
2017-11-24,0.2,8.74,61.62,7475
2017-11-27,2.1,9.49,61.5,7475
2017-11-28,3.5,6.53,61.25,7475
2017-11-29,5.9,8.79,60.97,7475
2017-11-30,2.2,10.71,60.82,7475
2017-12-04,1.3,10.1,60.99,7475
2017-12-05,-3.4,11.26,60.22,7475
2017-12-06,-2.4,8.81,60.72,7475
2017-12-07,0.3,6.52,59.43,7475
2017-12-08,-2.7,10.93,60.26,7475
2017-12-11,-2.7,9.72,60.96,7475
2017-12-12,-8,11.12,62.52,7475
2017-12-13,-8.6,11.12,61.33,7475
2017-12-14,-6.3,8.42,60.23,7475
2017-12-15,-3.1,7.79,61.18,7475
2017-12-18,-3.6,7.31,61.28,7475
2017-12-19,-2.6,9.85,61.4,7475
2017-12-20,-5.6,10.02,61.6,7475
2017-12-21,-3.3,10.56,62.17,7475
2017-12-22,-2.8,8.97,62.37,7475
2017-12-26,-1.8,10.36,62.61,7475
2017-12-27,-5.2,11.18,63.94,7475
2017-12-28,-5.1,7.93,63.85,7475
2017-12-29,0,6.97,64.33,7475
2018-01-02,-1.9,7.92,64.37,7475
2018-01-03,-3.7,11.01,64.15,7475
2018-01-04,-2.9,9.85,65.35,7475
2018-01-05,-0.6,9.81,65.33,7475
2018-01-08,0.4,2.61,65.04,7475
2018-01-09,-1.4,6.39,65.51,7475
2018-01-10,-4.3,9.14,66.59,7475
2018-01-11,-10.5,11.72,66.5,7475
2018-01-12,-11.8,11.97,66.29,7475
2018-01-15,1.4,9.76,67.03,7475
2018-01-16,2.8,5.83,67.09,7475
2018-01-17,3.7,2.67,66.27,7475
2018-01-18,2.8,6.18,66.42,7475
2018-01-19,-1.2,9.84,65.95,7475
2018-01-22,3.2,6.36,66.09,7475
2018-01-23,-5.5,12.84,66.49,7475
2018-01-24,-10.2,12.9,66.86,7475
2018-01-25,-10.7,12.29,67.98,7475
2018-01-26,-11.1,13.24,67.4,7475
2018-01-29,-7.9,12.81,67.55,7475
2018-01-30,-7.4,12.73,66.38,7475
2018-01-31,-2.9,9.41,65.77,7475
2018-02-01,-4.7,13.52,66.12,7475
2018-02-02,-5.2,12.39,67.02,7475
2018-02-05,-9.6,14.4,65.07,7475
2018-02-06,-10,14.54,64.25,7475
2018-02-07,-9.4,14.51,64.05,7475
2018-02-08,-7.1,13.24,62.26,7475
2018-02-09,-0.8,11.4,61.12,7475
2018-02-12,-6.4,12.89,60.29,7475
2018-02-13,-3.6,15.29,59.84,7475
2018-02-14,2,12.17,59.4,7475
2018-02-19,1.5,12.93,61.77,7475
2018-02-20,2,13.67,62.05,7475
2018-02-21,-0.4,13.28,61.3,7475
2018-02-22,-2.4,15.79,61.6,7475
2018-02-23,1.2,11.85,62.77,7475
2018-02-26,1.4,17.31,63.9,7475
2018-02-27,4.3,14.1,64.02,7475
2018-02-28,5.3,1.51,63.22,7475
2018-03-02,0.8,18.25,60.28,7475
2018-03-05,5.5,6.43,61.32,7475
2018-03-06,4.4,19.08,62.04,7475
2018-03-07,4.1,3.24,61.61,7475
2018-03-08,2,3.66,60.8,7475
2018-03-09,2.7,10.38,60.28,7475
2018-03-12,7.1,18.44,61.71,7475
2018-03-13,10.1,17.54,61.25,7475
2018-03-14,13.2,19.12,61.23,7475
2018-03-15,13,2.68,61.45,7475
2018-03-16,3.9,11.91,61.74,7475
2018-03-19,8.2,2.9,62.48,7475
2018-03-20,5.3,13.23,62.98,7475
2018-03-21,2.1,5.12,63.89,7475
2018-03-22,4.8,21.54,65.44,7475
2018-03-23,5.6,20.36,65.33,7475
2018-03-26,10.8,21.39,65.97,7475
2018-03-27,13.1,20.76,65.83,7475
2018-03-28,14.1,20.92,65.24,7475
2018-03-29,14.4,15.38,65.33,7475
2018-03-30,11.7,20.4,61.72,7425
2018-04-02,18.1,21.14,66.79,7425
2018-04-03,18.4,15.99,65.16,7425
2018-04-04,10.9,3.49,64.7,7425
2018-04-05,7.9,3.11,65.38,7425
2018-04-06,9,18.25,65.37,7425
2018-04-09,11.3,25.66,64.7,7425
2018-04-10,14.7,23.66,66.51,7425
2018-04-11,16.5,26.73,67.58,7425
2018-04-12,12.9,26.64,68.63,7425
2018-04-13,11.8,19.45,69.04,7425
2018-04-16,10.9,26.57,68.18,7425
2018-04-17,12.7,25.75,68.23,7425
2018-04-18,13.3,27.85,68.81,7425
2018-04-19,15.1,27.63,70.75,7425
2018-04-20,18,26.69,70.42,7425
2018-04-23,11.5,2.52,70.29,7425
2018-04-24,12,7.1,71.24,7425
2018-04-25,12.1,28.42,70.36,7350
2018-04-26,14.2,24.08,70.63,7350
2018-04-27,15.3,26.07,70.88,7350
2018-04-30,18.6,24.96,70.05,7300
2018-05-02,16.3,3.49,70.25,7300
2018-05-03,13.4,25.87,70.54,7300
2018-05-04,14.1,29.81,70.47,7300
2018-05-08,14.1,15.96,72.48,7300
2018-05-09,13.5,22.8,73.93,7300
2018-05-10,15.8,27.51,74.73,7300
2018-05-11,17.3,28.43,74.46,7300
2018-05-14,19.1,27.85,73.77,7300
2018-05-15,22.4,26.63,75.3,7300
2018-05-16,24,9.29,75.1,7300
2018-05-17,26.6,22.57,76.67,7300
2018-05-18,19.8,3.65,77.06,7250
2018-05-21,16.2,17.1,76.43,7250
2018-05-23,19.8,29.19,76.65,7250
2018-05-24,18.6,30.54,77.03,7250
2018-05-25,19.4,28.2,75.78,7250
2018-05-28,22.2,26.88,73.24,7250
2018-05-29,23,25.02,70.34,7250
2018-05-30,22.2,19.15,73.53,7250
2018-05-31,19.9,29.22,75.45,7250
2018-06-01,22.8,29.49,75.11,7506
2018-06-04,23.4,25.94,74.4,7506
2018-06-05,21.5,18.34,73.61,7506
2018-06-07,24.3,29.81,73.58,7506
2018-06-08,24.1,25.51,74.87,7506
2018-06-11,18,9.67,74.36,7506
2018-06-12,19.9,18.83,74.75,7506
2018-06-14,19.5,12.39,74.31,7506
2018-06-15,19.3,21.71,70.34,7506
2018-06-18,24.8,26.1,70.97,7506
2018-06-19,21.9,10.4,72.07,7506
2018-06-20,24,28.13,72.65,7506
2018-06-21,22.9,31.28,71.25,7506
2018-06-22,24.2,28.71,71.77,7506
2018-06-25,25.8,20.25,72.81,7506
2018-06-26,23.9,3.17,73.03,7506
2018-06-27,26.2,20.84,74.36,7506
2018-06-28,23.3,8.93,75.19,7506
2018-06-29,26,23.79,75.86,7506
2018-07-02,23.3,2.77,75.57,7734
2018-07-03,24.5,8.84,74.77,7734
2018-07-04,26.4,23.1,75.07,7734
2018-07-05,24.1,8.04,74.92,7734
2018-07-06,22.6,13.93,74.18,7734
2018-07-09,20.1,3.64,74.67,7734
2018-07-10,24.7,21.6,76,7734
2018-07-11,28.1,18.12,74.75,7734
2018-07-12,28.9,27.95,72.56,7734
2018-07-13,28.7,29.24,71.65,7734
2018-07-16,30,30.2,72.95,7734
2018-07-17,29.4,29.7,70.36,7734
2018-07-18,28.9,29.63,69.68,7734
2018-07-19,29.6,29.67,70.41,7734
2018-07-20,29.9,29.36,71.52,7734
2018-07-23,30.6,25.97,71.5,7734
2018-07-24,31.1,27.93,71.59,7734
2018-07-25,31.3,26.8,72.49,7734
2018-07-26,31.7,28.89,73.41,7734
2018-07-27,31.6,27.22,73.42,7734
2018-07-30,29.7,24.72,73.38,7734
2018-07-31,29.3,28.79,73.69,7734
2018-08-01,30.1,29.8,72.42,7962
2018-08-02,30.6,28.67,71.14,7962
2018-08-03,31.2,28.44,71.93,7962
2018-08-06,30,16.42,72.11,7962
2018-08-07,29.5,19.74,72.65,7962
2018-08-08,29.1,23.42,73.28,7962
2018-08-09,29.6,20.33,70.34,7962
2018-08-10,27.3,16.6,70.55,7962
2018-08-13,30.9,26.67,71.25,7962
2018-08-14,31.6,22.83,71.79,7962
2018-08-16,26.4,16.99,69.6,7962
2018-08-17,23.9,20.48,70.38,7962
2018-08-20,26.9,24.15,70.81,7962
2018-08-21,28.2,22.61,71.11,7962
2018-08-22,29.6,20.56,72.405,7962
2018-08-23,29.7,14.61,73.14,7962
2018-08-24,27.7,7.73,74,7962
2018-08-27,23.1,3.28,74.41,7962
2018-08-28,25.8,6.2,75.02,7962
2018-08-29,27.8,18.99,74.34,7962
2018-08-30,27,9.31,75.76,7962
2018-08-31,22.1,9.2,75.85,7962
2018-09-03,24,7.49,76.18,8190
2018-09-04,24.6,20.29,76.88,8190
2018-09-05,22.3,23.41,75.83,8190
2018-09-06,21.8,13.18,75.31,8190
2018-09-07,22.1,13.04,74.73,8190
2018-09-10,20.2,19.67,75.83,8190
2018-09-11,18.1,21.95,76.22,8190
2018-09-12,20,16.68,77.45,8190
2018-09-13,18.9,4.05,77.2,8190
2018-09-14,21.2,5.97,76.31,8190
2018-09-17,21.7,20.77,76.43,8190
2018-09-18,20.7,18.75,75.85,8190
2018-09-19,21,9.54,77.02,8190
2018-09-20,20.2,4.35,77.53,8190
2018-09-21,19.5,4.79,77.35,8190
2018-09-27,15.7,18.7,80.36,8190
2018-09-28,15.4,10.43,80.03,8190
2018-10-01,14.5,16.7,80.83,8190
2018-10-02,14.6,20.76,82.88,8190
2018-10-04,17.6,18.32,84.44,8190
2018-10-05,18.7,2.5,83.2,8190
2018-10-08,13.2,20.39,81.61,8190
2018-10-10,13.7,15.37,83.04,8190
2018-10-11,9.4,19.62,80.66,8190
2018-10-12,8.3,19.68,79.36,8190
2018-10-15,12.7,17.14,79.3,8190
2018-10-16,12,6.89,78.83,8190
2018-10-17,11.3,11.51,80.23,8190
2018-10-18,10,8.85,78.43,8190
2018-10-19,11.1,17.66,77.88,8333
2018-10-22,11.4,12.59,78.78,8208
2018-10-23,12.4,12.09,77.83,8158
2018-10-24,10,16.48,74.42,8158
2018-10-25,10.1,15.85,74.96,8158
2018-10-26,10.4,2.04,75.42,8175
2018-10-29,7.4,9.35,76.01,8175
2018-10-30,5.5,16.65,76.18,8175
2018-10-31,5.5,16.2,75.66,8175
2018-11-01,5.2,14.56,73.38,8175
2018-11-02,6.5,14.77,71.67,8175
2018-11-05,8.9,12.75,71.2,8190
2018-11-06,10.4,11.39,70.34,8190
2018-11-07,12.6,3.97,70.64,8190
2018-11-08,14.5,1.14,71.54,8190
2018-11-09,11.7,7.76,69.36,8190
2018-11-12,8.8,11.34,70.59,8190
2018-11-13,8.9,9.58,68.48,8190
2018-11-14,7.9,12.76,64.46,8190
2018-11-15,6.1,9.97,65.39,8190
2018-11-16,5.7,5.62,66.49,8565
2018-11-19,5.2,12.28,66.17,8565
2018-11-20,3.2,12.91,65.51,8565
2018-11-21,4.7,8.2,62.65,8565
2018-11-22,2,13.37,62.44,8565
2018-11-23,-0.8,13.35,61.08,8815
2018-11-26,2.8,7.6,59.13,8858
2018-11-27,4.7,9.14,59.07,9183
2018-11-28,2.9,6.32,60.18,9183
2018-11-29,2.9,8.21,58.3,9183
2018-11-30,3.2,12.04,59.02,9183
2018-12-03,10.7,2.48,61.19,9200
2018-12-04,11.6,4.58,61.54,9200
2018-12-05,4.9,9.22,59.81,9225
2018-12-06,4.9,5.42,59.85,9225
2018-12-10,-4.8,11.71,60.22,9225
2018-12-11,-1.2,1.45,58.37,9225
2018-12-12,-4.1,7.84,59.23,9225
2018-12-13,-4.2,9.37,58.81,9225
2018-12-14,-5.7,12.9,59.67,9250
2018-12-17,-0.6,10.84,58.92,9250
2018-12-18,-0.8,9.22,57.21,9250
2018-12-19,2.3,9.8,55.05,9250
2018-12-20,0.8,5.84,54.47,9250
2018-12-21,1.5,10.45,53.51,9250
2018-12-24,-2.9,11.97,51.515,9250
2018-12-26,2.4,9.87,49.52,9250
2018-12-27,-4,11.88,53.07,9250
2018-12-28,-8.5,12.13,52.86,9250
2018-12-31,-6.6,12.64,53.07,9250
2019-01-02,-5.6,11.89,51.86,9250
2019-01-03,-5.7,11.81,53.2,9250
2019-01-04,-3.8,9.47,55.59,9250
2019-01-07,-3.6,10.84,56.79,9250
2019-01-08,-1.8,11.62,56.18,9750
2019-01-09,-5.4,10.14,58.07,9825
2019-01-10,-1.5,11.23,59.6,9825
2019-01-11,-0.8,11.07,61.16,9865
2019-01-14,-0.8,5.48,58.92,9865
2019-01-15,0.2,8.75,58.63,9875
2019-01-16,-4.6,11.88,60.15,9875
2019-01-17,-1.6,10.22,60.03,9875
2019-01-18,-2,13.01,61.12,9875
2019-01-21,-1,13.67,61.88,9875
2019-01-22,1.1,13.12,61.43,9875
2019-01-23,0.4,11.45,61.23,9875
2019-01-24,-2.1,13.35,60.41,9875
2019-01-25,-2.5,12.92,61.16,9875
2019-01-28,0.4,12.8,60.32,9875
2019-01-29,-2.2,13.9,59.44,9875
2019-01-30,1.6,12.57,60.93,9875
2019-01-31,-0.2,3.35,61.82,9875
2019-02-01,-3.3,14.64,60.87,9875
2019-02-07,2.7,10.32,62.51,9875
2019-02-08,-1.8,14.18,61.62,9875
2019-02-11,-0.8,16.7,62.02,9875
2019-02-12,-1.8,14.45,62.23,9875
2019-02-13,-0.9,15.16,63.34,9875
2019-02-14,0.1,10.74,65.32,9875
2019-02-15,2.8,15.2,65.12,9875
2019-02-18,1.3,2.13,66.73,9875
2019-02-19,2.6,11.02,66.48,9875
2019-02-20,1.7,14.67,66.38,9890
2019-02-21,1.3,14.05,67.12,9640
2019-02-22,2.9,14.43,67.22,9640
2019-02-25,5.2,17.14,66.84,9640
2019-02-26,3.9,9.1,64.56,9640
2019-02-27,7.6,13.67,65.3,9640
2019-02-28,6.6,17.21,65.98,9640
2019-03-04,8.8,13.38,65.36,9640
2019-03-05,7.3,15.7,65.73,9640
2019-03-06,10,11.33,65.85,9640
2019-03-07,6.5,19.14,66.47,9640
2019-03-08,5,16.54,65.77,9640
2019-03-11,7,15.51,66.81,9640
2019-03-12,6.5,18.17,67.15,9640
2019-03-13,3.1,20.67,67.22,9640
2019-03-14,3.2,15.41,68.17,9640
2019-03-15,5.4,18.65,67.71,9640
2019-03-18,6,19.51,67.32,9640
2019-03-19,9.8,9.32,67.63,9640
2019-03-20,10.5,7.86,67.67,9640
2019-03-21,10.8,20.91,68.23,9640
2019-03-22,5.4,17.37,67.46,9640
2019-03-25,6.4,22.3,66.34,9640
2019-03-26,8.3,18.2,67.17,9640
2019-03-27,12.5,16.33,67.37,9640
2019-03-28,10.5,17.79,66.56,9640
2019-03-29,10.7,14.01,67.23,9640
2019-04-01,4,24.85,68.23,9640
2019-04-02,5.2,25.01,68.81,9640
2019-04-03,6.8,24.95,69.43,9640
2019-04-04,8.9,14.67,68.67,9640
2019-04-05,9.7,19.51,68.82,9640
2019-04-08,11.3,12.69,70.29,9640
2019-04-09,7.6,8.24,70.53,9640
2019-04-10,7.3,18.32,70.08,9640
2019-04-11,8.8,22.06,70.52,9640
2019-04-12,10.7,23.92,70.1,9640
2019-04-15,10.5,24.32,70.32,9640
2019-04-16,13.1,25.83,70.21,9640
2019-04-17,15.7,21.03,71.33,9640
2019-04-18,16,5.54,71.07,9640
2019-04-19,12.3,25.91,71.5,9640
2019-04-22,18.1,13.27,73.36,9640
2019-04-23,17,10.61,73.77,9640
2019-04-24,18,10.4,73.67,9640
2019-04-25,15.3,4.31,74.46,9640
2019-04-26,10.2,26.96,73.45,9640
2019-04-29,10.2,20.29,71.09,9640
2019-04-30,14.6,23.6,71.63,9640
2019-05-02,15.5,27.96,71.43,9640
2019-05-03,16.5,25.72,69.93,9640
2019-05-07,12.9,24.64,70.29,9640
2019-05-08,15.1,24.94,69.28,9640
2019-05-09,16.4,27.72,69.09,9640
2019-05-10,17,26.95,70.1,9640
2019-05-13,18.4,27.27,70.97,9640
2019-05-14,21.6,25.21,69.7,9640
2019-05-15,21.9,26.43,70.46,9640
2019-05-16,22.1,18.59,72.04,9640
2019-05-17,22.1,8.79,72.46,9640
2019-05-20,17.7,30.23,71,9640
2019-05-21,15.5,30.03,71.64,9640
2019-05-22,17.6,29.33,71.23,9640
2019-05-23,19.2,28.29,69.22,9640
2019-05-24,22.4,24.04,66.73,9640
2019-05-27,20.3,21.93,66.88,9640
2019-05-28,17.3,30.14,68.31,9640
2019-05-29,18.5,24.19,67.13,9640
2019-05-30,20.1,28.38,67.12,9640
2019-05-31,19.4,23.12,63.83,9640
2019-06-03,22,27.11,60.17,8638
2019-06-04,24.3,28.64,60.03,8638
2019-06-05,24.9,15.67,60.685,8638
2019-06-07,19.5,26.99,61.2,8638
2019-06-10,19,25.1,61.92,8638
2019-06-11,19.6,29.04,61.28,8638
2019-06-12,20.3,29.46,59.9,8638
2019-06-13,22,12.15,60.28,8638
2019-06-14,20,20.62,59.9,8638
2019-06-17,22.9,18.21,60.74,8638
2019-06-18,21.9,19.98,59.92,8638
2019-06-19,22.8,28.43,61.22,8638
2019-06-20,24.4,29.1,62.61,8638
2019-06-21,24.6,26.56,64.22,8638
2019-06-24,23.5,28.99,64.02,8638
2019-06-25,24.4,8.72,63.38,8638
2019-06-26,20.9,14.35,64.29,8638
2019-06-27,24.2,15.86,64.42,8638
2019-06-28,24.8,6.64,64.88,8638
2019-07-01,23.1,29.85,64.92,7636
2019-07-02,23.4,18.61,63.43,7636
2019-07-03,22.8,26.94,60.62,7636
2019-07-04,24.5,28.42,61.75,7636
2019-07-05,25,29.67,61.62,7636
2019-07-08,22,20.34,63.32,7636
2019-07-09,21.4,8.01,62.63,7636
2019-07-10,21.3,12.04,63.9,7636
2019-07-11,24.1,16.14,65.95,7636
2019-07-12,24.2,20.06,65.88,7636
2019-07-15,22.9,18.89,65.22,7636
2019-07-16,23.7,18.23,64.58,7636
2019-07-17,24.7,16.03,63.23,7636
2019-07-18,24.4,11.66,62.14,7636
2019-07-19,25.6,6.17,61.55,7636
2019-07-22,27.4,25.75,62.74,7636
2019-07-23,28.7,11.29,62.11,7636
2019-07-24,27.2,2.73,63.21,7636
2019-07-25,26.3,11.04,63.03,7636
2019-07-26,28,15.47,62.83,7636
2019-07-29,28.6,20.45,62.53,7636
2019-07-30,29.3,22.18,63.63,7636
2019-07-31,29.5,26.63,64.57,7636
2019-08-01,29.9,27.41,63.05,6636
2019-08-02,29.7,22.39,60.33,6636
2019-08-05,29.8,13.36,59.68,6636
2019-08-06,26.1,15.82,58.75,6636
2019-08-07,27.9,19.85,57.89,6636
2019-08-08,28,25.62,56.83,6636
2019-08-09,28.8,25.47,57,6636
2019-08-12,29.5,18.67,57.8125,6636
2019-08-13,29.6,15.14,57.76,6636
2019-08-14,29,7.06,59.66,6636
2019-08-16,27.2,23.19,58.2,6636
2019-08-19,25.4,23.64,58.4,6636
2019-08-20,26.3,18.17,59.24,6636
2019-08-21,26.5,11.59,60.09,6636
2019-08-22,25.6,17.9,60.29,6636
2019-08-23,23.9,12.78,59.43,6636
2019-08-26,24.4,5.09,58.59,6636
2019-08-27,21.9,9.66,58.07,6636
2019-08-28,23.1,7.57,58.99,6636
2019-08-29,22.1,23.55,59.32,6636
2019-08-30,22.7,21.55,59.62,6636
2019-09-02,21.1,4.46,57.62,5750
2019-09-03,22,7.68,56.48,5625
2019-09-04,24.3,14.09,56.72,5625
2019-09-05,25.4,12.34,58.53,5625
2019-09-06,26.1,10.18,59.23,5625
2019-09-09,25.4,21.84,60.12,5625
2019-09-10,26.3,4.46,60.89,5625
2019-09-11,23.7,6.77,60.89,5625
2019-09-16,21.5,22.84,63.88,5625
2019-09-17,19.8,22.55,67.53,5625
2019-09-18,21.2,21.26,63.3,5625
2019-09-19,19.7,7.35,63.23,5625
2019-09-20,18.6,2.96,64.28,5625
2019-09-23,17.7,18.9,63.59,5625
2019-09-24,17.7,13,63.46,5625
2019-09-25,17.5,11.68,61.57,5625
2019-09-26,19.4,18.34,61.73,5625
2019-09-27,21.1,16.68,62.07,5625
2019-09-30,22,5.67,60.94,5625
2019-10-01,22.8,1.63,59.22,5625
2019-10-02,21.9,9.67,58.67,5625
2019-10-04,21.1,11.16,57.84,5625
2019-10-07,15.2,15.38,58.24,5625
2019-10-08,15.4,19.03,58.03,5625
2019-10-10,13.6,17.45,57.77,5625
2019-10-11,17.6,18.17,60.44,5625
2019-10-14,13.7,12.86,60.03,5625
2019-10-15,13.5,13.92,59.42,5625
2019-10-16,10.8,10.88,58.8,5625
2019-10-17,12.4,3.39,59.23,5625
2019-10-18,13.4,14.44,59.7,5625
2019-10-21,13.3,15.23,59.38,5625
2019-10-22,13.4,5.98,58.95,5625
2019-10-23,13.9,10.63,59.67,5625
2019-10-24,17.4,13.5,61.04,5625
2019-10-25,16,14.99,61.46,5625
2019-10-28,8.5,12.29,61.06,5625
2019-10-29,10.1,15.82,61,5625
2019-10-30,8.4,14.69,61.32,5625
2019-10-31,10,13.82,61.1,5625
2019-11-01,12,8.54,58.72,5625
2019-11-04,12.3,13,60.74,5625
2019-11-05,9.1,12.2,61.34,5625
2019-11-06,8.7,12.91,61.49,5625
2019-11-07,8.7,13.91,61.13,5625
2019-11-08,5.2,13.4,60.88,5625
2019-11-11,9.8,10.09,61.15,5625
2019-11-12,7,3.79,62.16,5625
2019-11-13,6.7,14.36,61.48,5625
2019-11-14,2.8,11.42,62.47,5625
2019-11-15,5,9.59,61.93,5625
2019-11-18,9.5,12.97,62.84,5625
2019-11-19,3.8,13.29,61.86,5625
2019-11-20,0.2,11.04,60.45,5625
2019-11-21,2.8,11.74,62.13,5625
2019-11-22,7.1,9.5,63.74,5625
2019-11-25,7.8,9.39,63.43,5500
2019-11-26,7.8,7.04,63.1,5500
2019-11-27,4.8,7.19,63.69,5500
2019-11-28,3.7,11.3,63.33,5500
2019-11-29,1.8,7.5,63.83,5500
2019-12-02,3.9,8.85,60.83,5500
2019-12-03,1.3,10.89,60.98,5500
2019-12-04,2.5,10.98,61.11,5500
2019-12-05,-1.6,11.43,62.73,5500
2019-12-09,-1.2,6.79,63.74,5500
2019-12-10,1.4,6.01,63.84,5500
2019-12-11,4.4,10.88,63.78,5500
2019-12-12,-0.2,8.52,64.01,5500
2019-12-13,-1.9,9.75,64.92,5500
2019-12-16,3.8,3.66,65.54,5500
2019-12-17,6.1,9.13,65.62,5500
2019-12-18,3.9,10.02,66.14,5500
2019-12-19,1.2,9.85,66.48,5500
2019-12-20,-0.9,6.51,66.87,5500
2019-12-23,1.1,8.56,66.21,5500
2019-12-24,-0.2,8.99,66.77,5500
2019-12-26,2.4,10.7,67.88,5500
2019-12-27,-1.2,10.33,67.81,5500
2019-12-30,4.2,3.37,67.81,5500
2019-12-31,-3.5,11.09,67.27,5500
2020-01-02,-0.5,9.22,65.69,5500
2020-01-03,-0.4,9.85,67.79,5500
2020-01-06,0.2,1.86,69.65,5500
2020-01-07,4.9,0.68,68.34,5500
2020-01-08,6.9,7.37,69.24,5500
2020-01-09,0.6,9.95,66.17,5500
2020-01-10,-1.8,10.61,65.93,5500
2020-01-13,-0.9,10.16,65.68,5500
2020-01-14,-0.8,10.5,64.78,5500
2020-01-15,-3.4,11.95,64.61,5500
2020-01-16,-3.3,11.02,64.74,5500
2020-01-17,-2,9.35,65.1,5500
2020-01-20,1.5,10.37,65.24,5500
2020-01-21,-1.7,12.67,64.27,5500
2020-01-22,1.3,2.44,64.26,5500
2020-01-23,4.5,4.78,62.77,5500
2020-01-28,6.1,8.64,58.57,5500
2020-01-29,5.9,8.58,59.37,5500
2020-01-30,4.3,7.3,57.76,5500
2020-01-31,2.4,6.52,58.45,5500
2020-02-03,-0.9,13.25,55.23,5500
2020-02-04,-2.2,15.07,53.99,5500
2020-02-05,-3.1,15.76,53.57,5500
2020-02-06,-5.8,13.58,55.18,5500
2020-02-07,-2.8,13.71,54.37,5500
2020-02-10,1.4,14.76,53.33,5500
2020-02-11,3,14.39,53.03,5500
2020-02-12,5.2,1.07,54.23,5500
2020-02-13,7.2,13.59,54.54,5500
2020-02-14,5.8,13.42,55.23,5500
2020-02-17,-2.2,12.8,55.98,5500
2020-02-18,-3.1,17.62,55.11,5500
2020-02-19,0.1,16.04,56.39,5500
2020-02-20,2.9,15.8,56.92,5500
2020-02-21,6.1,12.26,56.41,5500
2020-02-24,5.1,15.94,54.64,5500
2020-02-25,6.1,1.03,54.48,5500
2020-02-26,7.9,9.68,52.28,5500
2020-02-27,4.2,11.52,50.62,5500
2020-02-28,2.8,4.1,49.05,5500
2020-03-02,5.3,18.49,50.58,5500
2020-03-03,5.7,13.09,51.72,5500
2020-03-04,5.1,18.07,50.81,5500
2020-03-05,1.5,19.61,50.78,5500
2020-03-06,1.9,20.69,48.58,5500
2020-03-09,7.6,11.91,32.87,5500
2020-03-10,8.5,3.78,34.18,5500
2020-03-11,4.4,21.4,34.58,5500
2020-03-12,4.7,20.74,32.69,5300
2020-03-13,6.6,14.48,33.93,5300
2020-03-16,2.9,22.12,31.49,5300
2020-03-17,6.4,8.57,30.83,5300
2020-03-18,7.9,21.76,28.26,5300
2020-03-19,7.9,15.2,25.82,5300
2020-03-20,8,21.73,28.67,5300
2020-03-23,8.9,21.3,24.6,5300
2020-03-24,8.6,22.05,26.64,5300
2020-03-25,10.4,21.44,27.05,5300
2020-03-26,12.5,13.62,25.74,5300
2020-03-27,12.8,5.38,25.04,5300
2020-03-30,9.9,23.8,23.24,5300
2020-03-31,10.6,22.56,23.43,5300
2020-04-01,11.7,15.02,21.23,5300
2020-04-02,8.6,22.62,21.55,5300
2020-04-03,9.6,25.09,24.51,5300
2020-04-06,8,24.95,24.87,5300
2020-04-07,12.3,21.98,24.88,5300
2020-04-08,9.9,26.11,23.52,5300
2020-04-09,8.2,24.26,23.32,5300
2020-04-10,10,18.06,22.76,5300
2020-04-13,7.9,21.2,22.31,5300
2020-04-14,10.4,26.52,21.66,5300
2020-04-16,11.9,24.55,19.72,5300
2020-04-17,10.9,8.43,20.61,5300
2020-04-20,12.2,13.88,20.78,5300
2020-04-21,9.7,25.9,17.37,5300
2020-04-22,6.7,24.93,13.52,5300
2020-04-23,8.8,25.13,18.13,5300
2020-04-24,8.4,26.75,18.17,5300
2020-04-27,11.1,21.58,17.97,5300
2020-04-28,12.7,27.25,16.63,5200
2020-04-29,14.5,26.83,17.12,5200
2020-05-04,21.1,21.61,24.33,5200
2020-05-06,17,26.94,26.88,5200
2020-05-07,14.3,26.26,26,5200
2020-05-08,16.4,25.59,25.92,5200
2020-05-11,17.8,27.77,26.72,5200
2020-05-12,17.4,25.68,26.93,5200
2020-05-13,15.4,29.55,26.84,5200
2020-05-14,17,21.28,29.83,5200
2020-05-15,14.8,2.15,31.94,5200
2020-05-18,19.9,19.77,32.9,5200
2020-05-19,13.6,12.47,33.18,5200
2020-05-20,12.6,17.86,32.95,5200
2020-05-21,15,26.7,34.1,5200
2020-05-22,17.7,20.33,32.62,5200
2020-05-25,17.6,18.2,34.04,5200
2020-05-26,19.7,24.34,34.81,5200
2020-05-27,18.9,28.94,34.48,5200
2020-05-28,18.4,28.45,33.17,5200
2020-05-29,18.5,29.48,34.86,5200
2020-06-01,21.3,29.04,37.97,5200
2020-06-02,19.7,19.92,38.93,5200
2020-06-03,21.8,25.15,39.87,5200
2020-06-04,24.9,28.25,38.82,5200
2020-06-05,25.4,24.16,40.63,5200
2020-06-08,24.7,28.58,42.94,5200
2020-06-09,26.3,28.14,40.85,5200
2020-06-10,26.9,25.36,40.91,5200
2020-06-11,24.9,26.97,40.6,5200
2020-06-12,23.8,9.05,38.42,5200
2020-06-15,22.7,26.9,38.35,5200
2020-06-16,22.7,29.62,40.29,5200
2020-06-17,21.6,20.93,41.46,5200
2020-06-18,19.6,8,41.09,5200
2020-06-19,22.5,23.26,42.95,5200
2020-06-22,23.8,30.4,42.32,5200
2020-06-23,24.8,26.2,43.39,5200
2020-06-24,21.9,7.08,42.49,5200
2020-06-25,22.2,6.33,40.58,5200
2020-06-26,23.1,22.91,42.02,5200
2020-06-29,21.6,11.66,40.63,5200
2020-06-30,21.5,6.72,42.07,5200
2020-07-01,20.3,13,42.7,6492
2020-07-02,21.5,23.88,42.85,6492
2020-07-03,20,8.76,42.68,6492
2020-07-06,22.8,16.24,43.66,6492
2020-07-07,24.4,22.9,42.9,6492
2020-07-08,24.3,28.3,43.34,6492
2020-07-09,25.4,26.51,43.63,6492
2020-07-10,23.6,11.75,43.2,6492
2020-07-13,18.9,3.76,43.38,6492
2020-07-14,19.7,8.02,42.78,6492
2020-07-15,19.4,10.7,44.18,6492
2020-07-16,22,25.23,43.37,6492
2020-07-17,22.7,28.85,42.86,6492
2020-07-20,26.9,13.92,42.72,6492
2020-07-21,26.4,26.54,43.87,6492
2020-07-22,22.7,4.66,44.12,6492
2020-07-23,21.3,3.5,44.42,6492
2020-07-24,21.4,7.43,43.11,6492
2020-07-27,22.7,8.59,43.13,6492
2020-07-28,22.9,5.01,43.12,6492
2020-07-29,23.2,4.59,43.27,6492
2020-07-30,24.5,5.48,43.14,6492
2020-07-31,25.4,17.51,43.1,6492
2020-08-03,26.5,10.95,42.48,7787
2020-08-04,27.5,19.68,42.97,7787
2020-08-05,26.9,10.31,43.76,7787
2020-08-06,26.4,5.36,43.71,7787
2020-08-07,23,3.95,43.88,7787
2020-08-10,25.8,4.81,42.865,7787
2020-08-11,25.4,9.49,44.12,7787
2020-08-12,26.8,12.63,43.63,7787
2020-08-13,28.4,21.04,44.18,7787
2020-08-14,28.2,19.19,43.44,7787
2020-08-18,27,23.4,44.46,7787
2020-08-19,27.4,24.88,43.8,7787
2020-08-20,27.3,24.46,43.89,7787
2020-08-21,26.2,22.38,43.96,7787
2020-08-24,26.5,21.13,43.78,7787
2020-08-25,27.5,22.8,44.34,7787
2020-08-26,28.7,20.45,44.83,7787
2020-08-27,28,15.86,45.01,7787
2020-08-28,27.8,17.96,44.12,7787
2020-08-31,24.8,14.34,45.93,7787
2020-09-01,24.2,12.24,45.11,7805
2020-09-02,25,4.88,45.3,7805
2020-09-03,23.9,15.46,43.43,7805
2020-09-04,21.3,20.27,43.78,7805
2020-09-07,21.4,3.32,41.42,7805
2020-09-08,22.1,21.63,40.68,7805
2020-09-09,21.7,17.15,39.49,7805
2020-09-10,21.6,14.5,39.74,7805
2020-09-11,20.8,7,39.27,7805
2020-09-14,20.7,18.93,38.89,7805
2020-09-15,21.7,21.18,39.24,7805
2020-09-16,21,8.03,41.21,7805
2020-09-17,21.1,6.68,41.67,7805
2020-09-18,18.8,16.04,43.02,7805
2020-09-21,15.1,18.36,41.63,7855
2020-09-22,15.5,15.19,41.14,7855
2020-09-23,16.7,12.25,41.38,7855
2020-09-24,18,13.46,41.21,7855
2020-09-25,17.5,15.01,41.98,7855
2020-09-28,15.4,19.31,41.41,7855
2020-09-29,15.6,15.77,41.87,7855
2020-10-05,13,20,39.27,7855
2020-10-06,12,19.5,40.55,7684
2020-10-07,15.4,16.04,41.24,7684
2020-10-08,15.8,17.95,41.46,7684
2020-10-12,14.5,11.8,41.28,7684
2020-10-13,11.7,16.04,41.19,7684
2020-10-14,9.8,7.51,41.62,7684
2020-10-15,10.5,16.25,42.01,7684
2020-10-16,10.5,7.33,41.88,7684
2020-10-19,10.5,15.58,41.77,7684
2020-10-20,11.4,14.95,41.58,7684
2020-10-21,11.3,6.26,41.71,7684
2020-10-22,13.1,6.23,41.36,7684
2020-10-23,9,17.18,41.67,7684
2020-10-26,9.2,14.87,39.84,7684
2020-10-27,9.7,13.49,39.9,7436
2020-10-28,11.9,12.73,39.27,7436
2020-10-29,7.2,14.85,38.26,7476
2020-10-30,8.7,14.17,37.18,7476
2020-11-02,10,11.21,36.3,7676
2020-11-03,4.7,15.37,39.52,7676
2020-11-04,1.6,15.54,39.76,7676
2020-11-05,5.4,13.61,40.69,7676
2020-11-06,10,4.92,40.57,7676
2020-11-09,4.3,14.38,40.34,7676
2020-11-10,4.5,13.93,42.49,7676
2020-11-11,4.7,13.36,44.44,7676
2020-11-12,5.4,13.16,43.95,7676
2020-11-13,6.6,11.66,43.15,7676
2020-11-16,8.8,10.52,43.74,7676
2020-11-17,12,8.17,43.87,7676
2020-11-18,16.4,5.33,43.78,7676
2020-11-19,17.3,2.92,44,7676
2020-11-20,7.2,3.08,44.19,7676
2020-11-23,2.1,12.15,45.61,7676
2020-11-24,2.5,6.91,45.86,7676
2020-11-25,2.4,11.99,47.87,7676
2020-11-26,4.9,8.82,47.49,7676
2020-11-27,5.5,9.13,47.13,7676
2020-11-30,-0.8,11.28,47.02,7676
2020-12-01,-1.2,11.44,47.59,7676
2020-12-02,0.5,10.88,47.08,7676
2020-12-03,0.2,10.35,48.06,7676
2020-12-07,1.3,6.78,48.29,7676
2020-12-08,-2.3,10.67,48.3,7676
2020-12-09,-1.9,10.78,49.14,7676
2020-12-10,3.4,9.34,49.03,7676
2020-12-11,3.1,7.54,50.47,7676
2020-12-14,-4.5,11.12,50.65,7676
2020-12-15,-7.7,11.31,50.17,7676
2020-12-16,-8.1,11.31,50.85,7676
2020-12-17,-7.7,11.08,51.46,7676
2020-12-18,-2.5,5.76,51.11,7636
2020-12-21,-4.4,10.22,50.26,7636
2020-12-22,-2.7,10.86,49.75,7636
2020-12-23,-1.6,6.68,49.61,7636
2020-12-24,2.1,9.22,51.28,7636
2020-12-28,0.4,0,51.07,7636
2020-12-29,1.1,6.29,50.97,7636
2020-12-30,-6.6,11.27,51.05,7636
2020-12-31,-7.3,10.65,51.14,7636
2021-01-04,-4,9.88,52.49,7636
2021-01-05,-2.8,9.58,50.5,7636
2021-01-06,-5.9,11.34,53.51,7636
2021-01-07,-3.5,11.87,54.52,7636
2021-01-08,-6.5,11.78,54.58,7636
2021-01-11,-5.4,4.71,55.33,7636
2021-01-12,-4.7,10.82,55.71,7636
2021-01-13,-1.4,10.12,56.44,7636
2021-01-14,-0.6,11,55.7,7636
2021-01-15,2.1,7.64,55.39,7636
2021-01-18,-2.7,4.71,54.19,7636
2021-01-19,-4.6,12.67,55.19,7636
2021-01-20,-3.3,12.39,56.24,7636
2021-01-21,1.2,8.95,55.49,7636
2021-01-22,4.7,5.95,55.2,7636
2021-01-25,3.4,9.58,55.41,7636
2021-01-26,2.4,2.77,55.32,7636
2021-01-27,2.9,11.67,55.74,7636
2021-01-28,-0.4,8.74,54.77,7636
2021-01-29,-4.2,14.8,54.65,7636
2021-02-01,2.6,5.08,55,7636
2021-02-02,-0.6,15.4,56.77,7636
2021-02-03,-1.3,15.07,57.64,7636
2021-02-04,0.3,15.68,58.36,7636
2021-02-05,-0.9,11.26,58.94,7636
2021-02-08,0.2,16.02,59.8,7636
2021-02-09,-0.7,16.1,60.49,7636
2021-02-10,0.4,14.34,60.39,7636
2021-02-15,5,11.47,62.48,7636
2021-02-16,0.3,12.95,62.3,7636
2021-02-17,-3.6,17.7,62.8,7636
2021-02-18,-2.4,17.42,63.26,7636
2021-02-19,0.2,17.39,60.83,7636
2021-02-22,5.7,15.51,61.28,7636
2021-02-23,3.5,17.62,63.54,7636
2021-02-24,3.8,16.29,62.89,7636
2021-02-25,3.2,6.19,65.39,7636
2021-02-26,6.4,16.04,64.29,7636
2021-03-02,3.7,8.27,61.41,7636
2021-03-03,4.6,16.54,61.44,7636
2021-03-04,5.5,9.58,63.11,7636
2021-03-05,8.8,14.45,66.37,7636
2021-03-08,6.5,19.7,68.32,7636
2021-03-09,8,16.7,66.4,7636
2021-03-10,7.7,20.44,65.3,7636
2021-03-11,9.9,19.34,66.82,7636
2021-03-12,7.4,3.31,67.9,7636
2021-03-15,10,16.54,68.25,7636
2021-03-16,14.2,21.11,66.46,7770
2021-03-17,11.3,20.89,66.57,7770
2021-03-18,12.8,16.7,65.29,7770
2021-03-19,13.2,16.61,62.2,7770
2021-03-22,8.5,23.45,63.18,7770
2021-03-23,10.2,21.86,63,7770
2021-03-24,9.3,17.41,60.98,7774
2021-03-25,12.8,22.2,62.43,7774
2021-03-26,14.9,19.68,62.07,7774
2021-03-29,13.1,20.98,63.11,7774
2021-03-30,15.1,24.23,63.9,7774
2021-03-31,14.9,24.06,63.36,7774
2021-04-01,13.3,20.23,61.51,7774
2021-04-02,17.5,17.79,61.6,7774
2021-04-05,12.1,25.35,61.91,7774
2021-04-06,14.6,22.81,61.34,7774
2021-04-07,15.8,24.36,60.88,7774
2021-04-08,15.5,25.12,61.24,7774
2021-04-09,11.7,18.45,60.94,7774
2021-04-12,12.7,5.86,61.1,7774
2021-04-13,13.7,16.81,61.58,7374
2021-04-14,14.1,26.97,62.56,7374
2021-04-15,12.5,21.44,64.17,7374
2021-04-16,14,14.54,65.12,7374
2021-04-19,16.4,27.02,64.83,7374
2021-04-20,19.1,24.88,65.74,7374
2021-04-21,21.8,23.24,63.71,7374
2021-04-22,22.5,20.8,62.25,7374
2021-04-23,15.8,5.46,62.93,7374
2021-04-26,18.7,27.17,62.37,7374
2021-04-27,19.3,18.28,63.27,7374
2021-04-28,20.7,18.56,63.57,7374
2021-04-29,18.5,18.36,65.1,7374
2021-04-30,19.6,15.33,65.27,7374
2021-05-03,19.1,27.78,64.38,7374
2021-05-04,15.9,8.83,65.83,7374
2021-05-06,17.3,22.87,67.17,7374
2021-05-07,16.3,17.61,65.9,7374
2021-05-10,12,2.89,66.74,7374
2021-05-11,15.5,17.37,65.54,7374
2021-05-12,19.9,26.59,66.56,7374
2021-05-13,24,27.93,65.37,7374
2021-05-14,24.2,23.02,65.26,7374
2021-05-17,17.7,4.54,67.17,7374
2021-05-18,20.1,17.23,68.41,7374
2021-05-20,17.6,4.52,65.03,7374
2021-05-21,17.2,4.44,63.25,7374
2021-05-24,25.3,22.89,66.26,7208
2021-05-25,15.5,19.14,67.37,7208
2021-05-26,17.7,15.28,66.835,7208
2021-05-27,18.6,11.08,66.41,7208
2021-05-28,16.5,12.92,67.41,7208
2021-05-31,23,16.11,67.94,7208
2021-06-01,25.1,23.04,69.1,7908
2021-06-02,26.5,25.98,69.21,7908
2021-06-03,20.3,5.63,69.97,7908
2021-06-04,23.3,27.29,70.1,7908
2021-06-07,24.1,19.76,70.03,7908
2021-06-08,28.8,26.07,69.34,7908
2021-06-09,30.6,26.07,71.14,7908
2021-06-10,27.5,20.93,70.71,7908
2021-06-11,24.2,10.79,71.18,7908
2021-06-14,26.8,20.83,72.01,7908
2021-06-15,23.1,7.4,71.79,7908
2021-06-16,23.3,15.84,72.78,7908
2021-06-17,22,9.76,72.35,7908
2021-06-18,22.1,9.68,70.98,7908
2021-06-21,28.8,24.05,71.79,7908
2021-06-22,26.6,11.36,72.52,7908
2021-06-23,21.2,11.14,73.43,7908
2021-06-24,25.7,27.75,73.73,7908
2021-06-25,30.3,26.14,73.46,7908
2021-06-28,25.7,17.68,73.88,7908
2021-06-29,31.6,26.7,72.85,7908
2021-06-30,26.8,11.62,72.87,7908
2021-07-01,29.1,25.06,73.85,8488
2021-07-02,27.6,19.94,74.09,8488
2021-07-05,24.2,12.68,74.68,8488
2021-07-06,24.5,9.67,75.88,8488
2021-07-07,26.5,10.92,73.29,8488
2021-07-08,27.2,19.02,70.63,8488
2021-07-09,28.3,17.69,73.03,8488
2021-07-12,31,26.89,73.54,8488
2021-07-13,33.8,22.63,74.36,8488
2021-07-14,35.7,27.42,74.72,8488
2021-07-15,29.1,14.75,72.23,8488
2021-07-16,30.1,25.72,72.18,8488
2021-07-19,31.3,19.17,71.68,8488
2021-07-20,34.1,21.1,71.565,8488
2021-07-21,32.8,25.57,68.67,8488
2021-07-22,32.6,25.11,71.43,8488
2021-07-23,33.6,26.46,72.25,8488
2021-07-26,35.2,24,71.59,8488
2021-07-27,35.7,24.76,73.02,8488
2021-07-28,35.6,23.13,72.82,8488
2021-07-29,35.6,24.46,73.68,8488
2021-07-30,35.6,18.11,73.9,8488
2021-08-02,29.5,17.85,73.28,9070
2021-08-03,30.8,18.12,71.88,9070
2021-08-04,33.7,25.98,71.37,9070
2021-08-05,36.7,27.51,68.8,9070
2021-08-06,37,22.59,70.72,9070
2021-08-09,30,20.86,69.935,9070
2021-08-10,27.7,13.14,68.91,9070
2021-08-11,29.2,21.92,69.77,9070
2021-08-12,31,18.19,70.52,9070
2021-08-13,27.3,12.5,70.03,9070
2021-08-17,27.6,17.6,68.45,9070
2021-08-18,25.8,10.85,68.58,9070
2021-08-19,26,13.24,65.35,9070
2021-08-20,26.9,18.95,65.37,9070
2021-08-23,24.5,4.33,66.09,9070
2021-08-24,25.4,4.4,68.7,9070
2021-08-25,25.1,5.22,69.69,9070
2021-08-26,27.6,16.64,70.11,9070
2021-08-27,25.4,6.22,70.76,9070
2021-08-30,25.9,10.26,71.13,9070
2021-08-31,24.7,6.29,71.19,9070
2021-09-01,22.1,2.72,70.43,9070
2021-09-02,24.3,9.25,69.74,9070
2021-09-03,24.9,16.2,71.26,9070
2021-09-06,23.4,13.04,69.99,9070
2021-09-07,22.6,3.16,70.35,9036
2021-09-08,26.4,19.81,69.78,9036
2021-09-09,25,15.83,70.65,9036
2021-09-10,25.1,12.11,70.85,9036
2021-09-13,25.3,14.3,71.73,9036
2021-09-14,22.7,11.75,72.29,9236
2021-09-15,24.3,20.6,72.26,9236
2021-09-16,23.5,16.01,73.09,9236
2021-09-17,20.9,3.66,73.06,9236
2021-09-23,21.4,18.12,74.11,9236
2021-09-24,21.8,15.25,74.77,9236
2021-09-27,25.6,14.74,76.17,9236
2021-09-28,25.1,9.59,77.34,9236
2021-09-29,21.9,3.75,75.7,9170
2021-09-30,25.1,16.77,75.92,9170
2021-10-01,23.7,14.29,75.68,9204
2021-10-05,26.2,18.28,79.57,9204
2021-10-06,22.7,5.27,80.55,9204
2021-10-07,25.5,12.09,77.41,9204
2021-10-08,21.8,3.54,81.23,9404
2021-10-12,17.6,3.86,82.07,9404
2021-10-13,18.9,8.27,81.43,9404
2021-10-14,20.7,14.99,82.28,9404
2021-10-15,20.8,6.67,82.99,9404
2021-10-18,13.3,17.7,83.89,9404
2021-10-19,14.1,11.35,83.03,9404
2021-10-20,14.3,15.35,82.56,9404
2021-10-21,13.7,14.52,83.12,9404
2021-10-22,14.2,14.53,82.57,9404
2021-10-25,14.2,14.7,84.37,9565
2021-10-26,12.4,13.5,83.94,9608
2021-10-27,13.7,12.87,83.46,9608
2021-10-28,13.5,14.81,81.91,9608
2021-10-29,13.1,12.21,82.57,9608
2021-11-01,13.7,13.47,81.99,9608
2021-11-02,12.1,13.27,83.31,9650
2021-11-03,12.7,14.15,81.89,9650
2021-11-04,12.1,13.12,81.555,9650
2021-11-05,12.1,11.13,79.48,9650
2021-11-08,9.4,1.58,81.99,9650
2021-11-09,7.6,6.58,82.24,9650
2021-11-10,7.7,6.1,83.97,9900
2021-11-11,8.1,11.69,81.83,10275
2021-11-12,6.5,13.29,81.57,10275
2021-11-15,7.7,11.73,80.89,10275
2021-11-16,7.4,11.69,81.96,10275
2021-11-17,7.5,12.08,81.01,10275
2021-11-18,8,10.74,78.66,10275
2021-11-19,8.5,11.16,80.89,10275
2021-11-22,7.2,8.01,78.42,10275
2021-11-23,5.3,9.82,78.47,10275
2021-11-24,5.4,6.67,81.86,10275
2021-11-25,6.4,10.96,81.44,10275
2021-11-26,4.1,11.63,77.38,10275
2021-11-29,4.9,10.67,75.17,10275
2021-11-30,3.2,1.2,71.88,10275
2021-12-01,1.1,11.81,71.13,10275
2021-12-02,0.4,11.42,69.13,10275
2021-12-06,2.7,9.2,70.12,10275
2021-12-07,4.1,8.76,73.22,10275
2021-12-08,3.7,9.71,73.83,10275
2021-12-09,3.4,6.12,74.48,10275
2021-12-10,4,3.47,72.73,10650
2021-12-13,1,11.09,74.11,10708
2021-12-14,1.4,7.77,73.39,10708
2021-12-15,4,4.73,72.01,10708
2021-12-16,3.8,4.15,73.37,10708
2021-12-17,0.3,9.77,73.36,10708
2021-12-20,1.9,4.84,70.11,10708
2021-12-21,2.9,9.12,70.56,10625
2021-12-22,2,9.2,72.56,10625
2021-12-23,1.4,9.89,73.54,10625
2021-12-24,2,6.14,74.37,10625
2021-12-27,-3.4,9.82,76.12,10625
2021-12-28,-2.6,9.92,76.47,10625
2021-12-29,-0.9,5.65,76.91,10625
2021-12-30,0.7,10.55,77.24,10625
2021-12-31,-2.5,11.26,77.12,10625
